:020000040800F2
:1000000000040020B9010008BB010008BB01000882
:10001000BB010008BB010008BB010008BB010008D0
:10002000BB010008BB010008BB01000899B900082A
:10003000BB010008BB010008BB010008ADBE000801
:10004000BB010008BB010008BB010008BB010008A0
:10005000BB010008BB010008CDBC0008F5BC0008CE
:100060001DBD000845BD00086DBD0008BB010008AE
:10007000BB010008BB01000889C90008BB010008DA
:1000800095BD0008BB010008BB010008BB010008CA
:10009000BB010008BB010008BB010008BB01000850
:1000A000BB010008BB0100081DC8000831C80008DA
:1000B000BB010008BB010008BB010008BB01000830
:1000C000BB010008F9BD0008BB010008BB01000826
:1000D000BB010008BB010008BB010008BB01000810
:1000E00072B6264880F30888254880F30988254899
:1000F00025490860022080F31488BFF36F8F03F056
:10010000A0FC0BF071FA4FF0553020491B4A914288
:100110003CBF41F8040BFAE71D49194A91423CBF24
:1001200041F8040BFAE71B491B4A1C4B9A423EBF9D
:1001300051F8040B42F8040BF8E700201849194A5B
:1001400091423CBF41F8040BFAE70BF007FB0BF0C0
:1001500003FB154C154DAC4203DA54F8041B8847D9
:10016000F9E708F085FF124C124DAC4203DA54F85F
:10017000041B8847F9E70BF0F0BA000000040020E8
:10018000000C00200000000808ED00E00000002046
:100190000004002084E70008000C0020A8110020C3
:1001A000A811002078310020E0000008E0000008DD
:1001B000E0000008E000000892E700F000F8FEE729
:1001C0002DE9F04FC1F80CD0C3689D46BDE8F08F13
:1001D000002383F311882846A04700200BF0A6FBDC
:1001E000FEE70BF0E7FA00DFFEE7000038B5124B40
:1001F00004461D682A6B1AB10023C2E9044338BDC6
:10020000182000F099F80246286378B100210B23EA
:1002100001209381C2E90401084B0949094DC2E953
:10022000011300231560C2E9044338BD4621064B83
:10023000064800F053F800BF000C0020ECDE05007B
:1002400034126DE60E33CDABBCE60008D4E60008F0
:1002500038B5194B1C68226B8AB113691749546968
:1002600003FB01F1164800FB0411A3FB003001332E
:1002700041EB0001C2E9043121F0004038BD1820F3
:1002800000F05AF80246206388B1012400250B23B0
:100290000A480C49C2E90445116001460A4D0B4C5D
:1002A00093810B4BC2E90154C2E9043138BD52219C
:1002B000084B094800F012F8000C00202DF45158AA
:1002C0002D7F954C0E33CDAB34126DE6ECDE050080
:1002D0002E7F954CBCE60008D4E60008144600B515
:1002E0001A460A4B0D461B6885B0DE6803464CB1C2
:1002F00007490191304607490294009500F03AF809
:1003000000F012F804490C46F3E700BF000C00208F
:1003100000E7000810E700080CE7000808B51346DE
:100320000022FFF7DBFF00BF062008B500F006FC47
:1003300001200BF0B3FC00BF024B0146186800F02F
:10034000EDBE00BF000C0020024B0146186800F013
:1003500065BF00BF000C00200CB400B583B004AB37
:1003600053F8042B019300F055F803B05DF804EB4B
:1003700002B070470EB400B5074A82B003AB014625
:10038000106853F8042B019300F044F802B05DF8B4
:1003900004EB03B0704700BF000C00209368013BE2
:1003A000002B936005DAD2F818C0634507DB0A29F1
:1003B00005D01368581C106008461970704700F08B
:1003C00063B900BF9BB1F8B5134406460F46541EEF
:1003D0005D1E01E0AC4208D03A46304614F8011FD9
:1003E000FFF7DCFF431CF5D1F8BD0020F8BD00206D
:1003F000704700BF936810B514461BB91846002318
:10040000636010BD00F08EF90023A36000236360D9
:1004100010BD00BF2DE9F04FA1B08B4691461C46A0
:10042000049018B1036A002B00F01381BBF80C3064
:10043000180740F18E80DBF81030002B00F0898027
:10044000002343F220020D9399F800300127824ED9
:100450000794ADF83920002B73D04D4603E015F812
:10046000013F002B7FD0252BF9D1B5EB090A7DD1B7
:100470002B78002B65D000234FF0FF320135CDE9FA
:10048000092308930B938DF863301E9306E02546ED
:10049000089B801B07FA00F0034308932C460522B3
:1004A00014F8011B304601F021FBA1460028EED1D3
:1004B000089BD90644BF20228DF863201A0748BF45
:1004C0002B22297848BF8DF863202A2964D1079A06
:1004D0001168043200290792C0F296800B91697866
:1004E0002E296FD05D4C0322204601F0FFFA38B16F
:1004F0004022089B001B8240134309F10109089325
:1005000019F8011B062256488DF8381001F0EEFA52
:1005100000287FD0534B002B69D007A900915A4681
:100520000498514B08A9AFF300800390039B01335B
:1005300007D00D9B039A13440D9399F80030002BBC
:100540008BD1BBF80C305B060AD40D9821B0BDE806
:10055000F08F5946049800F05FFF00283FF470AF19
:100560004FF0FF30F2E7B5EB090AEAD009F1FF38A6
:1005700005954546DDF8108001E0A2453ED92C46A0
:100580005A46404615F8011FFFF708FF02340130B4
:10059000A4EB0904F1D1D4E7A1F13002092A88BF04
:1005A000A9469DD80B9B00E00134217803EB83031F
:1005B00002EB4303A1F13002092AF5D92E29A14605
:1005C0000B938FD199F801102A292DD1079B09F19E
:1005D00002001A680433002A0793B8BF4FF0FF33B4
:1005E00099F8021009928146B8BF09937AE7079BF0
:1005F000073323F00703083307939AE70D99059D06
:1006000051442B780D9134E7494243F002030B919A
:10061000089364E707A900915A460498124B08A969
:1006200001F096F8039081E70023A1F13002092A36
:1006300009F1010909933FF655AF19F8011F03EBC2
:10064000830302EB4303A1F13002092AF5D9099390
:1006500048E700F0F9FBE9E640E7000848E7000852
:100660004CE7000800000000C50300088C4600B5F8
:1006700086461346034A714610685DF804EB6246ED
:10068000FFF7C8BE000C0020F8B506460D4614461C
:1006900010B1036A002B37D0A269A389A2601A07A0
:1006A00019D52369BBB122686169D31AEDB29942A9
:1006B0002F4620DD0133A1680139A160511C216062
:1006C000157062699A420DD0A389DB0701D50A2D06
:1006D00008D03846F8BD2146304600F09DFE38B9B6
:1006E0002369E0E72146304600F0B0FC0028F0D056
:1006F0004FF0FF37EDE72146304600F0A7FC002819
:10070000F6D101232268D6E700F09EFBC4E700BFC4
:1007100003460A46024908681946FFF7B5BF00BFFD
:10072000000C00209368002B00F0F0802DE9F04FC2
:10073000B1F90CC090461CF0080F81460C4683B0FE
:100740002BD00B694BB31CF00207D8F8006032D0F5
:100750004FF0000A5546D4F828B0216AAB4FC5B116
:10076000BD422B46524628BF3B464846D847002844
:1007700040F3C280D8F8083082441B1A2D1AC8F8FA
:100780000830002B00F0AE80D4F828B0216A002D8C
:10079000E6D1D6E900A50836E1E72146484600F053
:1007A0003BFE002840F0AD80B4F90CC0D8F80060E2
:1007B0001CF00207CCD11CF0010A63D15746236814
:1007C000A16818468B46002F58D01CF4007F00F01B
:1007D000B180B9420A4600F2DD801CF4906F2FD040
:1007E000216962695D1A02EB420202EBD2726B1C54
:1007F00052103B44934292BF93469B461A461CF4C8
:10080000806F00F0E6801146484600F087FC002823
:1008100000F0F5802A462169019000F05FFEA28970
:10082000019B22F4906242F08002A2815819C4F820
:1008300014B0ABEB05053A46BB462361A5602060CA
:100840003D4600275146019200F046FDA16823680D
:10085000019AA1EB0B011A44A1602260D8F808307C
:10086000AA445B1BC8F80830002B3BD02368A16862
:1008700018468B46B4F90CC0002FA6D1D6E900A7C4
:1008800008369EE73846BB463D46002D40D000283E
:1008900045D03A46D4E904C32068AA4228BF2A4674
:1008A0006045A16804D901EB030A524500F3828038
:1008B000934272DC5A464846216AD4F828C0E04781
:1008C000B0F1000A18DDB7EB0A070FD00120D8F805
:1008D0000830D344A3EB0A03A5EB0A05C8F8083097
:1008E000002BD2D1002003B0BDE8F08F214648464E
:1008F00000F0ACFB0028EAD0B4F90C3043F0400320
:10090000A3814FF0FF3003B0BDE8F08F00207047A7
:10091000756833460836002DFAD0D3F800B02A4661
:100920000A21584601F0E2F8002865D00130A0EB1A
:100930000B07AEE722699A4214D36569BD4211D80C
:100940006FF00043BB4228BF3B4693FBF5F3524692
:1009500005FB03F34846A56A216AA847051ECBDDBF
:100960007F1B7BE7B94228BF39460D4618465146E2
:100970002A4600F0B1FCA1682368491B2B44A16002
:1009800023600029ECD12146484600F05FFB002897
:10099000E6D0B1E7BB463A4652E75946019200F02D
:1009A0009BFC019AA36892469B1AA3602368134498
:1009B000236088E75946524600F08EFC23682146A2
:1009C00053444846236000F041FB00283FF47BAFCE
:1009D00092E7484600F0F8FD034600287FF426AF72
:1009E0004846216900F01AFC0C22B4F90C30C9F811
:1009F000002023F0800381E76A1C17464AE70C2297
:100A0000B4F90C30C9F8002078E700BF00FCFF7F84
:100A100038B5C46B0CB1002038BD8021054600F00C
:100A20007DFB0246E86330B1031F7C3243F8044F7C
:100A30009342FBD1EFE74FF0FF3038BD30B51F29AF
:100A4000054683B008D8C36B0C4653B153F8240055
:100A500043F8242003B030BD162303604FF0FF306D
:100A6000F8E78021019200F059FB019A0346E86300
:100A70000028F3D0011F00F17C05002041F8040F8D
:100A8000A942FBD1E2E700BF1F2938B505461ED8B1
:100A9000C26B0C466AB152F8213053B1012B06D01B
:100AA000591C10D00021204642F8241098470020FD
:100AB00038BD284601F0CCF8224601462846BDE85C
:100AC000384001F0B1B8162301202B6038BD162341
:100AD0004FF0FF302B6038BD1F292BD838B5C36BC2
:100AE0000C460546A3B153F8242003EB84034AB116
:100AF000511C0BD0012A07D0002520461D609047CD
:100B0000284638BD012038BD032038BD022038BD3D
:100B1000802100F003FB0346E86340B100201A1F68
:100B200003F17C0142F8040F8A42FBD1DBE74FF06E
:100B3000FF3038BD4FF0FF30704700BF38B5134B62
:100B40001F281D681DD8EA6B044662B152F8203098
:100B50004BB1012B05D0591C0FD0002142F82010B9
:100B60009847002038BD284601F072F82246014619
:100B70002846BDE8384001F057B8162301202B6005
:100B800038BD16234FF0FF302B6038BD000C00201D
:100B9000114B1F2870B51E6808D8F36B04460D462C
:100BA0004BB153F8240043F8245070BD1623336032
:100BB0004FF0FF3070BD8021304600F0AFFA0346A1
:100BC000F0630028F4D00021021F7C3042F8041F9B
:100BD0008242FBD1E5E700BF000C002038B50B4B8B
:100BE0001D68EC6B0CB1002038BD8021284600F058
:100BF00095FAE86338B1031F00F17C0243F8044F13
:100C00009342FBD1EFE74FF0FF3038BD000C0020DE
:100C100038B5174B1F281D6826D80446E86BA0B1CD
:100C200050F8242000EB84034AB1511C0BD0012A58
:100C300007D0002520461D609047284638BD01207A
:100C400038BD032038BD022038BD8021284600F081
:100C500065FAE86340B10021031F00F17C0243F80C
:100C6000041F9342FBD1DBE74FF0FF3038BD00BFDC
:100C7000000C002000207047024A0349034800F09E
:100C8000A9BB00BF500C00204D100008040C002030
:100C90000C4B416810B59942044601D000F0D6F9DA
:100CA000A168094B994202D0204600F0CFF9E168D3
:100CB000064B994204D02046BDE8104000F0C6B96A
:100CC00010BD00BFA81100201012002078120020D3
:100CD000002070472DE9F84300250423294C2A49B8
:100CE0000822C4F8381104F15C002946DFF89C9012
:100CF000DFF89C80274F284EC4E90335C4E900552E
:100D0000C4E90555A560656600F0C6F8234B0822C6
:100D1000294604F1C4006367C4E90849C4E90A87A5
:100D2000C4E91A55C4E91E5526632567C4F8CC509A
:100D3000C4F8805000F0B0F8194B2946C4F8DC30F4
:100D4000082204F1680304F59670C4F88830C4E9F9
:100D50002398C4E92576C4E93455C4E93855C4F864
:100D6000D850C4F83451C4F8E85000F095F804F1B4
:100D7000D003C4E93D98C4E93F76C4F8F030BDE83B
:100D8000F88300BFA8110020790C0008851B00081B
:100D9000AD1B0008ED1B0008111C00080900010034
:100DA00012000200F8B5254B0646D3F83831002B67
:100DB0003CD0234FD7E90134013B04D51DE05A1C38
:100DC00004F1680419D0B4F90C50013B002DF6D1A0
:100DD0001C4B08222946C4E90155C4E90455E360C7
:100DE00065662560A56104F15C0000F055F8C4E972
:100DF0000D55C4E912552046F8BD3D680DB12F468A
:100E0000D8E74FF4D671304600F088F9044680B137
:100E100004230560294625460C304FF4D072A060AB
:100E2000636000F039F83C602F46C3E7FFF752FFDC
:100E3000BFE70C2338603360DDE700BFA811002056
:100E4000500C00200100FFFF036A03B17047044B00
:100E5000044AD3F838310262002BF7D13AE700BFD9
:100E6000A8110020910C0008704700BF704700BF18
:100E70000020024A024900F0ADBA00BF500C002029
:100E8000750C00080020024A024900F0A3BA00BF16
:100E9000500C0020D10C000870B5860747D0541EB6
:100EA000002A3ED00346CAB201E0013C39D303F820
:100EB000012B9D07F9D1032C2CD9CDB205EB0525CB
:100EC0000F2C1A4605EB054534D9A4F1100C2CF073
:100ED0000F0603F1100EB6444FEA1C1CC2E9005580
:100EE000C2E9025510327245F8D10CF1010214F03A
:100EF0000C0F03EB021204F00F0C13D0ACF104033F
:100F000023F003030433134442F8045B9342FBD100
:100F10000CF003042CB1C9B21C4403F8011BA3421A
:100F2000FBD170BD64461346002CF4D1F9E70346AB
:100F30001446C0E7A446E1E7F8B5B1F90C300C4619
:100F40001E07074639D44A68002A53DDE56A002D9A
:100F500031D000223E683A6013F48052216A55D1A4
:100F600001233846A847451C024663D0B4F90C302B
:100F7000E56A216A580705D56368D21A636B0BB11D
:100F8000236CD21A00233846A847421C40D00022C6
:100F9000236962602360A389DB0400D56065616B0F
:100FA0003E6041B104F14403994202D0384600F05A
:100FB00035F9002363630020F8BD0E69002EFAD0D6
:100FC0009B0718BF00230D6808BF4B690E60AD1B5F
:100FD0008B600CE02B463246D4F828C03846216A94
:100FE000E047B0F1000CA5EB0C05664406DD002DD2
:100FF000F0DCE0E70A6C002AA8DCDCE7B4F90C308E
:1010000043F040034FF0FF30A381F8BD626DB1E7BC
:101010003968B4F90C301D29F2D80B4ACA40D507FB
:10102000EED50022626022692260DA04B7D5002979
:10103000B4D0B4E73B68002B98D01D2B01D0162B01
:10104000DCD13E60B7E700BF010040200B69B3B1BF
:1010500010B5044682B008B1036A5BB1B1F90C3037
:1010600013B9002002B010BD204602B0BDE8104008
:10107000FFF762BF0191FFF7E7FE0199EEE700205D
:10108000704700BFB8B138B50D4A0369044615680A
:101090002BB10DB12B6A53B1B4F90C300BB9002050
:1010A00038BD21462846BDE83840FFF745BF2846F1
:1010B000FFF7CAFEF0E7034A0349044800F08AB983
:1010C000000C0020500C00204D100008040C0020E3
:1010D00070B5114E054633680C46BBB12146284613
:1010E0000AF0BCFD431C01460CD0C41C24F00304D0
:1010F000A04205D02846611A0AF0B0FD013001D0A7
:10110000204670BD4FF0FF34204670BD19460AF0EE
:10111000A5FD3060E2E700BFE41200202DE9F843AE
:10112000CD1C25F0030508350C2D38BF0C25002DEE
:10113000064618DBA94216D8DFF8DC8000F04AFC2E
:10114000D8F80420A2B1144603E0636822467BB1BC
:101150001C4623685B1BF8D40B2B1FD89442636892
:1011600054D053600CE00C2333600020BDE8F883BA
:1011700029463046FFF7ACFF431C044619D00560F2
:10118000304600F029FC04F10B00231D20F007007D
:10119000C21A1CBF1B1AA350BDE8F8836119944200
:1011A000256014BF5160C8F80410635163684B6038
:1011B000E6E7D8F804701FB33C467F68002FFBD1E8
:1011C00023683946304604EB03090AF047FD8145A0
:1011D00016D123683046ED1A2946FFF779FF013012
:1011E0000ED02368D8F804202B442360536883B1C1
:1011F000A34203D01A465B689C42FBD10023B0E7B0
:101200000C233046336000F0E7FBAEE7C8F804304B
:10121000B6E7C8F80470B3E7E4120020002950D004
:1012200038B551F8043C0C1F002BB8BFE418054634
:1012300000F0D0FB274A13682BB1A3420CD92168D8
:10124000601883422CD0284663601460BDE83840A3
:1012500000F0C2BBA3420FD81A465B68002BF9D13D
:1012600011685018844217D02CD36360546028460C
:10127000BDE8384000F0B0BB11685018A04214D04F
:1012800020D8216860188342EFD118685B68084451
:10129000C4E900035460EAE723680B441360E6E7FF
:1012A00018685B6808442060CDE720680144501846
:1012B00083421160DBD1D3E900040144C2E9001488
:1012C000D5E770470C2328462B60BDE8384000F076
:1012D00083BB00BFE812002088420ED98B188342DE
:1012E0000BD900EB020C002A6DD0624613F801CD39
:1012F000994202F801CDF9D170470F2A0FD8034661
:1013000002F1FF3C002A5ED00CF1010C013B8C4441
:1013100011F8012B614503F8012FF9D1704740EA1C
:1013200001039B0750D1A2F1100370B501F1200C0D
:1013300023F00F0501F1100E00F11004AC441B095D
:101340005EF8105C0EF1100E44F8105C5EF81C5C48
:10135000103444F81C5C5EF8185C44F8185C5EF8C5
:10136000145CE64544F8145CEAD1013312F00C0F2A
:1013700001EB031102F00F0400EB031328D08E469B
:10138000043C24F003064FEA940C1E441C1F5EF834
:10139000045B44F8045FB442F9D10CF1010402F09B
:1013A000030203EB840301EB840102F1FF3C4AB129
:1013B0000CF1010C013B8C4411F8012B614503F841
:1013C000012FF9D170BD7047034602F1FF3C9BE746
:1013D0002246EAE72DE9F8434FF0000980460F4620
:1013E0001646D6E90154013D10D4A389012B08D932
:1013F000B4F90E30013304D021464046B84749EADB
:101400000009013D6B1C04F16804EED13668002E22
:10141000E7D14846BDE8F88338B52F4B05461B6831
:101420000C4613B11A6A002A4BD0B4F90C301807D5
:101430001CD5226922B313F0010107D00020616995
:10144000A0604942A1613AB1002038BD980758BF59
:101450006169A160002AF7D1190658BF1046F4D57A
:1014600043F04003A3814FF0FF3038BDD9062CD59F
:101470005A0712D4226943F00803A381002ADAD163
:1014800003F42071B1F5007FD5D02146284600F045
:10149000A5FAB4F90C302269CDE7616B51B104F1C2
:1014A0004402914204D02846FFF7B8FEB4F90C304C
:1014B000002262630021226923F02403C4E9002191
:1014C000D9E71846FFF7C0FCAFE7092243F0400315
:1014D0002A60A381C7E700BF000C0020844641EAD0
:1014E000000313F0030349D1403A23D30B68036090
:1014F0004B6843608B688360CB68C3600B69036192
:101500004B6943618B698361CB69C3610B6A036279
:101510004B6A43628B6A8362CB6AC3620B6B036361
:101520004B6B43638B6B8363CB6BC3634030403146
:10153000403ADBD230320BD30B6803604B68436018
:101540008B688360CB68C36010301031103AF3D2DF
:101550000C3205D351F8043B40F8043B043AF9D26D
:10156000043208D0D2071CBF11F8013B00F8013B40
:1015700001D30B8803806046704700BF082A13D34D
:101580008B07B1D010F00303AED0C3F10403D21A1D
:10159000DB071CBF11F8013B00F8013BA4D331F875
:1015A000023B20F8023B9FE7043AD9D3013A11F8F5
:1015B000013B00F8013BF9D20B7803704B78437084
:1015C0008B788370604670472DE9F041144641B333
:1015D0000AB306460D4600F01FFB8442074602D8B8
:1015E000B4EB500F13D821463046FFF797FD8046E5
:1015F00050B1BC422246294628BF3A46FFF76EFF4B
:1016000029463046FFF70AFE4046BDE8F081A8466D
:101610004046BDE8F081A046FFF700FE4046BDE829
:10162000F0811146BDE8F041FFF778BD2DE9F84F94
:1016300092461F460A698B680C469A42B8BF1A4602
:10164000CAF8002091F843300646DDF8289013B11F
:101650000132CAF80020226891065FD5DAF800301E
:101660000233CAF80030226812F0060F11461DD16D
:10167000E1689942D8BF114618DD4FF0000804F127
:10168000190B05E0E568DAF80030ED1A45450CDD88
:1016900001235A4639463046C847013008F101084F
:1016A000F0D14FF0FF30BDE8F88F216894F8433057
:1016B000003B18BF01238A060AD53021E21882F8C0
:1016C000431094F845105A1C2244023382F8431008
:1016D0003946304604F14302C8470130E1D0D4E92D
:1016E00002202368DAF8005003F00603042B216976
:1016F0001BD08A4220DD4FF00008521A904400258A
:101700001A3401E0454517DA0123224639463046AE
:10171000C847013005F10105F4D1C2E712F0060F08
:101720000DD0003B18BF0123D2E7401B8A4220EABC
:10173000E078E2DC0028E2DC0020BDE8F88FE16818
:10174000DAF800309942D8BF114696DCAEE700BF08
:101750002DE9F04717460A7E84B00C4606469846A7
:101760000C9D01F1430C002A35D0A2F15803D9B2E7
:10177000202969D8202B67D8DFE813F0E60066003F
:101780006600660066006600660066006600660029
:101790006600AC00700066006600660066007000BF
:1017A000660066006600660021008300C6006600D1
:1017B0006600B6006600830066006600EC002B68D9
:1017C0002268181D6169286010061B6802D4520641
:1017D00000F1E08019600023E14623613B46214689
:1017E0003046CDF8008003AAFFF720FF013020D05B
:1017F0004A46394630462369C047013019D023682C
:10180000E0689B07DDF80C9018D5484516DD0025EB
:1018100004F1190A04E0E068A0EB0903AB420DDD16
:101820000123524639463046C047013005F10105D3
:10183000F1D14FF0FF3004B0BDE8F0874845B8BFA4
:10184000484604B0BDE8F087012084F8422004F146
:1018500042090023206184F84330BFE72A682368E7
:10186000111D1806296002D4590600F195801068F0
:10187000014600286268C0F293804FF00A0E534878
:1018800015E020682B6810F0800F53F8041B02D17C
:10189000400648BF89B26F2A14BF4FF00A0E4FF0BE
:1018A000080E4A482B600023626884F84330002AFF
:1018B000A26051DB236823F00403236000294BD18D
:1018C000002A7BD1E146BEF1080F56D0ACEB0903EC
:1018D000236183E72A680120116804322A6004F139
:1018E000420984F84210B4E72B6800211A1D2A60CF
:1018F000D3F800906268484600F0F8F8002863D0FA
:10190000A0EB09006060A4E7236843F02003236094
:1019100078222F4884F845202A6813F0800F52F867
:10192000041B03D113F0400F18BF89B22A60DA07F5
:1019300044BF43F02003236019B9236823F0200338
:1019400023604FF0100EAEE75823204884F845304E
:101950002368E1E72368DBE77546E146B1FBF5F371
:101960000A4605FB131A194610F80A30AA4209F86C
:10197000013DF3D2BEF1080FA8D12368DD07A5D53C
:10198000626823699A42A1DC302309F1FF3989F8A2
:1019900000309BE719801EE7B2F90010084668E79F
:1019A0002D20002AA26084F8430002DB23F0040308
:1019B00023600A250548AE464942CEE7037804F184
:1019C000420984F842307EE7606842E754E7000845
:1019D00068E70008704700BF704700BF70B5B1F9F5
:1019E0000C300C46990796B007D5012204F1470345
:1019F000C4E90432236016B070BDB4F90E10054678
:101A0000002929DB6A460AF01AF9002822DB4FF484
:101A100080612846019EFFF781FB88B3A38906F405
:101A2000704643F08003A3814FF48063B6F5005FF6
:101A3000C4E904032060DED12846B4F90E100AF090
:101A40000AF90028D7D0A38923F0030343F0010348
:101A5000A381D0E7B4F90C3013F0800F14BF4026F7
:101A60004FF4806628463146FFF758FB40B1A38902
:101A7000C4E9040643F080032060A38116B070BD62
:101A8000B4F90C309A05B6D4012123F0030304F114
:101A9000470243F00203C4E90421A3812260AAE7BC
:101AA00070B50C46B1F90E10154600291E4696B0C9
:101AB0000FDB6A460AF0C3F800280ADB019B4FF4EB
:101AC000806203F47043A3F50053B3FA83F35B0918
:101AD00007E0A289002312F0800F14BF40224FF4C8
:101AE0008062002033602A6016B070BD5FFA81FC0E
:101AF000810744D00346511E22B909E09A0709D054
:101B0000013905D31846027801336245F6D1704792
:101B100000207047184603290CD80029F8D0034646
:101B2000014401E08B42F3D0184613F8012B6245C3
:101B3000F8D1704710B50CEB0C24024604EB0444BA
:101B400002E00439032915D9104652F8043B6340DA
:101B5000A3F1013E2EEA030313F0803FF1D00346C8
:101B6000014401E08B4208D0184613F8012B62456E
:101B7000F8D110BD10460029F1D1002010BD11464A
:101B8000C9E700BF10B50C46B1F90E100AF04EF8C7
:101B9000002803DB636D0344636510BDA38923F450
:101BA0008053A38110BD00BF002070472DE9F04194
:101BB0000C46B1F90C101F46CB05054616460BD452
:101BC00021F48051A1813B4632462846B4F90E10DB
:101BD000BDE8F0410AF02FB8B4F90E10022300223C
:101BE0000AF02BF8B4F90C10EAE700BF10B50C4668
:101BF000B1F90E100AF021F8B4F90C30421C0EBFF6
:101C000023F4805343F480536065A38110BD00BF6B
:101C1000B1F90E100AF008B851F8043C181F002B57
:101C2000BCBF0B58C018704770B50026074D04465E
:101C3000084611462E600AF03BF8431C00D070BDE8
:101C40002B68002BFBD0236070BD00BFEC1200207E
:101C50000AF038B8032A30B415D941EA0004A407C1
:101C600084460B4604D0541E0FE0043A032A08D9D8
:101C70001946604653F8044B5CF8045BA542F4D067
:101C8000F1E760461946541E7AB1431E0139021924
:101C900001E09A4209D013F8010F11F801CF604515
:101CA000F7D0A0EB0C0030BC7047002030BC704770
:101CB0007BB972B90029BEBF00204FF0004106E099
:101CC00008BF00281CBF6FF000414FF0FF3000F04C
:101CD000B1B9ADF1080C6DE904CE002909DB002B88
:101CE0001ADB00F04DF8DDF804E0DDE9022304B072
:101CF0007047404261EB4101002B1BDB00F040F8D4
:101D0000DDF804E0DDE9022304B0404261EB41016B
:101D1000524263EB43037047524263EB430300F0CC
:101D20002FF8DDF804E0DDE9022304B0404261EB66
:101D300041017047524263EB430300F021F8DDF8A4
:101D400004E0DDE9022304B0524263EB4303704731
:101D500053B94AB9002908BF00281CBF4FF0FF3112
:101D60004FF0FF3000F066B9ADF1080C6DE904CE1C
:101D700000F006F8DDF804E0DDE9022304B0704766
:101D80002DE9F047089D0E4604468E46002B4CD1A7
:101D90008A429446B2FA82F362D953B102FA03FC42
:101DA000C3F1200201FA03FE20FA02F242EA0E0E0B
:101DB0009C404FEA1C47BEFBF7F11FFA8CF607FB6D
:101DC00011EE01FB06F0220C42EA0E4290420AD9C3
:101DD0001CEB020201F1FF3E80F00E81904240F2C6
:101DE0000B8102396244121AB2FBF7F007FB102292
:101DF00000FB06F6A4B244EA0244A6420AD91CEB50
:101E0000040400F1FF3280F0F980A64240F2F6802F
:101E10006444023840EA01400021A41B1DB1DC40AB
:101E20000023C5E90043BDE8F0878B4205D90DB119
:101E3000C5E9000100210846F5E7B3FA83F100295E
:101E400042D1B34202D3824200F2EE80841A66EBA2
:101E5000030201209646002DE5D0C5E9004EE2E7D9
:101E6000002B40F08C80881A0121170C96B2B0FB31
:101E7000F7FE07FB1E00220C42EA004206FB0EF0B2
:101E8000904208D91CEB02020EF1FF3802D29042B8
:101E900000F2CC80C646121AB2FBF7F007FB102204
:101EA00000FB06F6A4B244EA0244A64208D91CEBA1
:101EB000040400F1FF3202D2A64200F2B2801046C2
:101EC000A41B40EA0E40A9E7C1F120078B4022FA8B
:101ED00007FC4CEA030C26FA07FA4FEA1C48BAFB47
:101EE000F8FE06FA01F308FB1EAA1FFA8CF620FA88
:101EF00007F400FA01F90EFB06F023431C0C44EA38
:101F00000A44A04202FA01F20BD91CEB04040EF1C0
:101F1000FF3A80F08480A04240F28180AEF1020E50
:101F20006444241A98B2B4FBF8F308FB134403FB8F
:101F300006F640EA0444A64208D91CEB040403F167
:101F4000FF3068D2A64266D9023B644443EA0E40A1
:101F5000A41BA0FB02E6B4427346B04652D34FD056
:101F60005DB1B9EB030264EB080404FA07F722FA47
:101F700001F31F43CC40C5E90074002153E702FA86
:101F800003FCC3F12000C1404FEA1C47B1FBF7FE40
:101F900007FB1E1124FA00F09E403043020C1FFA8A
:101FA0008CF642EA01420EFB06F1914204FA03F478
:101FB00009D91CEB02020EF1FF382ED291422CD926
:101FC000AEF1020E6244521AB2FBF7F107FB112286
:101FD00080B240EA024001FB06F2824208D91CEBC3
:101FE000000001F1FF3814D2824212D90239604454
:101FF000801A41EA0E413AE77146F4E6104609E7D5
:10200000F145ADD2BEEB020366EB0C060138B046DB
:10201000A6E74146ECE7034698E7C646D3E7D6462F
:102020007FE7644402384BE7084614E7AEF1020E3E
:10203000624430E7704700BF4F2814D8312806D8D3
:1020400015280BD8072894BF002001207047074BA4
:102050003238C0B2C34003F001007047A0F123033F
:102060005842584170470020704700BF01100020BF
:10207000002210B5084B9C78844202D11C888C4207
:1020800007D00332B2F5C07F03F10603F3D100207D
:1020900010BD0120FCE700BFF22B002010B5094C59
:1020A0000B78246820F823400B7800EB8300012391
:1020B00083700B780133B3FBF2F000FB12330B702B
:1020C00010BD00BFEC2B00200023074A12F823109C
:1020D00041B90133182BF9D1044B1870044B1A681D
:1020E000044B1A80704700BFC428002068110020EC
:1020F000EC2B0020BE2800206E22074B5B5C534374
:10210000FF22B3FBF2F3C3F1A0039BB25843642355
:10211000B0FBF3F080B27047B028002001214FF4EB
:102120003470FFF7E9BF02214FF48270FFF7E4BF7C
:102130000421DC20FFF7E0BFC0F3CA03410442BF23
:10214000C3F5FF6307339BB2084A190A10B5545C04
:10215000C3F34602064B33F8113004FB023302048A
:102160009BB244BF5B429BB218B210BD8CDE00082C
:1021700094DE0008044B186880EA403080EA504042
:1021800080EA40101860704764110020002819DDB3
:10219000B0F5004F18DA80FB0032DB0B43EA424314
:1021A000D113C217D0F5404062EB42025A4300FB04
:1021B0000122A3FB00300244D8185241C00B40EA70
:1021C00042407047002070474FF4004070470000C5
:1021D0000E4A08B511680E4B1960FFF7CBFF44F2A9
:1021E0006923B0FBF3F101FB1300A0F50450343870
:1021F0001060FFF7BFFF8323B0FBF3F202FB130075
:10220000044B5A300003186008BD00BFA42800200A
:10221000A02800209C2800202DE9F74F8246184670
:10222000894617469846FFF787FF044608F5804021
:1022300080B2FFF781FF564B834618684FF4206247
:1022400000FB0AF0B0F5004FA8BF4FF4004020EAB1
:10225000E070C0F500400023C117FFF729FD0BFB1C
:1022600001FC4FEAEB7202FB00CC0346ABFB002EF5
:10227000F444D20B42EA4C4209EB020C4FF016092F
:102280006143E21702FB0011A4FB03321144DB0B94
:1022900043EA41436442F81884FB0943E40B44EAEF
:1022A00043448BFB09B34FEADB3B4BEA434B0BFB4D
:1022B0000A0301936FF00F0304FB0AC6A3EB0C079C
:1022C000ACF1F00C6745B8BF67466FF0070227EA2C
:1022D000E777111A8F42B8BF0F4648388742B8BF18
:1022E00007464FF0110B0AEB4A01C1EBC10101EBAC
:1022F000811149008DB24046FFF71EFF044608F5E4
:10230000804080B2FFF718FF84FB09C14FEADC3C34
:102310004CEA414C414281FB091E019BC90B41EA39
:102320004E4101FB0A316FF00F030CFB0A6CA3EB6B
:102330000C0EACF1F00CF4456FF00702B8BFF44698
:10234000A2EB010EE645B8BFE64648398E45B8BF58
:102350008E460D99DDF830C084FB0141CCFB004175
:102360007745B8BF7746644261EB4101E40B44EA2C
:10237000414408498C4207DB0BF1FF3BA8441BF0AA
:10238000FF0B1FFA88F8B6D1384603B0BDE8F08FCE
:102390009828002068A6FFFF431E0A2B07B519D90D
:1023A000114B9978DA785B788DF805108DF8043048
:1023B0008DF8062000209DF8043063F307009DF897
:1023C000053063F30F209DF8063063F3174003B028
:1023D0005DF804FB054900EB40000144032201A81D
:1023E000FFF77CF8E6E700BFA8280020F32E0020C6
:1023F000124B1B789B08113B052B1DD8DFE803F01F
:10240000181C090E14030138C0B2062828BF00208A
:102410007047431E58425841C0007047012808BF0A
:10242000092018BF00207047012808BF0A20F8E7DC
:10243000012808BF0B20F4E700207047A8280020DF
:10244000044B1B789B08162B01D0012801D1024BAD
:1024500018707047A828002063110020054B1878D9
:102460000B2803D00C2803D0FFF7C2BF062070470B
:10247000072070476311002010F0020F0CBF1022DC
:102480004FF48012014B9A61704700BF0008004072
:102490000123034A8340107820EA0300107070473C
:1024A000532700200123034A8340107858401070BE
:1024B000704700BF5327002001F00703C90830B55B
:1024C00001EB4101012401390A4400219C40E4B29E
:1024D00012F8015F20FA01F343F300036B4023403D
:1024E00001315D4003291570F2D130BD002210B5D5
:1024F00000F00704C00800EB4000014410468B5C6C
:10250000E34003F00103934001321843032AC0B2B1
:10251000F5D110BD17B40C46C1B2C0F30720052891
:102520000BD80E290FD8C0EB00100144074A89B21E
:10253000204603B010BCFFF7BFBF031DDBB2012B69
:1025400001D8034AF4E703B010BC704713270020FA
:1025500010270020C3B2C0F30720052882B009D895
:102560000E2B0ED8C0EB00101844074980B202B001
:10257000FFF7BCBF0430C0B2012802D81846034997
:10258000F5E7002002B07047132700201027002035
:1025900030B50124084D04FA01F12B7804FA00F05B
:1025A0000843C1B21840814204FA02F406BF234333
:1025B000DBB2A3432B7030BD53270020054B064AE6
:1025C0001B7812789A4200D17047013303F0070359
:1025D000F8E700BF5A2700205927002010B5094905
:1025E0000B7823EA000010F00704087009D1984224
:1025F00007D0054B5B785B0703D5C008FFF748FFA2
:102600000C7010BD5427002056270020F0B5144B45
:10261000144E1878144B35781B781843E5B1134BDA
:102620009B78012B19D1124B124993F90030002BE2
:10263000114BB2BF1E27062719460C46002214F87C
:10264000013B0BB10132D2B23B1B0B4413F0FF0331
:10265000F5D102B133702843F0BD06270649ECE7F7
:10266000F22E00205027002058270020541100206F
:102670005627002006160020FE150020E7284FD818
:10268000DF2807D8312864D00ED8292857D02A2827
:1026900066D07047A0F1E003072B41D8DFE803F0D4
:1026A0001540232831403C41392804D0822802D0EB
:1026B00035283FD07047324B1A7892071FD15B788C
:1026C00013F0080F18BF292070472D4A1378D90737
:1026D0004DD4527812F0010F22D013F0100F14BF16
:1026E0000020E3207047264B1B7813F0040FF3E71C
:1026F000234A137859073CD45278D207EDD5E0200D
:1027000070471F4B5A7891070AD51B7813F0100FAA
:1027100014BF0020E7207047194B1B781A07F5D427
:102720007047174A1378190725D452789107EDD5C9
:10273000E4207047124B1B7813F0200FC2E7104BB8
:102740001A78920619D45B7813F0080F18BF392055
:1027500070470B4B1B7813F0400F18BF2A207047AF
:10276000074B1B7813F0400F18BF312070473920FA
:102770007047E2207047E62070473520D0E700BF61
:102780005627002010B5304C21784B0713D500F0A8
:102790001402A2F1040C00F01803DCF1000242EB79
:1027A0000C02A3F1080CDCF1000343EB0C039A428A
:1027B00018BF80F00C000B0713D500F01402A2F133
:1027C000140C00F01803DCF1000242EB0C02A3F140
:1027D000180CDCF1000343EB0C039A4218BF80F0A5
:1027E0000C006478E30713D500F0110202F1FF3CFE
:1027F00000F01803DCF1000242EB0C02A3F1080C1C
:10280000DCF1000343EB0C039A4218BF80F009008F
:10281000A30711D500F0110200F01803A2F1110472
:102820006242A3F1180C6241DCF1000343EB0C039C
:102830009A4218BF80F00900CA0603D5030748BFB3
:1028400000F0E70010BD00BF5627002038B5FFF7A5
:1028500015FFB0F5A44F044643D2B0F5A04F80F069
:10286000AE80DF2816D8CC2800F28C80A7280AD8A2
:10287000A42879D8012804D0031F9BB2A12B28BF1C
:102880000024204638BDA0F1A8039BB21A2B71D9B1
:102890000024F6E7B0F5804F19D2B0F5005F80F064
:1028A000A180E728EDD9A0F580739BB2B3F5F85F5E
:1028B000EED2C0F30720FFF765FF0546E0B2FFF751
:1028C000DDFE2D0205F4F85540EA050450E0C0B2E3
:1028D000FFF7D4FE04F47064204340F4204084B237
:1028E000CFE7B0F5A54F22D245F25F23984253D8E7
:1028F00045F23F2398420FD845F21F23984244D80F
:10290000012300F00304C0F38502A34043EA42130D
:1029100043F40D439CB2B4E7012300F00304C0F379
:102920008202A34043EA421343F40C43F2E745F228
:10293000BF2398420AD845F29F23984200F01F0017
:1029400035D84AF2F40343EA00249AE7A0F5A543F8
:10295000403B9BB21F2B9BD8040204F4F85444F470
:10296000204444F0F0048CE7A0F1240444F48044B3
:10297000A4B286E7234B5834E4B233F8144044F44D
:1029800088447EE740F4A044F2E74AF2F10300F005
:102990001F0443EA042474E7012300F00304C0F396
:1029A0008202A34043EA421343F40A43B2E7FFF72B
:1029B000E9FE040204F4F85444F4005461E700F022
:1029C0001F00FFF7DFFE03B2C20648BF1B01C4F3BE
:1029D00043144FEA042448BF03F0F0031C4344F4BB
:1029E0001044C5E7C0F30420FFF7CCFE0546E0B273
:1029F000FFF744FE2D0205F4F855054345F4005554
:102A0000ACB23EE7AEDD0008002070470020704702
:102A100010B5044610B9C90FC80110BD80EAE072B4
:102A2000A2EBE07212B2002901EB02030CDB891A5F
:102A3000490191FBF3F1C1F120014BB2D8B2002C56
:102A4000BCBF4042C0B2E8E75B01521A93FBF2F30D
:102A5000C3F160035BB2F1E730B585B0C0F3074561
:102A600001909DF820001C1A1046FFF7D1FF2C445E
:102A7000E4B2231A0020DBB205FB03331B128DF8EE
:102A80000630019BDAB262F30700C3F3072262F358
:102A90000F20C3F3074363F3174005B030BD84B084
:102AA000019000208DF80420019BDAB262F3070048
:102AB000C3F3072262F30F20C3F3074363F3174006
:102AC00004B070471FB501909DF818001C1A1046FD
:102AD000FFF79EFFE4B2241A00208DF80440019B0A
:102AE000DAB262F30700C3F3072262F30F20C3F3E5
:102AF000074363F3174004B010BD000084B0019099
:102B000003F12C00104B03EB4003D8789B7820385E
:102B1000703B4B4302FB003200209DF80430002A3A
:102B2000B8BF3F3203EBA2138DF80430019BDAB239
:102B300062F30700C3F3072262F30F20C3F30743D6
:102B400063F3174004B07047A4DE00081FB5164CAD
:102B50002C3304EB4304E378A478203B5343A4F1E3
:102B6000700252B2002ABCBFC4F1700462B2C2F15A
:102B7000380201FB023111EB4101019048BF7F3166
:102B8000C0B200EBE1108DF804000020019BDAB226
:102B900062F30700C3F3072262F30F20C3F3074376
:102BA00063F3174004B010BDA4DE0008024B1A788E
:102BB00010431870704700BF0825002000F052B97C
:102BC00008B5074B074A1870074B1B78C3F301037E
:102BD000137000F055F90322044B1A7008BD00BFB2
:102BE000B30E0020B20E0020A8280020AE0E002058
:102BF000044A137883F0010313700022024B1A7009
:102C0000FFF7D4BFA8280020AE0E0020064A137894
:102C100013F0030304BF05490B700121137861F31E
:102C200001031370704700BFA8280020AE0E0020DB
:102C3000054B1A7892071EBF0021044A11701A78BA
:102C400022F003021A707047A8280020AE0E002060
:102C50000C4A034608461178890711D063B1162B38
:102C60000CD803F03F03117863F387011170002241
:102C7000054B1A70FFF79ABF0123F4E71623F2E71A
:102C8000704700BFA8280020AE0E0020054B01466B
:102C90001B789B080133172B34BF18460120FFF720
:102CA000D7BF00BFA8280020064B01461B78C3F3FE
:102CB0008503013B13F0FF0314BF18461620FFF7EE
:102CC000C7BF00BFA828002030B4074C05461846EF
:102CD00023789B0705D06570A170E27030BCFFF7C8
:102CE00065BF30BC704700BFA828002003490346D9
:102CF0004878CA7808308978FFF7E6BFA82800200E
:102D0000054910B44C780346083CCA78A0B28978CB
:102D100010BCFFF7D9BF00BFA828002010B4064C94
:102D20000346A178E2780831FF2928BFFF216078A7
:102D3000C9B210BCFFF7C8BFA828002010B4064CC9
:102D40000346A178E278083921EAE1716078C9B2D6
:102D500010BCFFF7B9BF00BFA828002010B4064C74
:102D60000346E278A1780832FF2A28BFFF22607864
:102D7000D2B210BCFFF7A8BFA828002010B4064CA0
:102D80000346E278A178083A22EAE2726078D2B289
:102D900010BCFFF799BF00BFA8280020044A137990
:102DA0001033FF2B28BFFF231371FFF7FFBE00BFB7
:102DB000A8280020034A1379103B23EAE373137118
:102DC000FFF7F4BEA8280020054A01205379A3F19B
:102DD000FF014B424B410349CB5C5371FFF7E6BE09
:102DE000A8280020BCDB0008054A01205379A3F184
:102DF000FF014B424B410349CB5C5371FFF7D6BEF9
:102E0000A8280020BCDB0008054BC1F180411869EF
:102E100001F2074101F00F01C84000F001007047C6
:102E200000040040C1F10301490040FA01F302220D
:102E300013F0010F14BF0E2308238A4002421ABF69
:102E4000A3F12000C0B243F08000704730B5044DBC
:102E500000EB40002C1861702A54A37030BD00BFF5
:102E6000581A002070B5134605460E460024204629
:102E7000324629460134FFF7E9FF502CF7D170BDE7
:102E80002DE9F84F08272A4D2A4C002695F800B066
:102E900095F801A095F80290A4F10808314658462B
:102EA000FFF7C0FF0136042E08F8010FF6D1002607
:102EB000A4F1040831465046FFF7B4FF0136042E52
:102EC00008F8010FF6D1A046002631464846FFF724
:102ED000A9FF0136042E08F8010FF6D10C37B7F51B
:102EE000727F05F1030504F10C04CED1302383F386
:102EF0001188032340F234410F4A002013700F4B16
:102F000051621362138ED1625B088B4228BF0B465D
:102F10009062D2699361013BD361D36A43F011039C
:102F2000D3620123936080F31188BDE8F88F00BF5E
:102F3000581A00202F160020A81C0020241600205C
:102F400038B50446084D49B180472C6008F082FC32
:102F5000064B80B21880064B188038BD2B68834220
:102F600008BF2960F9E700BFBC270020B827002070
:102F7000B627002008B5034B187008F06BFC024B15
:102F8000188008BDB4270020B227002008B50146EC
:102F9000FFF764FA034660B941B1FFF7A7FE0120CD
:102FA000FFF7E8FF0122084B1A7008BDFFF7A8FEE3
:102FB000F5E700290CBFF8210821044803EB43037F
:102FC000C25C0A44C254EAE791280020F32E002094
:102FD0000120FFF7DBBF0020FFF7D8BF10B5044684
:102FE000FFF73CFA024660B944B1FFF797FE0220B2
:102FF000FFF7C0FF01220D4B1A7010BDFFF79EFEB8
:10300000F5E70B4902EB42030B445B78400044B107
:103010000833FF2B28BFFF230244DBB211444B705F
:10302000E5E7083B23EAE373F6E700BF91280020B9
:10303000F32E00200120FFF7D1BF0020FFF7CEBF05
:1030400010B50446FFF70AFAB8B9164B58789978C4
:10305000DA7874B10432FF2A28BFFF220023D2B2EB
:10306000FFF732FE0320FFF785FF01220E4B1A7097
:1030700010BD043A22EAE272F0E70C4A00EB40038A
:1030800013449B78410044B10433FF2B28BFFF2336
:103090000144DBB20A449370E4E7043B23EAE373A0
:1030A000F6E700BFA828002091280020F32E00207A
:1030B0000120FFF7C5BF0020FFF7C2BF10B50146D2
:1030C000FFF7CCF90F4C024678B959B1FFF766FE0D
:1030D0000D4B1B7923700420FFF74CFF01220B4B93
:1030E0001A7010BDFFF766FEF2E7235C31B11033B2
:1030F000FF2B28BFFF23DBB2A354ECE7103B23EAEE
:10310000E373F8E7B0280020A828002091280020C9
:103110000120FFF7D3BF0020FFF7D0BF38B5224B07
:10312000A8B11A70214D1B782C78BCB973B1204B13
:1031300013F8012B72B101232B7008F08BFB0022D6
:103140001C4B18801C4B1C701C4B1A7038BD184847
:103150004254E7E70134042CEAD1F7E72BB1164BD0
:10316000134A1B78D35C002BF0D1124B1C8808F05B
:1031700071FB41F28733001B80B298429DBF41F240
:103180008833C0EB0020B0FBF3F0FF200C4B98BF5E
:10319000C0B21870002301222B70084B1A7008F07F
:1031A00059FB084B1880D1E7B1270020AC2700203D
:1031B000AD270020AA270020A8270020A72700204D
:1031C000A6270020A4270020F8B508F037F90B4EF9
:1031D000C0F3400433782BB1094D2B78A34203D1BF
:1031E000002333702046F8BD064B1F8808F032FBE1
:1031F000C01B80B2F928F3D82C78F3E71F2F0020EA
:103200001E2F00201C2F00200E4BD8787E280FD9AF
:103210006E235843FF23B0FBF3F0C0F1A0004FF43E
:10322000827380B258436423B0FBF3F080B27047DE
:1032300040F2171358437F23B0FBF3F0C0F5C07082
:103240000130ECE7B02800200021FF200A4608B535
:10325000094B0331B1F5C07F98701A80DA701A718A
:1032600003F10603F5D1054B1A7008F0F3FABDE837
:103270000840FCF7BBBF00BFF22B0020F02B002062
:10328000F7B514460422002705460E460F200DEB25
:10329000020101970AF076F8019BCA2B0FD1344442
:1032A000CA2C88BFEF2406F1250098BF2534241AC4
:1032B000224629460AF066F8204603B0F0BD2246B1
:1032C00039462846FDF7E8FDF6E7002307B5022258
:1032D0000DF10601ADF806300AF054F8BDF806000D
:1032E00003B05DF804FBCAB2C1F30721052982B01F
:1032F00006D80E2A14D8052812D802B007F0BABD95
:10330000FD2906D162B905280AD8012102B007F0CB
:1033100086BEFC2904D11AB9052801D81146F5E763
:10332000002002B0704700007FB505240F4BADF8B8
:1033300004001E780E4B1B781E4346FA04F3DB078D
:1033400005D4013CF9D20025284604B070BDBDF873
:103350000430E5B2ADF80C3003992846FFF7C3FFFF
:10336000FFF774FA80B20128EBD0EDE75327002075
:103370005227002013B502884379ADF80420019844
:1033800073B169B1FFF7D0FF044601460198FFF71A
:10339000C1F82046019902B0BDE81040FFF7A3BF75
:1033A000FFF7D8F80446F4E71FB5ADF8040001981C
:1033B000FFF7BAFFBDF80430ADF80C300399FFF702
:1033C00092FF05B05DF804EBFFF740BA08B503467D
:1033D0000079A8B11888FFF7E7FFC3B2C0F3033044
:1033E000062813D094BF0E30063000F00F000128DD
:1033F00010D8F02B10D004D8E72B8CBF0020012070
:1034000008BDF42B14BF00200120F9E7E72B03D9F6
:10341000F12BF7E70020F3E70120F1E737B50C4681
:103420000546FFF752FFA04207D0022228460DF1C1
:103430000601ADF8064009F043FF03B030BD0000BF
:10344000094A08B55378C3F3800181420BD060F379
:103450008203537004201188FFF7E0FFBDE80840A5
:103460000220FFF7BBB808BD5627002037B504225D
:1034700000230C460DEB02010193054609F082FF83
:10348000019B9C4206D0042228460DEB02010194C8
:1034900009F016FF03B030BD002208231146014891
:1034A0000AF09ABA0C08004038B508F0D3F900F5D4
:1034B0007A7508F0CFF9854214D9FFF7EDFFA0B176
:1034C00005200AF099FA0AF0A9FA04460AF0CCFAA3
:1034D000002C04DB14F00104EBD1204638BD231D81
:1034E000E7D0FAE76FF00104F7E74FF0FF34F4E7B5
:1034F000F7B51F464BBA090C064615468DF8040071
:10350000ADF806308DF80510FFF7C6FFE8B10421CD
:103510000DEB01000AF094FA044648B945B1022EB9
:103520000BD0032E0ED12846B9B20AF093FA044606
:103530000AF09AFA204603B0F0BD2846B9B20AF064
:103540007FFAF4E74FF0FF34F2E74FF0FF34F1E792
:103550002DE9F04107460C46D600FFF7A5FF0546CA
:1035600048B1324600212046FDF796FCB5FA85F0B9
:103570004009BDE8F0813346224639460320FFF773
:10358000B7FF05460028ECD121462644D1E90023A7
:10359000D243DB4341F8082BB14241F8043CF5D15A
:1035A000E4E700002DE9F0418846164600251F4655
:1035B0000E4B2A01995C03EB051491B9012160704F
:1035C000995408F047F99DF818307600A3739DF8D8
:1035D0001C306060C4F8088026736773E373BDE82D
:1035E000F0810135142DE4D1F9E700BF242F00202C
:1035F00013B5FF2403222346C8210220019400941E
:10360000FFF7D0FF032223461046C82101940094FF
:10361000FFF7C8FF23460322C8213F2001940094EE
:10362000FFF7C0FF23460322C82104200194009421
:10363000FFF7B8FF02B010BD312808B514D04028FC
:1036400014D008D8012811D9094B1B7813F0220F88
:1036500004D0032008BD4B380328F4E707F0EEFE42
:1036600010F00200F5D1F5E70220F3E70120F1E7C1
:10367000F22E0020F0B50625084FDFF824C03C7874
:10368000654301340CEB050604F07F04B070F27062
:103690003C702CF805103371F0BD00BFF02B0020FA
:1036A000F22B002010B506494B2000230122098887
:1036B000FFF7E0FFBDE810404020FFF7DBBF00BF91
:1036C000EC2B00201D4B1E4A1B6811688B4233D027
:1036D00013601C4A12787AB31B4AFF21136000233F
:1036E0001A4A13801A4A107900B191700133802B65
:1036F00002F10602F7D100231946164A107900B1EB
:10370000D1700133082B02F10602F7D100231946CC
:10371000114A107900B1D1700133082B02F1060271
:10372000F7D1002319460D4A507900B111710133C8
:10373000062B02F10602F7D1704700BFEC2B0020E8
:10374000E82B0020BC2B0020B82B0020B42B00203D
:10375000F22B0020842B0020542B0020302B002043
:1037600038B50A245025FCF773FD90FBF5F303FBF5
:103770001500C2B21046FEF75FFC20B1013C14F008
:10378000FF04F0D1FF22104638BD0000202202497C
:103790000248FEF783BC00BFA82A0020AA2A002006
:1037A000202202490248FEF779BC00BF262A0020E9
:1037B000282A0020202202490248FEF76FBC00BFE1
:1037C000A4290020A6290020202202490248FEF751
:1037D00065BC00BF222900202429002018220249AC
:1037E0000248FEF75BBC00BFC0280020C2280020B2
:1037F000F0B506250D4EDFF838C033782C3005FBC8
:1038000003F72CF807100B490CEB070401EB400100
:103810008878C9786271E17001210B44B3FBF5F23D
:1038200005FB1233A07033702171F0BDBC2800205D
:10383000302B0020A4DE0008104B10B51C8808F0C7
:1038400009F841F28733001B80B298429DBF41F2D4
:103850008833C0EB0020B0FBF3F0FF204FF00002F4
:10386000074B98BFC0B21870064B1A700122064B66
:103870001A7007F0EFFF054B188010BDC627002017
:10388000C4270020C3270020C2270020C027002013
:103890000328F8B505463AD801261D4B1D4F187070
:1038A0001D4B00211E7032234343FC18F85CFFF7C8
:1038B000CFF90023E278A1786078FFF705FA227942
:1038C000164B00201A71FFF771F92346324614494E
:1038D000144893F802C0DE781C7993F801E00132B5
:1038E0000D2A81F800E081F801C08E7000F8014BCC
:1038F00003F1040301F10301EBD1322303FB05774C
:1039000097F83130084A003B18BF01231370F8BD07
:1039100090280020C827002063110020A82800203C
:10392000F32E0020B028002062110020042828BFB8
:103930000020294B10B51B5C0C460B70A6234B7066
:10394000FF238B708023CB707F2304220B71601DBB
:103950002249FDF7C3FD0422214904F10900FDF7C6
:10396000BDFD04221D4904F10D00FDF7B7FD042241
:103970001A4904F11100FDF7B1FD0422174904F1C1
:103980001500FDF7ABFD0422164904F11900FDF7FF
:10399000A5FD0422144904F11D00FDF79FFD04223A
:1039A0000E4904F12100FDF799FD04220B4904F1B1
:1039B0002500FDF793FD0422084904F12900FDF7D5
:1039C0008DFD0422054904F12D00FDF787FD01233B
:1039D00084F8313010BD00BF88DE000884DE0008A6
:1039E00094DA000898DA00089CDA0008A0F58072E2
:1039F000B2F5F85F034610B421D213F4805F00F4EF
:103A0000007403F48062C0F3002003F400630BD061
:103A100000010CB140F020000AB140F040000BB1B1
:103A200040F0800010BC08470CB140F002000AB121
:103A300040F00400002BF5D040F00800F2E7002031
:103A4000F0E77047044B1B781BB1034103F0010002
:103A500070471846704700BF5327002008B5012063
:103A6000FFF7F0FF68B90220FFF7ECFF48B9032029
:103A7000FFF7E8FF28B90520FFF7E4FF00F0010099
:103A800008BD0120FAE700002DE9F84FDFF8BC80FF
:103A90002F4BD8F8002019688A421BD02D491A6094
:103AA000FFF7DCFF0B784BB140B90346FF242A4AED
:103AB0000133802B947002F10602F9D1DFF89C905B
:103AC00000264F460870FFF7FDFD17F810ABF3B264
:103AD0009A4501D8BDE8F88F17F8014F2046FEF748
:103AE000ABFA28BB06F10C0309EB43035A789B7829
:103AF000D8F8005042EA0323ED1AADB22946204619
:103B0000FEF7B6FA834698B92046FFF795FD5B4667
:103B1000024629462046FFF7ADFD4B2C0AD1402036
:103B2000FEF7A6FA034618B901224020FFF7A2FDCE
:103B30000136CCE7402CFBD14B20FEF799FA034627
:103B40000028F5D101224B20F0E700BFEC2B00202C
:103B50002C2B00202A2B0020F22B0020BC2B002035
:103B60000123034A8340107818431070704700BF48
:103B70005327002010B51C4B9B78012B1ED11B4BEB
:103B800093F90030002B19DAFEF740FD184C202283
:103B9000607018492046FEF75DF820B320222146C8
:103BA0001448FDF79BFC144B1B68E3B19B68D3B131
:103BB000062222702046BDE810401847FEF726FD79
:103BC0000E4C082220700E492046FEF743F850B1F3
:103BD000082221460A48FDF781FC074B1B6813B1F8
:103BE0005B68002BE6D110BD541100205627002041
:103BF00004160020E226002004270020FC150020E7
:103C00000827002038B51C4B1B78D3B19378C3B17B
:103C100014785578844201D0854212D185424C797E
:103C20000CBF012100211144CC7014BF01210021DF
:103C30005018C07828B1022B05D014D9D81E0128FD
:103C40000CD9012038BD505C2CB907F03BFCFFF7C4
:103C500091FF0020F6E707F06DFCF8E7033B18BF83
:103C600001239942F5D0505C14B907F02BFCE8E72A
:103C700007F060FCE5E700BF6911002010B50446BD
:103C800000285AD0031FDBB2A02B27D82B4B9B78E0
:103C9000012B13D12A4A92F90020002A0EDA294A70
:103CA00000F0070102EBD00292788B401A420ED04E
:103CB000204607F03FFCFFF75DFF08E00023224AA3
:103CC00012F8011FA142F3D00133062BF8D1204690
:103CD00007F0F8FBBDE81040FFF74CBF00F12003F0
:103CE000DBB2072B08D80123184A00F0070411782B
:103CF000A3400B431370EDE700F15B03DBB2022B33
:103D000005D8BDE81040243880B207F0A1BB00F10F
:103D10005803DBB21A2B06D8BDE810400C4A32F823
:103D2000130007F0B1BB3334E4B2122C05D807F00E
:103D3000E9F9BDE8104007F0D3BD10BD54110020D3
:103D40005627002004160020FD150020F22E00202A
:103D5000AEDD000828B1034B1A7810431870FFF746
:103D600009BF7047F22E002028B1034B1A78104388
:103D70001870FFF7FFBE70475827002030B1044A83
:103D8000137823EA00031370FFF7F4BE704700BFF7
:103D90005827002010B500240E4B1C7007F0F8FBCC
:103DA000204607F055FB204607F06EFB0A4B1C70BF
:103DB000FFF7E0FE214606220848FDF76DF8084BA4
:103DC0001C70084B1C70084B1C70BDE8104007F0BD
:103DD00087BD00BFF22E0020582700203A27002080
:103DE00039270020382700203727002008B583789E
:103DF000022B06D9FFF7CEFF024B034A1A6007F0E9
:103E0000E1FB08BDFC6F0020EFBEADDE024A137877
:103E100023EA000313707047F22E002008B5034612
:103E2000A0B3021FD2B2A02A05D807F083FBBDE8D9
:103E30000840FFF79FBE00F12002D2B2072A07D840
:103E400000F0070301209840C0B2FFF7DFFFEEE764
:103E500000F15B02D2B2022A04D8BDE8084000207B
:103E600007F0F6BA00F15802D2B21A2A04D8BDE817
:103E70000840002007F008BB3333DBB2122B05D813
:103E800007F092F9BDE8084007F02ABD08BD08B563
:103E900028B1FFF7BBFFBDE80840FFF76BBE08BDC8
:103EA00008B5302383F31188012100F00F039940F6
:103EB000202220F00F0007F0D9FF002383F31188A0
:103EC00008BD00000123C1F1804101F2074101F06A
:103ED0000F012022024803FA01F107F0C7BF00BF1B
:103EE00000040040002307B501220DF107018DF801
:103EF000073009F047FA9DF8070003B05DF804FBAE
:103F0000F8B50D4606461446D31D23F0070300AF4F
:103F1000ADEB030D6946284609F034FA224669469E
:103F20003046FDF797FE20B122463146284609F07B
:103F3000C7F9BD46F8BD38B5322303FB00F40D4682
:103F40000F20CA21FFF792FA04F13203CA2B88BF6F
:103F5000EF2204F1250198BF04F157022846BDE87D
:103F60003840521AFFF7CCBFF7B5314B0146314C00
:103F700048B101221A700023237007F06BFC2E4B0E
:103F8000188003B0F0BD187023782C4D002B40D062
:103F90000220FEF77DFA2B782170002BF1D032241D
:103FA000274B284A1878284B44431E78A118C6F39B
:103FB00085065F7816559E78DC781B798E700B71BC
:103FC00001260B464F70CC70204F214C94F803C053
:103FD000013683F805C094F804C00C2E83F806C09F
:103FE00094F805C003F1040383F803C017F801CF68
:103FF00004F1030483F804C0E8D1322303FB002258
:10400000144B1B7882F83130FFF795FF00232B709B
:10401000B7E7FEF73BFE01220F4B2A701A70FF2311
:104020007821242001930093FFF7BCFAA9E700BF91
:104030009528002094280020922800209128002014
:1040400090280020C8270020A8280020B0280020A1
:10405000F32E0020621100206311002030B50024EF
:104060008FB0E5B2284601A9FFF760FC013428466D
:1040700001A9FFF760FF042CF3D10023CA210F2010
:104080008DF80430FFF7F2F9012201A8ED21FFF7C6
:1040900037FF0623CA210F208DF80330FFF7E6F91A
:1040A0000122EE210DF10300FFF72AFF0FB030BD12
:1040B000082208B517210348FFF722FF0022024B10
:1040C0001A7008BDA82800200825002010B5084C4B
:1040D00059232046032200F8013B0649FDF7FEF96B
:1040E0004FF67F73A380BDE81040FFF7E1BF00BF2C
:1040F000A8280020A0DA000837B50C460546FFF7CF
:10410000F1FEA04207D0012228460DF107018DF8EB
:10411000074009F0D5F803B030BD0000F0B585B018
:1041200009F03EF94FF6E3610020FFF777F900212F
:104130000220FFF7E1FF0121194B03201970FFF75F
:10414000DBFF4FF4A4510420FFF768F9FFF7BEFF2F
:10415000CA210F20FFF78AF9102200216846FCF7D8
:104160009BFE0D242527CA25102D2E4628BF10267C
:10417000394632466846FFF7C3FE013C3744A5EB9B
:104180000605F1D107F032F9FFF768FF2146132049
:10419000FFF76CF905B0BDE8F040FFF789BF00BF3D
:1041A0005227002008B58378022B05D9FFF7B6FF08
:1041B000FFF7F0FD07F006FA08BD0000044B93F886
:1041C00004281AB9012083F80408704702207047B8
:1041D000E81C0020054B93F8042822B1002201209E
:1041E00083F8042870470220704700BFE81C0020B5
:1041F00008B5064B4FF4006200211846FCF74CFE50
:1042000040F60802C0F8002808BD00BFE81C0020E6
:1042100038B5FFF749F9054690B9FFF73DF904466F
:1042200070B1062009F0E8FB09F01EFC2B462A4677
:104230002946D820FFF75CF910B9FFF735F900B12E
:104240000024204638BD2DE9F04F074615464FF0B3
:10425000000AC3B00191202D2E4628BF2026F3006E
:104260001A460093019B02A803EBCA01FDF736F939
:10427000002202ABD3E90001C043C943013243F835
:10428000080B964243F8041CF4D1B946DDF80080CF
:104290000DF1080B5FFA89F4C4F58074444528BF1A
:1042A0004446FFF701F940BBFFF7F6F828B30620B4
:1042B00009F0A2FB09F0D8FB23465A4649460220E2
:1042C000FFF716F9C8B9B8EB0408A344A144E1D13B
:1042D000FFF7EAF888B9FFF7DFF8044668B1042071
:1042E00009F08AFB09F0C0FB009BAD1B1F44B244E0
:1042F000B1D1204643B0BDE8F08F0024F9E70000BB
:104300002DE9F347FFF784FF0146A0B1FFF756FF01
:104310002B4904464FF480720020FFF794FF284D8C
:104320000146002842D1012C01D1FFF753FF40F68E
:104330000803C5F80038084602B0BDE8F08717F852
:10434000013B4FEA4E195A40A2FB003800FB0E8891
:104350004FEA421A49EAD26913EB0A0348EB09080B
:104360004FEAC21A9B184FEACE194FEA02264EEBCB
:10437000080849EA526913EB0A034FEA0E2E48EB8C
:1043800009084EEA126E9B1948EB0E0EB64413EB69
:104390000C020139D3D16946CDE9002E4FF40060FB
:1043A0000122FFF750FF4100C9B2BCE740F601010E
:1043B0002F464FF0000C1220024ADFF80CE0E8E72D
:1043C000E81C002025232284E49CF2CB044BD3F884
:1043D0000038B3F5805F01D3FFF792BF012070472B
:1043E000E81C0020034630B52A49C3F3074213F402
:1043F0007F4F8A5C85B0C0B2C3F3072546D0062440
:10440000FF234443591BB4FBF3F46FF0540363439D
:1044100003EB400303EB4303DBB203FB05F0C3F103
:10442000FF036B4300121B12C0F1FF00C3F1FF0337
:10443000514350435343C1F30721C0F30720C3F353
:104440000723062C1ED8DFE804F004061114181DFB
:10445000040010461A4613460246002062F3070085
:1044600063F30F2061F3174005B030BD08461946CD
:10447000F1E7034608461146ECE710460A460146B6
:104480001846E8E7034610460A46F0E71146134689
:10449000E3E700BFE4DB00084B2810B50C4601D071
:1044A000402815D10B4B1B7813F0220F10D00A4A6D
:1044B00053789178D07843EA012343EA0040FFF72C
:1044C00091FFC0F307232070C0F307406370A07012
:1044D00010BD00BFF22E0020A8280020012830B512
:1044E00001D8C0B230BDB0F5F75F88BFFF224FF0F2
:1044F00001049EBF42090832D2B2A3185910C3F377
:104500004705C3F34F035B439BB2984206D2013D7C
:10451000EAB29442F1D9013CE0B2E3E7FF2902D0CC
:104520000135ECB2F5E70846DCE70000074B1888D8
:1045300000EB402200EB820000F55850193080B2A9
:10454000188000EB1020C0B2704700BFB40E0020EE
:1045500010F0400216BFC3430346DBB210B503F0B0
:104560000F0102B10131094CC3F3011304EB430203
:10457000527814F813304A4303EB2213DBB20206DD
:1045800044BF5B42DBB283F0800010BDDCDB00087F
:104590001FB5C0F3074401905008FFF7D9FFA0F101
:1045A00080035BB2002BBCBFC0F1800043B200208F
:1045B0005B00DBB204FB03331B128DF80630019B5A
:1045C000DAB262F30700C3F3072262F30F20C3F3EA
:1045D000074363F3174004B010BD000030B50D462B
:1045E00085B00190C4B21046FFF7B2FF124901EB4B
:1045F000450191F85A30C218D2B2A2F180035BB2E1
:10460000002BBCBFC2F1800253B20D2200205B0020
:10461000DBB2534304EB13248DF80440019BDAB260
:1046200062F30700C3F3072262F30F20C3F30743CB
:1046300063F3174005B030BDA4DE0008FEF706BCEA
:104640002DE9F843002506460F46A8461E4C237860
:10465000002B32D0D4F8049007F0FCF8A368A0EB4C
:10466000090083421CD807F0F5F8237B606093B9FA
:1046700084F80080C4F804806078617BB042A27B3B
:10468000E37B1AD3B84218D2DB43D243C943DBB22F
:10469000D2B2C9B20FE0013BDBB22373002BE7D0EB
:1046A000237B6078DB07E7D5864206D8874204D9AA
:1046B000E37BA27B617BFFF7C1FF0135142D04F181
:1046C0001004C4D1BDE8F883242F0020F7B50546B7
:1046D0000120FFF7B7F90E460446284F28B13B7872
:1046E0001BB907F0B7F8264B188001203C70FFF784
:1046F000A9F9002840D00220FFF7A4F900283BD1F7
:104700000320FFF79FF9002836D10520FFF79AF91B
:10471000044688BB1A4B1F8807F09CF8C01B80B268
:10472000952829D9174B184F997DDA7D5B7D8DF837
:1047300005108DF804308DF806200198FFF752FE21
:10474000C0F307238DF80130C0F307438DF8000054
:104750008DF8023017F8010BA84209D3B04207D2F6
:104760009DF802309DF801209DF80010FFF766FFCC
:104770000134E4B20C2CEDD103B0F0BD1A2F0020AF
:10478000182F0020F32E0020EEDF00080301002088
:10479000DBB203F11002D2B2502A63F307001346D2
:1047A00028BF502382B063F30F2002B0704700008F
:1047B0002DE9F04FB44BB5B01B78B44E8342049052
:1047C00031D1B34B37781B7807F00307FF1A18BFB6
:1047D0000127B04D73796A78AF709A4205D00022F4
:1047E000114610466B70FEF7E9F9049B162B1CD896
:1047F000013B152B1FD8DFE813F026004C008A0080
:10480000C800CC0028014201440161016501670133
:10481000A301A5013102B902BD02D7029307EF0738
:104820000709230A930B0127D3E7049BFF2B02F010
:10483000158000240DE1002FFBD000221146104608
:10484000FEF7BCF9F5E72878FFF7A0FF92490322AD
:10485000ADF88800C6B2C0F307242BA8FCF73EFED3
:104860002B98FFF7BFFD8D4FC1B2C0F30722C0F3F5
:104870000743F0B2844201D84F2CE6E1B85D95F8C9
:1048800001C010EA0C0F02D03046FFF7D7FE013608
:10489000EFE72878FFF77AFF3379DFF800820133FA
:1048A0009B0896F8029096F803A0ADF88800C0F334
:1048B00007240293C7B2A8F19F0BFBB29C42DBD93D
:1048C00018F807306A7813421FD01BF81720029996
:1048D0007378120902FB01338DF8AD908DF8AC307E
:1048E0008DF8AEA02B98FFF77DFDC0F30722C0F333
:1048F00007438DF850008DF851208DF85230C1B229
:10490000DBB23846D2B2FFF799FE0137D5E72878F7
:10491000FFF73CFF3379DFF8848101339B0896F879
:10492000029096F803A0ADF88800C0F30724029324
:10493000C7B2A8F1A00BFBB29C429DD918F8073072
:104940006A7813421FD0029B1BF817208DF8AD9098
:104950005A4373788DF8AEA003EB62138DF8AC3038
:104960002B98FFF73FFDC0F30722C0F307438DF8F4
:1049700054008DF855208DF85630C1B2DBB2384660
:10498000D2B2FFF75BFE0137D5E7454807F0D2FB0F
:104990005EE02878FFF7FAFE424B32791B88520816
:1049A00002FB0333C3F3072302933F4BC7B2ADF8B7
:1049B0008800C0F3072403EB470903F1FA0AFBB2AE
:1049C0009C427FF659AF1AF807306A78134238D004
:1049D000F37899F85A1099F85B00727896F802B05B
:1049E0000393029B70392038ABEB03080592FEF766
:1049F0000FF8059A5FFA88F88DF8AC20C0EB8012AA
:104A000000EB820080445FFA88F80BFB0888039B68
:104A10004FEA28288DF8AE308DF8AD802B98FFF73F
:104A2000E1FCC0F30722C0F307438DF858008DF86E
:104A300059208DF85A30C1B2DBB23846D2B2FFF7F6
:104A4000FDFD09F102090137B9E7184807F060FADE
:104A50000446104B1A7801321A70002C41F011876D
:104A60000221134A9B781170002B41F00A87049BA6
:104A7000002B41F006870323137001F002BF0D489D
:104A800084E70D48E2E700BFB30E0020A82800200D
:104A9000B20E0020AF0E0020A92800209EDF0008E3
:104AA00091450008EC2B0020A4DE0008592A0008DC
:104AB000AE0E00209F2A0008C52A0008AE4807F065
:104AC0009DFAC5E7AD48FAE72978C9B93279AC4B08
:104AD0001032FF2A28BFFF221B8802FB0333052266
:104AE000C3F30F23B3FBF2F202EB82029B1A9BB2D9
:104AF00033B9FFF71BFD50235843A24B0012188017
:104B00000846FFF743FE0446ADF8AC00C5B2C4F357
:104B1000072497B99B4E308885423FF6ADAEA04240
:104B2000BFF4AAAEC0B207F0D5FA51233380A3E692
:104B3000284607F0CFFA0135EDB2AC42F8D89BE633
:104B4000914823E72C782046FFF720FEC3B2ADF84A
:104B500088000293C0F3072B4FB100221146104684
:104B6000FEF72CF85A2200218848FCF795F97CB909
:104B7000874C258806F06EFE401B80B218288CBF3B
:104B800001220022834B1A7002D906F063FE2080B6
:104B900000252F460026804B05EB030A7B4B05EBD7
:104BA00003081AF8019B029B4B4544D8CB4542D9D8
:104BB000794B4B4493F8FA20784B5B781A4238D003
:104BC00098F80040764904F1AA03FF2B28BFFF2381
:104BD00003EB43038A780233C978DBB201FB03336A
:104BE000A4F1550121EAE171C3F30723C1F1AA0140
:104BF0008DF8AC108DF8AD208DF8AE302B98FFF706
:104C0000F1FBC0F30722C0F307438DF860008DF875
:104C100061208DF86230C1B2DBB24846D2B2FFF7F4
:104C20000DFD5C4B1B7823B1013C24EAE47488F849
:104C300000400137FFB20136F6B20F2E08F101082D
:104C4000AFD14B2D05D1BBF14F0F8CBF00240124F8
:104C5000FFE60F2F05F10F059CD9F4E72878FFF741
:104C600095FDDFF840B1C5B29BF80030ADF8740097
:104C70000293494BC0F3072403EB4509FA3303932E
:104C8000EBB29C427FF6F8AD039B444A5B5D5278E1
:104C9000134230D04FF0000841484646077941782A
:104CA0000137FF2F28BFFF278278C378DFF8F4A0F1
:104CB0000137DDF808C05FFA88F084451FD803FB90
:104CC000066636128DF888108DF889208DF88A6076
:104CD0002298FFF787FBC0F30722C0F307438DF844
:104CE000AC008DF8AD208DF8AE30C1B2DBB22846F5
:104CF000D2B2FFF7A3FC013509F10209C0E71AF8A7
:104D0000010F99F85AC09AF808E0ACEB000C1FFAB2
:104D10008CFC0CFB0CFC99F85B000791A0EB0E00DF
:104D200000FB00C080B206930592FFF7D7FB08F1A5
:104D30000C0E0BEB4E0E9EF801C09EF802E0079998
:104D40004CEA0E2C07FB0CFCC0EB1C2080B2FF28A9
:104D500028BFFF20C043C0B23044FF2828BFFF2037
:104D6000069B059AC6B208F10108A2E7002007F0E9
:104D700037FA6DE60120FAE7FD2A00084D2B0008FE
:104D8000EC2B0020AC0E0020DD4500088025002023
:104D90005A1B0020591B0020A4DE0008AF0E002083
:104DA000A8280020BC2B00202C782046FFF7EEFC22
:104DB000C3B20F93C0F30723ADF854000B93002C3C
:104DC00064D1764B764E1B680293002F00F00E8163
:104DD00006F040FD029B734A80EAC320724B4340B9
:104DE000012B38BF01231360FDF7C4F9FDF7C2F9A9
:104DF000FDF7C0F9FDF7BEF9FDF7BCF9FDF7BAF90B
:104E0000FDF7B8F9FDF7B6F9FDF7B4F96923B0FB82
:104E1000F3F202FB1300654B3C3000031860FDF712
:104E2000A9F91923B0FBF3F202FB1300604B143015
:104E300000031860FDF79EF95E4B347018605E4BFE
:104E40001C60FDF797F910F0010F0CBF4FF0FF3217
:104E500001225A4B1A70FDF78DF910F0010F0CBFAB
:104E60004FF0FF320122564B1A70564B1C60FDF773
:104E7000AFF9554B1C60554B1C60554B1C60554B96
:104E80001C70554B1C70554B029A1A6000214FF054
:104E9000FF084FF0480B4FF0BF0A4FF03C09434B5F
:104EA000DFF83CE11B6818AC43F30F23002BB8BFBD
:104EB0000F331B1102933E4B1DA81B682BAD43F310
:104EC0000F23002BB8BF0F331B110393424B0DF17F
:104ED000880C1F783F4B1B783B44013B07933B4BAF
:104EE0001B680693CEB2B7423ED91122079B5B1ACC
:104EF00093FBF2F202EB02129B1ADBB23EF9336033
:104F00000EEBC303B3F902205B680592069A0131E8
:104F1000D31AC3F30B33472B9BBFC3EB0323B3FB62
:104F2000FBF3FF23DBB2DB43059A002EB8BF0F363D
:104F3000002AB8BF0F321211DBB225F8022B03FB97
:104F4000033209FB03F3B3FBF8F312120AFB02F27C
:104F500036111212283312292CF8026B04F8012B97
:104F600000F8013BBED10E4640F283481D4B0F9C1A
:104F700093F82120059293F8222093F8233007928A
:104F80000693194B03EB4405FA3308930B9AE3B2EB
:104F90009A4200F2218313464F2B56E6EC2B002059
:104FA000FA1B002064110020B979379E041C0020F0
:104FB000001C0020FC1B002098280020F91B00206A
:104FC000F81B0020A4280020F41B0020F01B002068
:104FD000EC1B0020E91B0020E81B0020081C00201F
:104FE0005C1B0020F32E0020A4DE0008C44B029AB4
:104FF0001B68C44DD41A4FF6FF72944228BF144662
:10500000C14AA4B2D07A4FF404425043FF2200F5C3
:105010008F1000F56060B0FBF2F03278322C28BFC0
:105020003224002A40F07C820123286033702968F2
:105030004FF47A7284FB014109010023200141EA07
:105040001471FCF735FE0390039B002B7FF71BAF19
:10505000DDF80CB0AD4ABBF5405FA8BF4FF4405B34
:105060001368AB4D5B441360A84B2A681C689442DC
:1050700080F26782E117C903D317E00341EA544184
:10508000FCF716FEFDF782F8A24B1A68A24B1B68CC
:105090009B1A83FB0030DB0B43EA404302EB03091E
:1050A0009E4B1B680C931B1305939D4B1B680D9324
:1050B0001B1306939B4B1B680A931B0C03F5804044
:1050C00080B20793FDF738F809900798FDF734F898
:1050D00016220021099B80EAE07583EAE376A5EBBE
:1050E000E075A6EBE376ADB2B6B208903301C5F534
:1050F0000040C0FB0231DB0B43EA4143C6F50040F0
:10510000290F2C01C0FB0241099AE40B002A059AE1
:10511000B8BF5B42D3180E93089B44EA4144002B6E
:10512000069BB8BF6442234400241022002122A819
:105130001093FBF7B1FE059A069B0027C2F102010E
:10514000DE3A2C92C3F106023A3B2B912D922E931C
:105150000DF1AC0A0DF18808012F8CBF0E2212222E
:105160005AF8041BD8F8003021EAE1719142A8BF37
:1051700011464FEAE17C4FEACC3C1193C80300236F
:105180004CEA5141FCF794FD119B01378342ACBFBF
:1051900048F8043B48F8040B042FDDD1002C00F044
:1051A000D681229B23AC94E89001A3421846B8BF55
:1051B0002046B842B8BF38464045B8BF40460E9377
:1051C000FCF7E4FFA5F57A55002D82462EDDE917A0
:1051D000C903002344F27F12E80341EA5541FCF77A
:1051E00067FDFCF7D3FF40F6B8339E4210D9099B08
:1051F000089A002BCCBF00230123002AD4BF002231
:10520000012293420CBF01234FF0FF33464A137033
:1052100044F26662444B93F900305343A3EB090315
:1052200083FB0030DB0B43EA40439944BAF1000FA3
:1052300040F396800E9BA7EB08071D1B87FB0732E8
:105240001946C5FB0512B1F1004F72F10002B4BF5F
:105250000B466FF000434FF080429342C0F07B81D9
:105260000024002A40F07981002C79D0E917E61754
:10527000C90322463346E80341EA5541FCF718FDCD
:10528000F917C90322463346054641EA5741F80358
:10529000FCF70EFD089B099A83FB0043C5FB024304
:1052A000DFF888806442224A63EB4303E40B126810
:1052B00044EA434498F9003006465343B3F5005F8F
:1052C00038DCCDE9005005A90EC90120FCF7A4FF88
:1052D000CDE9005605A907460EC94FF0FF30FCF78F
:1052E0009BFF3B1A002BB8BF5B42042B22DD874299
:1052F000ACBF4FF0FF37012788F800701AE000BFFD
:10530000081C0020E41B0020B0280020F41B002013
:105310009C280020A0280020A4280020041C002095
:10532000001C0020FC1B0020F81B0020F91B0020A3
:105330009828002004F5B3441934B4F5004FA8BFF1
:105340004FF40044B94B24EAE47493F900305C4311
:10535000A4EB090484FB0A4AE40B44EA4A44A1444E
:10536000B34D1BF580322C684FEAEB73A9EB0400B8
:1053700043F1000380FB0B01FCF79AFC0444B4F5F5
:10538000004FA8BF4FF40044AA4BAB499C42B8BFA2
:105390001C462C608BFB0442A4FB014301FB02333F
:1053A000E60E46EA43160A9B06EBD67403EB64044A
:1053B000240C04F5804080B2FCF7BEFE80FB0B534A
:1053C000ED0B45EA43450C9B9C4F2B4420461D4664
:1053D0003B60FCF7B1FE80FB0B43E40B44EA434423
:1053E0000D9B6FF00F0C23441C46954B954A1C6097
:1053F0000A9B4FEA25391E44ACEB253CA9F1F0038A
:1054000016606FF007069C45B8BF9C464FEA2438EB
:10541000A6EB2436A8F148039E42B8BF1E46BCF155
:10542000000F25DDBCF10E0FA8BF4FF00E0C4FEAA8
:10543000EC71C9030E2200234FEACC3041EA5C41F3
:10544000FCF736FCFCF7A2FE4FF05A0C8BFB000178
:10545000A0FB0C0E00234FF448120CFB01E1FCF7FB
:1054600027FC19F1100F754BA8BF404205441D6081
:10547000002E734D1FDD0E2EA8BF0E26F117C90397
:105480000E220023F00341EA5641FCF711FCFCF721
:105490007DFE5A268BFB0001A0FB060C4FF4481240
:1054A000002306FB01C1FCF703FC18F1080FA8BF9D
:1054B000404204442C603868634BB0F5C81FA8BF55
:1054C0004FF4C81029689842B8BF1846B1F5482F64
:1054D000A8BF4FF4482103F548239942B8BF1946A5
:1054E00000264FF0110E594B29601C68584D5C4442
:1054F0001C60584B2A781B78DFF85CC13860002BA1
:1055000034D116B12A70534A1370544E3268A21A1D
:10551000B2F5A04F3CD2039BA3EB0B03039393E59F
:10552000029A9A423FF483AD2E6804F1FA02801B7E
:105530003B4680FB040192B2FCF7BAFB06442E60A6
:1055400075E5474BA21A1A60FCF742FE8CE5012470
:105550000E9A109BF1E592087FE6A11899424FEA56
:1055600054049CBFA4185B1A92087AE60CEBC2079D
:105570007F68E71BB7F5902FC3D30132B2FBFEF66D
:1055800006EB0616921B013B0126D2B2DBB2B6E750
:10559000112B34602A782F4E08D10132B2FBF3F37D
:1055A00003EB0313D21A10232A7033701122284BF5
:1055B00035781B7800122B44B3FBF2F202EB021297
:1055C0009B1A254A091222F83300013502EBC30267
:1055D0005180546035709EE7089B224A1B5D5278CB
:1055E000134200F09880029B95F85AE095F85B0012
:1055F000AEEB0302039BC31A5B4302FB023242453C
:1056000000F28C8040F28443C2EB0222B2FBF3F240
:10561000D243D2B202FB0222C2F3072200210DF1D3
:10562000AC0C22AF0DF1600A53E000BFF91B002063
:10563000982800200080FFFFAC1BDA01041C00202A
:10564000001C0020FC1B00200000E7FFF01B0020D6
:10565000E91B0020E81B00205C1B0020EC1B002045
:10566000F41B0020AF0E00203CF902BB37F9023BCF
:10567000A0EB0B0B0BFB0BFBAEEB030303FB03B32A
:10568000434525D84FF022090DF1740B1BF801B0EA
:1056900009FB0BFB4FF06409BBFBF9FB0BFB0BFB9E
:1056A0005B453DBFC3EB0323B3FBFBF3DB430023AD
:1056B0003CBFDBB203FB033311F80AB038BFC3F3BE
:1056C00007230BFB0333C3F307239A4238BF1A4661
:1056D0000131CBB29E42C7D8059B8DF85830079B4D
:1056E0008DF85930069B03FB022212128DF85A20C6
:1056F0001698FEF777FEC0F30722C0F307438DF834
:105700005C008DF85D208DF85E30C1B2DBB22046C2
:10571000D2B2FEF793FF0134023537E400227DE771
:105720002878FFF733F8ADF874005FFA80F8C0F31B
:1057300007240FB1FDF788FDFEF7A6F9B37896F8B8
:1057400001B096F803A046460293F3B29C427FF65E
:1057500093A8A24A6978925D0A423BD04FF00009B3
:105760004F46DFF87C8298F80210FF290DD098F898
:105770000320B8F80000039308F046F8384480B2DC
:10578000FF2828BFFF20039BC7B209F10309B9F521
:10579000C07F08F10608E6D1029BAAEB070727EABB
:1057A000E7778DF889308DF888B08DF88A70229867
:1057B000FEF718FEC0F30722C0F307438DF8AC00D4
:1057C0008DF8AD208DF8AE30C1B2DBB23046D2B22A
:1057D000FEF734FF0136B8E72878FEF7D7FFC0F3AD
:1057E0000723ADF87400C4B2029377B100237D4A59
:1057F000D3705372D3735375D37682F8213082F805
:10580000273082F82D30784A1370784BD3F8009007
:10581000774B1A6891451BD0764AC3F80090FEF783
:105820001DF91378002B40F090801070FDF74AFFAF
:105830000021DFF8C4810F4645466B4B15F810ABCD
:105840001A78CBB29A4500F290800FB1664B1A706D
:105850006A4BDFF8AC811A7E08EB440703925A7E4C
:105860009B7E06920593029AE3B29A427FF693AB2F
:105870005A4B644A1B5D5278134263D000254FF0A7
:10588000E00B584E06F1300AF378002B33D0082194
:105890004FF4D270FCF730FC3388A9EB03039BB2C2
:1058A000984240F29980B27897F85BC02C3208EBAE
:1058B0004202D1788C4540F08F80917897F85A2039
:1058C000914236BF521A891A91B20BFB03F2B2FB16
:1058D000F0F228BF89B292B28A427DD3282A38BF1B
:1058E0002822283A92B28A4276D8C3EB0323B3FB2C
:1058F000F0F3DB43DBB22B44FF2B28BFFF2306363C
:10590000B245DDB2C0D1039B8DF88830069B8DF87F
:105910008930059B03FB05552D128DF88A5022987E
:10592000FEF760FDC0F30722C0F307438DF8AC001B
:105930008DF8AD208DF8AE30C1B2DBB22046D2B2C8
:10594000FEF77CFE013402378DE700287FF46DAF4F
:10595000244BD8705872D8735875D87683F82100C4
:1059600083F8270083F82D005FE701F10C0008EBB6
:10597000400043788078002643EA00231948A9EBC9
:105980000303864615F801CF9BB290F803B0BBF134
:10599000000F07D090F802B0E34503D1B0F800B093
:1059A0009B4517D00336182E00F10600EDD10620D6
:1059B00000FB02F62EF806304FF001030EEB060056
:1059C000C3704FF000030127013280F802C0037159
:1059D00002F00702013134E700238CE79EDF000864
:1059E000F22B0020842B0020141C0020EC2B002024
:1059F000101C00200C1C0020BC2B0020F32E0020CB
:105A0000A4DE0008AF0E00202878FEF7BFFEC0F32A
:105A10000723ADF87400C4B2029377B100237E4A25
:105A2000D3705372D3735375D37682F8213082F8D2
:105A3000273082F82D30794A1370794BD3F80090D3
:105A4000784B1A6891451BD0774AC3F80090FEF74F
:105A500005F81378002B40F095801070FDF732FEAA
:105A60000021DFF8C8810F4645466C4B15F810AB96
:105A70001A78CBB29A4500F295800FB1674B1A7035
:105A80006B4BDFF8B081DA7E08EB440703921A7F94
:105A90005B7F05920693029AE3B29A427FF67BAA55
:105AA000654B664A1B5D5278134268D000254FF063
:105AB000F00B594E06F1300AF378002B38D009214B
:105AC00040F28A20FCF718FB3388A9EB03039BB252
:105AD000984240F29E8096F802C097F85A100CF156
:105AE0002C0C08EB4C0C9CF802209CF803C0891A83
:105AF00097F85B20A2EB0C02524301FB01210BFB48
:105B000003F2B2FBF0F21FFA82FC0CFB0CFC8C459A
:105B10007FD392B21E2A38BF1E221E3A92B252433F
:105B20008A4276D8C3EB0323B3FBF0F3DB43DBB24B
:105B30002B44FF2B28BFFF230636B245DDB2BBD175
:105B4000039B8DF88830059B8DF88930069B03FBFD
:105B500005552D128DF88A502298FEF743FCC0F3AC
:105B60000722C0F307438DF8AC008DF8AD208DF807
:105B7000AE30C1B2DBB22046D2B2FEF75FFD0134D7
:105B8000023788E700287FF468AF234BD87058723B
:105B9000D8735875D87683F8210083F8270083F8E6
:105BA0002D005AE701F10C0008EB400043788078A3
:105BB000002643EA00231848A9EB0303864615F89C
:105BC00001CF9BB290F803B0BBF1000F07D090F863
:105BD00002B0E34503D1B0F800B09B4517D00336BF
:105BE000182E00F10600EDD1062000FB02F62EF87B
:105BF00006304FF001030EEB0600C3704FF00003B8
:105C00000127013280F802C0037102F0070201315E
:105C10002FE700238CE700BF542B00201C1C002022
:105C2000EC2B0020181C0020151C0020BC2B002091
:105C3000F32E0020A4DE00089EDF0008AF0E002037
:105C40002878FEF7A3FDC0F30723ADF87400C4B2B3
:105C5000029357B10023A94A137193721374937579
:105C6000137782F82230A64A1370A64B1D68A64B04
:105C70001A68954240F0EC80A44B9A7F0692DA7F36
:105C800093F8203003920593A14B03EB4406FA33BB
:105C90000793029AE3B29A427FF67DA9079B9D4A39
:105CA0001B5D5278134200F0D0800027DFF84C8251
:105CB00008F1240B98F80430002B00F09D800A2195
:105CC00040F22620FCF718FAB8F80010691A89B2D9
:105CD000884240F2108198F8023098F80320702B27
:105CE00034BF4FF0FF3E4FF0010E202A34BF4FF07B
:105CF000FF3C4FF0010C96F85A901FFA8EFEA9EB6C
:105D0000030996F85B301FFA8CFC9B1A0EFB119965
:105D10000CFB1133C1EB0121B1FBF0F19AB21BB2C4
:105D20005B431FFA89FA0FFA89F909FB0933B3F5C6
:105D3000297F6FEA01009FBF4FF42971C3EB032352
:105D4000B3FBF1F3D9430EEB8E030EEB430E4FEA98
:105D50004E0E1FFA8EFE0CEB8C03F2440CEB430C40
:105D60001FFA8AF30FFA8AFA0AFB0AFA4FEA4C0C76
:105D70001FFA8CFC624498BFC9B2C0B21FFA82F904
:105D800012B298BF00FB011102FB02A28CBF0021DE
:105D9000C1F30721B2F5C87F00F2A9804FF4C87A99
:105DA000C2EB0222B2FBFAF2D2434FEA600AD2B24D
:105DB0000AFB0222120AE1440FFA89F909FB09F9E8
:105DC00073441BB203FB03930A44FF2A28BFFF223C
:105DD000C42B00F28E80C421C3EB0323B3FBF1F389
:105DE000DB438010DBB200FB03331B0A13449BB27E
:105DF000FF2B28BFFF23DBB23B44FF2B28BFFF2331
:105E000008F10608C345DFB27FF454AF069B8DF856
:105E10008830039B8DF88930059B03FB07773F1281
:105E20008DF88A702298FEF7DDFAC0F30722C0F3DE
:105E300007438DF8AC008DF8AD208DF8AE30C1B2BF
:105E4000DBB22046D2B2FEF7F9FB0134023620E77E
:105E5000314A1D60FDF702FE137843B138B9274B74
:105E60001871987218749875187783F82200DFF803
:105E7000AC80002746461070DFF894A0FDF722FCA6
:105E800016F8109BFBB299457FF6F6AE002207F19B
:105E90000C0308EB4303597816F8010F9B7841EA8D
:105EA000032100F12C030AEB430393F802C093F89B
:105EB00003E0691A114B89B293F804B0BBF1000FEB
:105EC0000BD0B3F800B08B4507D193F802B0E3458F
:105ED00003D193F803B0F34507D00332122A03F13C
:105EE0000603E9D10022FDF783FC0137CAE700224F
:105EF00061E700237AE700237EE700BF302B002014
:105F0000BC280020EC2B0020201C0020F32E0020B9
:105F1000A4DE0008AF0E00201D1C0020BC2B0020BA
:105F20002878FEF733FCC3B20293C0F30723ADF821
:105F300050000593DFB1FDF787F902230022624D7F
:105F4000624C63486349EA54E254C254CA5404336D
:105F5000822BF8D100231A465F4901F82320013330
:105F6000182BFAD1FF215D4B19705D4B1A80FDF79C
:105F70008BFD5C4BD3F800A05B4B1A68924540F058
:105F8000C1800023544A12F82310069111B901333D
:105F9000182BF8D1554B5A7807929A78DB780892EB
:105FA0000993029A524B03EB420BFA330A939DF882
:105FB0000840059BA3427EF6EFAF029A0A9B9B5CCA
:105FC0004C4A5278134200F00E84A4F108030D2BC2
:105FD00000F2AA814FF00003ADF854308DF856302E
:105FE000204615A9FEF758FA069B002B00F0E28325
:105FF000A4F109030B2B00F2ED83C4F1140404F0A7
:10600000FC02C4F3850304F00304134404EB4404CA
:10601000C4EB0414C3EBC303C3EBC303620002EB82
:106020004302354B002458796E235843FF23B0FBBD
:10603000F3F02146642640F2F957C0F1A0002F4D3D
:1060400092B280B2AB78DBB12B88AAEB03039BB290
:106050007343B3FBF0F39BB2BB4211D89A420FD803
:106060009B1A9BB2B3F58C7F0AD24FF48C7CC3EBA6
:106070000323B3FBFCF3DB43DBB2994238BF194681
:106080000134182C05F10405DCD1002900F0A283AD
:106090001B4B5A7C187C02FB0111DB7B09128DF82B
:1060A000AC308DF8AD008DF8AE102B98FEF79AF954
:1060B000C0F307238DF85400C0F307408DF8553026
:1060C0008DF8560086E300BFAA2A0020282A002067
:1060D000A629002024290020C428002068110020BF
:1060E000B42B0020EC2B0020241C0020A82800202A
:1060F000A4DE0008AF0E0020B0280020C228002037
:10610000F32E00204FF0FF094FF000087E4C7F4F28
:106110007F4E804DC3F800A0A3786BB12188AAEB15
:10612000010B1FFA8BFBBBF1450F00F2AE80FBF7B2
:10613000F5FF834580F0E480AB78002B39D02988C7
:10614000AAEB010B0391FBF7EEFF1FFA8BFB8345D4
:106150003DBFE02303FB0BF3B3FBF0F300234FF051
:10616000000C38BFC3F1E00303996B4A38BFDBB2C0
:106170009078FF2810D0B2F800E0AEEB010E1EF4CC
:10618000004F09D0DFF894E10EEB400090F85A0080
:10619000984228BF82F802900CF1030CBCF5C07F36
:1061A00002F10602E4D1FBF7BEFF834528BF85F864
:1061B0000280B378CBB3FDF727F8DC23B6F800B044
:1061C0004FF0000CAAEB0B0189B24B43B3FBF0F389
:1061D000C3F1DC039BB25B434F488278FF2A17D0A0
:1061E000B0F800E0AEEB0B0E1EF4004F10D0DFF85D
:1061F0002CE12C320EEB420292F802E0D278AEF1A2
:10620000D00E52430EFB0E2E9E4588BF80F80290A2
:106210000CF1030CBCF5C07F00F10600DDD1FCF7EA
:10622000F3FF814228BF86F80280BB785BB1FBF7A1
:106230007FFFB7F800B0AAEB0B0B1FFA8BFB83456F
:1062400028BF87F80280364B0434A34207F10407C5
:1062500006F1040605F104057FF45EAF002637461B
:10626000304DAB785BB1052140F2FA50FBF744FFAB
:106270002C88AAEB0404A4B2844228BFAF70013674
:10628000182E05F10405ECD17BE6BBF1460F35D0A5
:106290000391FBF743FFE922ABF146039BB2534363
:1062A000463880B2B3FBF0F303999BB24FF0000C79
:1062B0005B4319488278FF2A18D0B0F800E0AEEBB3
:1062C000010E1EF4004F11D0DFF850E02C320EEB1F
:1062D000420292F802E0D278AEF1D00E263A524352
:1062E0000EFB0E2E9E4598BF80F802900CF1030C19
:1062F000BCF5C07F00F10600DCD118E70023D5E72C
:1063000084F8028018E700BFAA2A00202429002070
:10631000A6290020282A0020F22B0020A4DE000855
:106320002A2B0020C228002000273D46C04EB1780D
:10633000FF290AD02346F278308807F065FA28440E
:1063400080B2FF2828BFFF20C5B20337B7F5C07F52
:1063500006F10606EBD1079B00268DF85830089B06
:106360004FF064098DF85930099BB24F03FB055576
:106370002D128DF85A501698FEF734F8C0F3072303
:106380008DF85400C0F307408DF855308DF8560055
:1063900007F18008BD783B88FDB1AAEB03039DB2ED
:1063A000FBF7C6FE854280F0618109FB05F3B3FB74
:1063B000F0F39BF85B209BF85A10403A5243503957
:1063C0009BB201FB01225B439A4200F24F81C5EB75
:1063D0000525B5FBF0F5ED43EDB23544FF2D28BFA3
:1063E000FF250437B845EEB2D4D1A6B3924B9A7BC1
:1063F000597B02FB06661B7B36128DF860308DF8E8
:1064000061108DF862601898FDF7ECFF9DF854302C
:10641000C0F30721C0F307428DF8AC00C0B20344BB
:10642000FF2B28BFFF238DF854309DF855308DF891
:10643000AD10C9B20B44FF2B28BFFF238DF8553098
:106440009DF856308DF8AE20D2B21344FF2B28BFF2
:10645000FF238DF856300025204615A9FEF71CF8BD
:106460002F46A846A946754EB3780393002B49D012
:106470003388AAEB03039BB20B93FBF74FFE0B9BF6
:1064800083423FD26C48272B01794279C0788DF83E
:1064900061108DF860008DF8622000F2E9803E2CDA
:1064A00040F03B811898FDF79DFFC0F30723C0F330
:1064B00007428DF85C008DF85D30C0B2DBB29842C7
:1064C0008DF85E20D2B240F22B818242114638BF55
:1064D0000146C9B295B14F45BC4638BFCC465FFABC
:1064E0008CFCC44538BFC4465FFA8CFC8C450399CC
:1064F00021BF29463A4643464846039117469846E7
:106500008146039D4E4B0436B342ADD12DB18DF87B
:1065100054908DF855808DF856704FF00008E025A6
:10652000484F494EBB78ABB33B88AAEB03031FFA35
:1065300083F9FBF7F8FD81452CD205FB09F3B3FB8A
:10654000F0F39BF85A20C3F1E003DBB29A4221D367
:10655000D31A48BF0F3313F47F6F4FEA2312C3F3EC
:10656000071140F0EA80344BD9791A7A9B798DF87B
:1065700075108DF874308DF876201D98FDF732FF78
:10658000C0F307238DF85400C0F307408DF8553051
:106590008DF8560008F10108B8F1200F07F1040743
:1065A000C0D10027DC263D46DFF8A08098F80230F5
:1065B000002B55D0B8F80030AAEB03039AB2FCF7D1
:1065C00023FE82424CD206FB02F3B3FBF0F39BF8AE
:1065D0005B109BF85A204943C3F1DC039BB2D03ACD
:1065E00002FB021203FB03F18A4239D9002003FBAC
:1065F00003F1914280F0D38003F1200189B2494335
:106600009142C0F0CC80C3B2002B40F0B0800A4B66
:10661000997ADA7A5B7A8DF889108DF888308DF85E
:106620008A202298FDF7DEFEC0F3072310E000BFAA
:10663000F22B002024290020F32E0020AA2A00207B
:106640002A2B0020282A0020D8DB0008A6290020B9
:106650008DF85400C0F307408DF855308DF8560082
:106660000137202F08F10408A0D1B9E40025B4E6D1
:10667000452B0FD83E2C50D1C3F18C03DBB25343D2
:106680006422B3FBF2F31899ADF8AC108DF8AE307C
:106690002B9808E70C930B92FBF740FD0C9B0B9A91
:1066A00083423AD2462B36D04FF0E90CA3F1460193
:1066B00089B20CFB01F1A0F1460C1FFA8CFCB1FB76
:1066C000FCF189B29BF85BE09BF85AC0AEF1260E54
:1066D0000EFB0EFEACF1D00C0CFB0CEC01FB01FE32
:1066E000E6451AD31E2938BF1E211E3989B24943F7
:1066F000614512D8463B9BB24638C3EB032380B2B8
:10670000B3FBF0F3DB43DBB202FB033318991B123C
:10671000ADF8AC10BAE70021D4E7002318461A46BA
:106720009A42114638BF194611F0FF017FF4D2AEEC
:106730003A46434648460395E0E603293FF62AAF2A
:10674000B25C9DF8543002FB03331B128DF85430B9
:106750009DF8553002FB03331B128DF855309DF820
:10676000563002FB03331B128DF8563012E74B4BA9
:106770001A5C9DF8543002FB03331B128DF8543021
:106780009DF8553002FB03331B128DF855309DF8F0
:10679000563002FB03331B128DF8563060E7013090
:1067A000203304289BB27FF422AFADF854508DF80B
:1067B000565055E73A490B78FF2B0BD0394A1288CF
:1067C000AAEB020292B2B2F5C87F13D2A4F109017A
:1067D0000B2912D99DF856309DF855209DF854107C
:1067E0000298FDF72BFF029B0BF1020B0133029382
:1067F000FFF7DDBBFF230B70ECE7A3F109010B29C9
:10680000E8D8C4F11405C3F11401E8B2CEB2C5F35F
:106810008505C1F385018D42DCD1B04286BF143BB2
:106820001B18E31ADBB203EB8303B2EB830F4FEACF
:106830008301CFD3541AA4B2B4F58C7FCAD20322F9
:1068400019492BA8FAF74AFE4FF48C73C4EB0424C1
:10685000B4FBF3F4E4438DF8AE4026E4134B1B681D
:10686000C3F38123022B12D0032B14D0012B4FF042
:10687000000209D011461420FCF7A0F902220C4BAB
:106880001A7035B0BDE8F08F14211046F4E70021EE
:1068900014220846F0E714221146F6E7D8DB000878
:1068A00068110020BE280020A9280020EC2B002021
:1068B000AE0E00202DE9F04F994C93B0D4F8008033
:1068C00004F0C8FF8146A0EB080604F0C3FF206077
:1068D0000024944F054697F800C02046614608F50D
:1068E0007F43FF33A3EB090EE3B29C450FD800B101
:1068F00039708D4CDFF83482277898F80060032FC8
:1069000033D8DFE817F01B0035005005560504F1B9
:106910000C0207EB4202537892F80280013443EAFA
:1069200008239E4529BF9B1901F1FF315370C3F322
:1069300007233ABF0120C9B29370D5E700227C4BF0
:1069400078491A707B4B29227B481D60FAF7C6FDF7
:106950007A4B1B782BB97A4B1B7813F0030718BFBF
:106960009F08012388F80070237013B0BDE8F08FF2
:106970003046FDF71DFF002EF7D06D4B187801381B
:10698000C0B2FDF703FF6F4B6F4A1B78C4B2C0F370
:106990000725002B40F05B8402201370FDF752F8AE
:1069A000002876D02646F3B29D4200F2AA8002204B
:1069B000FDF748F806460246002800F05782FBF72C
:1069C0004DFD624BDFF878A11B78804603939AF85F
:1069D00000304FF001099B08162B08BF0627DFF88F
:1069E00070B1039A5FFA89F3934240F094801046A5
:1069F000FBF7FEFCFBF7D0FC8DF82C00C0F307235F
:106A0000C0F307408DF82E008DF82D300B9BADF8AC
:106A100028301B0C8DF82A300A98FDF7E3FCC1B230
:106A2000C0F30722C0F307431BF8010B844203D8CD
:106A3000854201D9FDF702FE09F101095FFA89F3E8
:106A4000BB42CED9434B1B78002B40F08980322CBF
:106A500000F2BF84322D05D93C231A461946322054
:106A6000FDF7ECFDB8F1070F40F0A1803A4B997D9E
:106A7000DA7D5B7D8DF821108DF820308DF8222095
:106A80000898FDF7AFFCC1B2C0F30722C0F307437B
:106A900090E00320FCF7D6FF002883D10520FCF707
:106AA000D1FF064600287FF47DAF0520FCF7CAFF22
:106AB000002800F067820027DFF8A08018F8010B9B
:106AC000844206D8854204D90023FF221946FDF7E7
:106AD000B5FD0137FFB2102FF0D11C2C00F2588108
:106AE0001C2D40F248820023FF211A461C20FDF78E
:106AF000A5FD142C00F24C81FF23002280211420DC
:106B00002FE19C4205D8002330461A461946FDF76E
:106B100095FD013647E7FF231A46194684E700BF73
:106B2000481B0020DA250020AE0E0020581B002054
:106B3000AF0E0020EC2B0020BC2B00201C250020D9
:106B4000A828002040270020571B002063110020A8
:106B5000D2DB000862110020F32E0020BEDB00080B
:106B6000B8F1060F40F0B480824BD97C1A7D9B7C33
:106B70008DF825108DF824308DF826200998FDF722
:106B800031FC322CC0F307238DF84400C0F30740DA
:106B90008DF845308DF8460009D8322D07D9C3B29B
:106BA0009DF8452032209DF84410FDF747FDFF2356
:106BB0001A461946162C04D8162D02D91620FDF7B0
:106BC0003DFD4046FBF7E8FBC0F307238DF841305D
:106BD000C0F307438DF84230FF238DF84530DC23A6
:106BE0008DF844008DF846308DF840001198FDF77F
:106BF000F9FB212CC1B2C0F30722C0F307436FD8C1
:106C0000212D75D92120FDF719FD222D6CD1072CDE
:106C100005D8FF2307201A461946FDF70FFD002768
:106C2000554BDFF8588193F8009018F8010BFBB230
:106C3000994514BF4623EB23844205D8854203D9E6
:106C40001A461946FDF7FAFC0137042FEDD1262C20
:106C50000FD8262D51D9DC235A2296212620FDF764
:106C6000EDFC262C05D0DC235A2296212520FDF7A9
:106C7000E5FC9DF841302833FF2B28BFFF23422C31
:106C8000DBB23FD8422D0BD91A4619464220FDF7F8
:106C9000D5FC432D04D91A4619464320FDF7CEFCF6
:106CA0003F2C9DF842302FD81433FF2B28BFFF23F1
:106CB0003F2DDBB258D91A4619463F20FDF7BEFCDE
:106CC000032C21D81A4619460320FDF7B7FC1BE018
:106CD000322C00F27E83322D7FF6C4AEFF23BCE659
:106CE000222C9CD1222D9AD92220FDF7A7FC8EE7D9
:106CF000072C94D8072D92D98BE7262CB9D0262DB6
:106D0000B7D1B0E7432CC4D0FBF7A8FB431EDBB2DE
:106D10000A2B96BF1A4B9AF804301B5C1433FF2BD6
:106D200028BFFF23022CDBB22CD8022D30D91A4603
:106D300019460220FDF782FC042D29D91A4619466E
:106D40000420FDF77BFC242D22D9FF2324201A46A2
:106D50001946FDF773FC4F2D1AD91423B422E621EE
:106D60004F20FDF76BFC13E0032CCDD8032DCBD9BE
:106D7000A8E700BFF32E002090280020CEDB0008FB
:106D8000B0280020042CD7D9242CDCD94F2CE2D9F0
:106D90000120FCF757FE20B11EB129462046FDF721
:106DA00095FCFCF711FABD4B02461B783BB3022061
:106DB000FCF748FE18BB12B3B94BD97C1A7D9B7CFB
:106DC0008DF83D108DF83C308DF83E200F98FDF782
:106DD00009FB322CC0F307238DF84400C0F30740B1
:106DE0008DF845308DF8460009D8322D07D9C3B249
:106DF0009DF8452032209DF84410FDF71FFCA94F57
:106E00003B78002B00F0C580A74B1E8804F022FDC4
:106E1000801B80B2B0F5617FC0F0E38040F24B434D
:106E2000984200F2B480C823A0F5617080B2C0EB34
:106E30000020B0FBF3F6F643F6B2FBF70FFBFBF7CF
:106E4000ABFAC0F307238DF839303B788DF8380062
:106E5000013BC0F307408DF83A00032B00F2998004
:106E6000DFE813F0C1002A01390144010320FCF7D7
:106E7000E9FD064600287CD0302C1AD8302D40F28F
:106E8000DB821346FF2230201146FDF7D7FB2C2C66
:106E900005D80023A522FF212C20FDF7CFFB4A2D8A
:106EA00040F2CF828023002219464A20FDF7C6FB1C
:106EB000C7E24A2C00F2C582F1E7342C40F2D182BD
:106EC000452C3FF665AF452D09D861E7FF231A46EB
:106ED00000213420FDF7B2FB452D40F2C58200238E
:106EE000FF211A464520FDF7A9FB142C3FF650AFB1
:106EF000FF23002280211420FDF7A0FB142C3FF477
:106F000047AFFF23002280211320FDF797FB132CAE
:106F10003FF43EAFFF2300228021122021E7634A85
:106F2000127892B1282C0DD8282D40F29D82FF2294
:106F300019462820FDF782FB342D40F2958200236C
:106F4000FF22C5E7342CBBD8F6E7282C0ED8282D15
:106F500040F28A82FF2328201946FDF76FFB342D6B
:106F600040F28282FF2300221946B2E7342CA7D8D0
:106F7000F5E7012699E5142C3FF60AAF142D7FF6AC
:106F800007AFB9E529462046FDF7A0FB00E700233F
:106F90003B70474B1F78002F00F0BB80454B1E888D
:106FA00004F058FC41F28733821B92B29A429DBF93
:106FB00041F28833C2EB0222B2FBF3F2FF2298BF08
:106FC000D2B2D343FF21DBB28DF840108DF84130AF
:106FD0008DF84230109B00912946204605F050F96B
:106FE000A5E0FF2629E70022FF2017464FF00D0CF1
:106FF0009DF83810C2EB0223B3FBFCF3DBB29942DD
:1070000034BF5B1ACB1ADBB2802B84BFDB43DBB20D
:10701000984288BFD7B202F1010288BF18460E2AF3
:10702000E8D14FF0150841F2EB494FF00D0A4FF04F
:10703000FF0B5FFA88F39C4229D89D4227D9C3F100
:107040001503DBB29F4214BF4623FF23A8EB08229F
:107050004A44B2FBFAF206FB03331B128DF84020C0
:107060008DF842308DF841B01098FDF7BBF9C0F3B0
:107070000722C0F307438DF844008DF845208DF8B2
:107080004630C1B2DBB24046D2B2FDF7D7FA08F1C2
:10709000FF38B8F1070FCCD17BE700BF62110020A9
:1070A000F32E0020B4270020B2270020492700201B
:1070B000C3270020C62700204FF6FF73ADF84430E9
:1070C0008DF84630119B9DF83920009629462046C0
:1070D00005F0D6F85DE74FF6FF73ADF844308DF854
:1070E0004630119B9DF83A200096EFE7FBF7B6F982
:1070F000431EDBB20A2B8BBFB94BBA4B1A791A5C11
:107100004FF6FF73ADF844308DF84630119B009672
:10711000DCE7B54E337853B1B44BB3F8008004F0DC
:1071200099FBA0EB080080B2772849D93770B04BA3
:107130001E78002E59D0AF4B4FF000081E8804F087
:1071400089FB41F28733821B92B29A429EBF41F281
:107150008833C2EB0222B2FBF3F2A74B88BFFF22B7
:107160001F784FF05A034FF0FF0698BFD2B2534337
:10717000B3FBF6F3C3F15A038DF834608DF8353064
:107180008DF83680294620460D9B009605F078F84C
:10719000152C07D8152D05D94346424631461520F2
:1071A000FDF74CFA032F2ED8944BD85D84422AD891
:1071B000854228D90023FF211A46FDF73FFA22E035
:1071C0008F4BC0EB00201A78FF21D343DBB28DF840
:1071D00039308DF83A307823B0FBF3F0C0438DF8A6
:1071E0003810C0B20E9B0090F6E6864F3B7853B144
:1071F000854BB3F8008004F02DFBA0EB080080B2B3
:10720000952807D93E702946204613B0BDE8F04FB7
:10721000FDF716BA7D4BFF211A785A235343B3FB6F
:10722000F1F3C3F15A038DF831309623C0EB0020FF
:10723000B0FBF3F0C0438DF830108DF83260C0B26F
:107240000090294620460C9B05F01AF8DBE71378DE
:10725000DFF8BCB16F4F704EDFF8C081DFF8C0A11E
:107260008BB98BF800303B70337004F0F3FAC8F838
:1072700000000120FCF7E6FB8AF8000004F0EAFABF
:10728000684B694A18804FF00109484682F800901F
:10729000FCF7D8FBE0B19AF800302BB904F0DAFA29
:1072A000604B8AF8009018809BF80030A3B15D4BCA
:1072B000B3F8009004F0CEFAA0EB09091FFA89F99F
:1072C000B9F1950F94BF4FF000094FF0010905E0A7
:1072D0008AF800008BF800904FF0000904F0BAFA29
:1072E000D8F800103A78411A0B025B1A002A49D0EC
:1072F000C821B3FBF1F331780B44FF2B4ED85FFA72
:1073000083FA4A4B9145997DDA7D5B7D8DF8451076
:107310008DF844308DF8462018BFC8F80000119849
:107320001CBF86F800A087F80090FDF75BF8152CCD
:10733000C0F307238DF84000C0F307408DF84130BB
:107340008DF842003FF65FAF152D7FF65CAFC3B2FC
:10735000FF209DF84120A0EB0A019DF84060C1EBA1
:1073600001210AFB03F30AFB02F20AFB0611B3FB3D
:10737000F0F3B2FBF0F2B1FBF0F1DBB21520D2B2C8
:10738000C9B21AE77821B3FBF1F396F800A0534590
:1073900007D2AAEB030A5FFA8AFAB2E74FF0FF0AB4
:1073A000AFE79246ADE7304613B0BDE8F04FFBF7CC
:1073B00007BC1F4B1B780BB1FCF77AFE1D4B1D68F9
:1073C00004F048FA401B0F287FF6CFAA0023FFF7EE
:1073D000CBBAB8F1070F7FF4F4ABFFF747BB00BFA0
:1073E000A8280020B0280020C2270020C0270020A5
:1073F000AC270020AA270020A8270020CEDB000809
:10740000C4270020A7270020A4270020A6270020AB
:10741000561B0020551B0020541B0020501B002031
:107420004E1B00204C1B0020571B0020F32E002079
:1074300008250020EC2B00202C2C02D82C2D3FF608
:1074400028AD134B1B78002B3FF469AD282C3FF679
:1074500034AD282D08D9FF2300211A462820FDF736
:10746000EDF8342D3FF632AD142C3FF691AC142DCF
:107470003FF63EAD142C3FF48BAC142D3FF441ADE0
:10748000132C3FF485AC132D7FF482AC42E500BF92
:107490004A27002038B50C460546FCF7EFFB9CB1A7
:1074A00040F2E73309494FF47A72A4FB0141E01836
:1074B00041F100010023FAF74BFC04F043FA28469F
:1074C000BDE83840FCF7AABC0120F6E7A086010021
:1074D0002DE9F04F0379044687B0002B01F0EA83D1
:1074E0000121FBF747FF6379064643BB35462288F7
:1074F000002A4CD10120FCF7A5FA002847D0022031
:10750000FCF7A0FA002842D1637923B19A4A137894
:1075100083F001031370994B1B785F0701F0CA8356
:107520006379002B01F0C683954B5B785E0741F1D0
:10753000C183022007B0BDE8F04FFBF74FB8914B75
:107540001D88002DD2D0A842D1D0E8B202289CBF1D
:1075500014228D4B4FF0000105468CBF002502FB25
:10756000003503F0ADFE01460028BFD04379068008
:1075700043F004034371284603F0F4FE0022834BDA
:10758000012120461A70FBF7F5FE0546AFE77A4B5E
:107590001B78002B40D040F20A539A4200F07D82C3
:1075A00062782378032A07D10D2BB4D16379002B9D
:1075B000B1D0FCF7EBF8AEE7012A07D10D2BAAD129
:1075C0006379002BA7D0FCF7EBF8A4E73AB90D2BB1
:1075D0000FD16379002B9ED0FCF7ECF89BE7052ACE
:1075E00099D1052B97D16379002B94D0FCF7ECF857
:1075F00091E72BB96379002B8DD0FCF7EFF88AE780
:107600000C2B88D86279002A85D0614A134413F87C
:10761000010CFAF759FD7EE740F204539A4216D165
:10762000627962B10120FCF70DFA18B3594B1A7850
:1076300002BB012203201A70FCF792FA6BE7554B4C
:107640001978B9B103201A70FAF722FF63E740F204
:107650000D239A420ED147F646639D42607902D1CE
:10766000FCF782FC57E728B94B4B1B7813B1FCF7AA
:107670007BFC50E747F65E639D4205D10021012067
:107680006279FBF74BFD46E7A5F5FC46A6F15303EF
:107690009BB2032B0ED8533DEDB2294600206279F0
:1076A000FBF73CFD6379002B3FF435AF2846FCF730
:1076B000EFF830E721462846384AFCF7A3FA0028BD
:1076C0003FF429AF21462846354AFCF79BFA0028AB
:1076D0003FF421AFA5F5F0432B3B6179212B00F25C
:1076E000D181DFE813F09200CF01CF01CF01CF01AC
:1076F000CF01CF01CF01CF01CF01CF01CF01CF010A
:10770000CF01CF01CF01CF01CF01CF01CF01CF01F9
:10771000CF01CF01220084008B00E10008012F017E
:1077200056017D01A6019C00BC0000293FF4F3AE88
:107730001C4D6B79FF2B37D108236B71002500207E
:10774000FBF734FAC821802303224F2001950095CE
:10775000FBF728FF80230322C8214E2001950095C6
:10776000FBF720FF80230322C821284601950095BE
:10777000FBF718FFCFE600BF40270020542700206A
:1077800056270020202F00206C11002058270020B1
:1077900098DD00084B270020942800205D11002070
:1077A00058110020A8280020AA78EB7869788DF875
:1077B00012308DF810108DF811200498FCF712FE8D
:1077C000C0F30721C0F307428DF814008DF815109F
:1077D0008DF81620C9B2D2B2C0B2FBF7EFF9FF2381
:1077E00000206B71FBF7E2F906F06CF893E60029D4
:1077F0003FF491AE0020FBF749FA8CE600293FF4F4
:107800008AAE0020FBF750FA85E600293FF483AEEC
:1078100000210120FBF71CFA06F054F87BE6002952
:107820003FF479AEBA4B1B79EE2B14D90025FBF748
:10783000DFFE80230422C8213D2001950095FBF73F
:10784000B1FE2B460222C8213C2001950095FBF792
:10785000A9FE06F037F80020FBF7A0FA5BE6002946
:107860003FF459AEAA4E3379102B19D80025FBF7F7
:10787000BFFE2B460222C8213D2001950095FBF753
:1078800091FE80233C200422C82101950095FBF73E
:1078900089FE06F017F8102328463371FBF786F9A6
:1078A0000020FBF787FA36E600293FF434AE984B08
:1078B0005B78F62B16D9002580230422C8212820C6
:1078C00001950095FBF76EFE2B460222C821292068
:1078D00001950095FBF766FE05F0F4FF0020FBF72D
:1078E00005FA18E6FF230122962128200193009330
:1078F000FBF758FEF2E700293FF40DAE844B5B78AE
:10790000082B16D8002502222B46C82128200195D5
:107910000095FBF747FE80230422C821292001950A
:107920000095FBF73FFE05F0CDFF0020FBF7E8F9DF
:10793000F1E5FF2301229621282001930093FBF714
:1079400031FEF2E700293FF4E6AD714B9B78F62B50
:1079500016D9002580230422C8213B2001950095DB
:10796000FBF720FE2B460222C8213A200195009504
:10797000FBF718FE05F0A6FF0020FBF7CFF9CAE5DC
:10798000FF23012296213B2001930093FBF70AFE7F
:10799000F2E700293FF4BFAD5D4B9B78082B16D86A
:1079A000002502222B46C8213B2001950095FBF7BC
:1079B000F9FD80230422C8213A2001950095FBF7A8
:1079C000F1FD05F07FFF0020FBF7B8F9A3E5FF23E9
:1079D000012296213B2001930093FBF7E3FDF2E7A0
:1079E00000293FF498AD4A4BDB78F62B18D90025D7
:1079F00080230422C821422001950095FBF7D2FD87
:107A00002B460222C821432001950095FBF7CAFDB1
:107A100005F058FFFBF7ECFD0020FBF79FF97AE536
:107A2000FF2301229621422001930093FBF7BAFD28
:107A3000F2E700293FF46FAD354BDB78082B18D8FF
:107A4000002502222B46C821422001950095FBF714
:107A5000A9FD80230422C821432001950095FBF74E
:107A6000A1FD05F02FFFFBF7C3FD0020FBF786F912
:107A700051E5FF2301229621422001930093FBF759
:107A800091FDF2E7002940F0F48725F004039BB252
:107A9000E12B40F0EE87FBF705FE6779002F00F041
:107AA000FD82A5F5EE439BB27F2B00F2F782EDB28B
:107AB0000F2D3FF630AD01214FF42F7005AA03F0D2
:107AC00067FA9DF81460002E7FF425AD40F2BD27C3
:107AD000002D40F03082DFF83C90DFF83CA00596A6
:107AE00005A803F071FA00283FF415AD012840F015
:107AF000728205A803F068FA431E0546032B00F2C4
:107B00003282DFE813F0270238023E02440200BF4F
:107B1000A8280020F4DD0008E4DD0008B44DB54ECF
:107B2000B1B12A78C821002A0EBF01230023002208
:107B30002B704FF0FF0309BF327000920193009346
:107B40004FF028000CBF134601930322FBF72AFDD8
:107B50002B78327813437FF4DEAC00210120FBF751
:107B600077F800238022FF21A620FBF7ADF8D2E4AE
:107B70009F4EA04DB1B12B78C821002B0EBF012222
:107B8000002200232A704FF0FF020BBF33700192D6
:107B9000CDE9002300934FF0340018BF13460322B1
:107BA000FBF700FD33782A78D4E700293FF4B3AC23
:107BB00091490B78C3F3001282F0010262F30413BF
:107BC0000B70A8E40025FF278C4E01970097013524
:107BD000FF230322C82116F8010BEDB2FBF7E2FCEC
:107BE0000A2DF2D101F028B800293FF494AC01220B
:107BF000834B1A708FE400293FF48DAC0022804B38
:107C00001A7088E400293FF486AC7D4A137883F02B
:107C1000010313707FE400293FF43FAFFBF7B6FD8B
:107C20003BE700293FF439AFFBF7BAFD35E7002900
:107C30003FF433AFFBF7BEFD2FE700293FF42DAF34
:107C4000FBF7C2FD29E700293FF427AFFBF7C6FD8C
:107C500023E700293FF421AF1420FAF735FA1CE797
:107C600000293FF41AAF1320F7E700293FF415AFBE
:107C70001220F2E700293FF410AF1120EDE70029B0
:107C80003FF40BAF1020E8E700293FF406AF0F20C8
:107C9000E3E700293FF401AF0E20DEE700293FF4BF
:107CA000FCAE0D20D9E700293FF4F7AE0C20D4E755
:107CB00000293FF4F2AE0B20CFE700293FF4EDAEF0
:107CC0000A20CAE700293FF4E8AE0920C5E70029E9
:107CD0003FF4E3AEFBF778FA01224A4B80F0010053
:107CE0001870494B1A7003F0B5FD484B1880D4E664
:107CF00000293FF4D2AE23880E2B7FF4CEAE444F42
:107D0000444E3B7833B901233B7003F0A3FD306050
:107D100000F070BFD6F8008003F09CFDA0EB0800D7
:107D20009528F0D8FFF7F7BB00293FF4F4AB3A4BA6
:107D300001211A780B2A08BF0020384A16BF0B20F1
:107D4000107011704FF001020CBF19701870344B95
:107D50001A70FFF7E0BB00293FF4DDAB0C222E4B7D
:107D60001A70FFF7D8BB00293FF4D5AB0420FBF70E
:107D700069FE012380F0010080002A4AC0B28340DE
:107D80001370FFF7C8BB2848FBF7DAF8FFF7C3BB4F
:107D90002648FBF7D5F8FFF7BEBB2548FBF7D0F820
:107DA000FFF7B9BB2348FBF7CBF8FFF7B4BB22487A
:107DB000FBF7C6F8FFF7AFBB2048FBF7C1F8FFF7AA
:107DC000AABB1F48FBF7BCF8FFF7A5BB1D48FBF794
:107DD000B7F8FFF7A0BB00293FF49DAB0020FAF7EE
:107DE00063FF01230C4A13700D4A1370FFF793BB16
:107DF0004A2700204927002056270020A4DD00083C
:107E0000691100201E2F00201F2F00201C2F002092
:107E10004827002044270020631100206211002021
:107E20009128002053270020D72F0008D12F0008C9
:107E30003B30000835300008B7300008B13000088A
:107E4000173100081131000800293FF464AB00200D
:107E5000FAF71CFF0123864A1370864A1370FFF756
:107E60005ABB00293FF457AB00210120FAF7F0FE7E
:107E700001237F4A13707F4A1370FFF74CBB002920
:107E80003FF449AB0020FAF7B3FE0122794B1A7098
:107E9000FFF741BB00293FF43EAB774B1878013028
:107EA00000F00300FBF7F4FCFFF735BB00293FF4BB
:107EB00032AB0120FAF7C4FAFFF72DBB00293FF4DB
:107EC0002AAB0220FAF7BCFAFFF725BB00293FF4E2
:107ED00022AB0320FAF7B4FAFFF71DBB00293FF4E9
:107EE0001AAB0420FAF7ACFAFFF715BB00293FF4F0
:107EF00012AB0520FAF7A4FAFFF70DBB00293FF4F7
:107F00000AAB0620FAF79CFAFFF705BB5B4B51B1B1
:107F100001221A7003F09EFC0022594B1880594B25
:107F20001A70FFF7F8BA1B78002B3FF4F4AAFBF79E
:107F300083FCFFF7F0BABE423FF4EDAA01213046C0
:107F400005AA03F025F89DF814300BB9013DEDB2F8
:107F50000136BDE505A803F037F839280CBF5021DC
:107F60000021FFF797FA012003F0ECFC002D7FF4CD
:107F7000B7ADFFF7D0BA05A803F026F8FBF77EFEF1
:107F8000F1E705A803F020F8FBF748FFEBE705A8A9
:107F900003F01AF8002605464FF00A083A4F795DBB
:107FA00011F004010DD1A6B140F2E730374F4FF484
:107FB0007A720023C6FB0701F9F7CAFE03F0C2FC80
:107FC000D1E705A803F000F8303D08FB065605464A
:107FD000E5E70120F2E72E4B00F0070513F800B0AB
:107FE000C0F3C70319F803601AF80370294A2E4139
:107FF0002F4116F0010612F8038007F0010709D09F
:10800000254A137843F002031370FBF7B3FD0120F8
:1080100003F098FC4FB1204A137843F040031370EB
:10802000FBF7A8FD012003F08DFC58460021FFF767
:1080300031FA012003F086FC2FB1E620FBF7EEFEBB
:10804000012003F07FFC2EB1E120FBF7E7FE0120C9
:1080500003F078FC48FA05F818F0010F3FF440AD42
:1080600000212C20FFF716FA012003F06BFC37E506
:10807000631100209128002090280020C3270020B1
:10808000C6270020C2270020A5DA0008A08601002C
:1080900004DE0008E4DD0008F22E0020A5F5AE4362
:1080A000FF2B00F28680E8B2022881463FF633AA11
:1080B000394603F005F9064600283FF42CAA437917
:1080C000DFF8C08267F300034371002F5BD003F039
:1080D000C1FBAD4BAD4A1880B37812780133B37051
:1080E000AB4B30461B781343F370AA4B1B783371AC
:1080F000142303FB09F308EB030158F80320096973
:1081000003F010F9737913F0020F0CBF2A46002216
:10811000A14B1A806279002A00F05C8100219F4BFC
:10812000A5F5E0461970B3B2222B00F29B8504201E
:10813000FBF7CBF89A4D013E2880212E7CD8DFE852
:1081400016F0BE003901C6008C009000CA009400F1
:10815000CE00DA00A0003101A400DE00A800E20099
:108160000801AC00E6001001B200EC00F400980039
:10817000D2009C00D600B800F000FF001A011F01D9
:108180008700C2004101142303FB0988D8F80C20A2
:10819000D8F8101003F0C6F873799B07BAD53146AA
:1081A000404603F0C3F87C4B1A88AA42B2D11F8024
:1081B000B0E7A5F5F843183B062BABD8DFE803F092
:1081C000141C040C242C3400E122262311463846CA
:1081D00005F00CF8FFF79FB9E52227231146384632
:1081E00005F004F8FFF797B92623E122E02138468D
:1081F00004F0FCFFFFF78FB92723E522E42138467E
:1082000004F0F4FFFFF787B92623E122E221384684
:1082100004F0ECFFFFF77FB92723E522E62138467B
:1082200004F0E4FFFFF777B928230122E52138465F
:1082300004F0DCFFFFF76FB92B7843F001032B70DC
:1082400004202988FBF7EAF8FBF7A4FDFFF763B9E0
:108250006B7843F008036B70F2E72B7843F002036E
:10826000EDE72B7843F00403E9E72B7843F00803AC
:10827000E5E76B7843F00103EDE76B7843F0020329
:10828000E9E72B7843F01003D9E72B7843F020037C
:10829000D5E72B7843F04003D1E7FBF77BFD2B7844
:1082A00043F08003CBE72B7823F00C0343F00C035F
:1082B000C5E76B7823F0030343F00303CBE72B7888
:1082C00023F00103BBE76B7823F00803C3E72B78A7
:1082D00023F00203B3E72B7823F00403AFE72B78F6
:1082E00023F00803ABE76B7823F00103B3E76B7867
:1082F00023F00203AFE72B7823F010039FE72B78DE
:1083000023F020039BE72B7823F0400397E7FBF74C
:1083100041FD2B7823F0800391E72B7823F00C03A9
:108320008DE76B7823F0030395E72B78C3F3800286
:1083300082F00102D2B262F3820362F3C3037EE7EA
:108340006B78DA4302F0010262F3000362F3410347
:1083500081E72B78C3F3801282F0010262F3861367
:108360006DE7FBF717FD2B78C3F3C01282F0010213
:1083700062F3C71363E701210E20FBF7BDFE5FE741
:108380000021F9E76C1100204C270020F22E00207C
:108390005827002050270020202F00204E270020A3
:1083A000562700202B78C3F3001282F0010262F3FB
:1083B000041344E72B78C3F3000282F0010262F356
:1083C00000033CE76B78C3F3C00282F0010262F362
:1083D000C30340E747F616439D4242D1974B1B78B3
:1083E000002B14BF3520292003F0A4F8FBF7C2FBB3
:1083F000FFF791B81B7803F0AA03002B14BF0122EA
:1084000000228E4B0CBF292035201A7003F05AF839
:10841000ECE70120FAF7ECFBFFF77DB8002B5BD00F
:108420000120FAF741FCFFF776B8002B5BD0012062
:10843000FAF766FCFFF76FB8002B5BD00120FAF764
:108440007DFCFFF768B8002B5BD00120FAF796FCA3
:10845000FFF761B8002B5BD00120FAF7ABFCFFF708
:108460005AB8774BA5F5F0411B78403903F0220349
:108470000E295DD801A050F821F000BFB984000892
:10848000C7840008138400081D840008D5840008F0
:108490002B840008E384000839840008F184000874
:1084A00047840008FF840008558400080D850008F3
:1084B0001B850008258500080120FAF7A7FBFAF7BD
:1084C00075FBFFF728B80120FAF7B2FBFAF76EFB4D
:1084D000FFF721B8002BA3D00120FAF7D7FBFFF755
:1084E0001AB8002BA3D00120FAF700FCFFF713B84D
:1084F000002BA3D00120FAF711FCFFF70CB8002BDA
:10850000A3D00120FAF72AFCFFF705B8002BA3D06F
:108510000120FAF743FCFEF7FEBF2BB1FAF764FC2B
:10852000FEF7F9BF002BF9D0FAF74EFCFEF7F3BFC8
:1085300047F677439D4218D047F678439D4228D0AE
:10854000A5F5A543603B9BB21F2B36D8002A46D128
:1085500005F01F0301259D40EDB229460320FBF7DE
:10856000CBFD384B1D70FEF7D6BF012042B1FBF7A3
:10857000F7FA022103220120FAF70AF8FEF7CBBF2F
:10858000F9F786FF022103220120FAF701F8FEF72E
:10859000C2BF022042B1FBF7E3FA0221032201200D
:1085A000F9F7F6FFFEF7B7BFF9F772FF02210322D2
:1085B0000120F9F7EDFFFEF7AEBF002A4AD047F6DB
:1085C0005B439D422AD047F65C439D4215D047F657
:1085D0005A439D421DD047F601439D422AD047F69B
:1085E00003439D421FD0B5F5F84F33D1FBF7D2FBC3
:1085F000154B164A1A6002F0E5FF154B5878C0F388
:10860000800080F0010000F00100FAF719FFFEF78A
:1086100082BF0120FAF714FFFEF77DBF0020FAF7B2
:108620000FFFFEF778BF04F0BBFE4FF6FF7100208E
:10863000FAF7F4FEFBF7AEFBDDE700BF4F270020A3
:10864000F22E002052270020FC6F0020EFBEADDE8E
:10865000562700202388ADF810300498002A55D002
:10866000FAF762FE054601460498F9F753FFBDF894
:1086700010302846ADF814300599FAF734FEFAF7B1
:10868000E5F8DFF8809294F8068099F800700546C6
:1086900017F0070766794FEA181825D037461EB33A
:1086A000C5F3072303F0F002402A0ED0C1B201F156
:1086B0002002D2B2072A2DD903F0E003202B04D1E7
:1086C000012927D9B8F1000F26D08F4B5F7817F01A
:1086D000040709D00220F9F781FF99F8003013F060
:1086E000070F0CBF01270027C5F303330B2B6CD8F2
:1086F000DFE813F0140014004C004C00C000D70059
:108700006B006B00E1004B015D015D01F9F722FF99
:108710000546ACE70027E7E74746E5E7C5F307234B
:10872000C5F303280F2B88BF4FEA0818EDB2AEB18E
:10873000B8F1000F0CD005F12003DBB2072B00D9F4
:1087400055B9724A137848EA03031370FBF712FA1B
:108750002846FBF793FA38E06D4AF3E72846FBF723
:108760005DFBB8F1000F30D005F12003DBB2072B21
:1087700000D91DB94046FBF749FB04E0644A137871
:1087800023EA08031370FBF7F5F91EE0C5F307238E
:1087900003F0F003C5F30320202BEDB218BF000156
:1087A0003DB1012D4DD0002E56D0B8F1000F26D08E
:1087B000CEE7554B5B785D071DD426B128B1534AEF
:1087C00013780343DEE70028D5D1002F00F0CB80DB
:1087D00099F8000010F0010340F0C5806371C008F3
:1087E000FBF7BEF92046FEF773FE99F80000C008BB
:1087F000F9F74EFEB7E086B1B8F1000F02D1FBF7F2
:10880000A9FAE2E7B8F1010FDFD1424A137830EA62
:108810000301DAD003431370D7E7B8F1000FD4D1C6
:108820000390FBF734FB3B4A0398137818421CBFB4
:1088300083431370384A13781842C6D023EA0003E2
:10884000E9E71EB1B8F1050FBFD8D8E7B8F1040FBA
:10885000BBD8FBF71CFBB8E7B8F1000FF9D0392DF6
:108860000CBF4FF4FA50012003F06CF82846FBF7D8
:10887000D5FAAAE715F4406FC5F3812307D0012B81
:10888000A3D166B1C5F3090002F0FEFD9DE726B154
:10889000C5F3090002F0DCFD97E73046FAE7304601
:1088A000F2E7E8B226B102F02DFC03F019F88CE7EC
:1088B00002F07AFCF9E715F4407F31D1002E4ED159
:1088C00015F0100218BF0F22C5F342114FEA8101C3
:1088D000C9B21CBF8A40D24305F00F0303FA01F36B
:1088E000C5F381250D4918BFD2B2DBB2022D46D0A7
:1088F000032D48D0012D3DD013430A7813400B704F
:108900002DE000BF5427002056270020F22E002023
:1089100058270020502700205127002052270020F0
:10892000C5F30122CEB1D10719D515F0100218BF39
:108930000F22C5F342114FEA8101C9B21CBF8A4020
:10894000D24305F00F0303FA01F3C5F3812518BFE5
:10895000D2B2BF49DBB2022DC9E7012AE5D802F045
:108960006DFDF9F789FD0021204607B0BDE8F04F05
:10897000FAF700BD087803431A430A70EFE7134380
:108980000A785340BBE71343B9E7E9B2C5F30325BF
:1089900036B12846FBF7E4F80846FBF7DBF9DEE7DB
:1089A0000846FBF774FA2846F9F772FDD7E7EFB2ED
:1089B000A7F1F003042B40D8DFE803F003250F16DE
:1089C00021003EB1B8F1040FC9D8C5F30420F9F76E
:1089D00069FDC4E7B8F1050FF6E7C5F30420002EE2
:1089E000E2D1FBF7BDF8BAE7994A36B10123C5F3E6
:1089F000042503FA05F51570B1E71670AFE7954B3E
:108A00005B785A0704D4C5F30420002ECCD0E8E7E5
:108A10004EB15B07C5F30420E3D5C30043F0030365
:108A200089F80030DDE70120F9F7D8FDB8F1010F32
:108A300095D90220F9F7D2FD91E74EB1B8F1000FB8
:108A400003D03846FBF71AF989E7C5F30420C8E7D5
:108A5000B8F1000F0AD0392F0CBF4FF4FA500120A3
:108A600002F070FF3846FBF7D9F978E7C5F3042028
:108A70009AE747F662639D423FF60FA847F63F63C9
:108A80009D4257D84C2D00F2A380272D7FF605A8D4
:108A9000A5F12803242B3FF600A801A252F823F0E9
:108AA000177C0008477C0008237C00089B7A00089C
:108AB0003B7C00089B7A00089B7A00089B7A0008A0
:108AC0009B7A00089B7A00089B7A00089B7A000832
:108AD0009B7A00089B7A00089B7A00089B7A000822
:108AE0009B7A0008CF7C0008537C0008617C00085A
:108AF0006B7C0008757C00087F7C0008897C00087E
:108B0000937C00089D7C0008A77C0008B17C0008CD
:108B1000BB7C0008C57C00089B7A00089B7A000893
:108B20009B7A00089B7A00089B7A00089B7A0008D1
:108B30002F7C0008403E222E3EF6AFAF01A353F833
:108B400026F000BFE97B0008F77B0008057C0008E1
:108B50001D7B0008717B0008AB7B00089B7A000836
:108B6000877D0008917D00089B7D0008A57D000899
:108B7000AF7D0008B97D0008C37D0008CD7D0008E9
:108B8000D77D0008497E0008637E00087F7E0008CC
:108B90009B7A00089B7A00089B7A00089B7A000861
:108BA000957E0008AD7E0008BD7E0008CD7E0008E1
:108BB000DD7E0008ED7E0008FD7E00089B7A00083F
:108BC000297D0008577D0008677D00080D7F00089B
:108BD000AE2D3FF48DA816D8A5F1A9039BB2012BA9
:108BE0003EF65BAF00293EF458AF2379023B012BE0
:108BF0003EF653AF184B1A68184B1A600022184BF8
:108C00001A80FEF74ABF47F213039D427EF445AF38
:108C100000293EF480ACFBF7BDF841F2883002F049
:108C200091FE0C490B7883F08002D20962F3C713DE
:108C30000B70002A7EF4C6AF41F2883002F082FE4B
:108C4000FBF7A8F841F2883002F07CFEFEF763BC27
:108C50005327002056270020EC2B0020B82B0020A3
:108C6000B42B002047F616439D42144B3FF4C2AB91
:108C70001B78A5F5F041203903F022030A293FF6BD
:108C800057AC01A050F821F0138400081D8400089F
:108C9000D58400082B840008E38400083984000888
:108CA000F184000847840008FF8400085584000808
:108CB0000D85000807B0BDE8F08F00BFF22E002040
:108CC000194AF8B593790F2B0AD8537943B1174B4A
:108CD00017491B780D7816885788164CAB4200D17F
:108CE000F8BD04EBC3010879D0B134F83300B042C9
:108CF00016D14879A0B94888C01B80B2C7280FD8C0
:108D00000120937960F3071393718B7960F3071354
:108D100005488B71FEF7DCFBBDE8F840F9F74EBC67
:108D2000013303F00703D9E79C2700205A270020CE
:108D3000592700205C2700202DE9F04F044687B01A
:108D4000874D0146062202A8F8F7C8FB237895F85C
:108D5000049094F801B06779B4F802A094F8048004
:108D60000193B9F1000F1AD1B8F1000F15D0002FFF
:108D700000F0F1802046FAF729FB002800F0EB8094
:108D8000082221462846F8F7A9FBB8F1010F02D1C5
:108D90002888FAF709FBFFF793FF012540E06B886D
:108DA0006E79AAEB03039BB2002E00F0A880C72BBC
:108DB00000F28580B8F1000FEFD0AB7928880F2B37
:108DC000218850D888420CD1002F47D10122284653
:108DD00062F30713AB71FEF77BFBAB79A371002540
:108DE0001EE0002F3AD13A465946019804F0EAFCB9
:108DF0003A465946019804F0E5FC05460028EED1B4
:108E00000298FAF7D1FAC0F30332032AC3B20BD89F
:108E1000012A13D910F4706F15D0A2790F2A12D835
:108E2000284607B0BDE8F08F063202F00F02012A93
:108E30000ED92046FEF74CFB3546F1E710F4706F73
:108E400001D0002BECD02033DBB2072BE8D9F0E7C0
:108E5000EF2BE5D90F33DBB2022BF7E7AB7943F009
:108E60000103AB71BBE788420AD14FB92046A37119
:108E7000FEF72EFB082221462846F8F72FFB8CE749
:108E80002046FAF7A3FA002865D0002F63D0AB790B
:108E90001F2B0ED90022298804A8ADF81010ADF8B8
:108EA00012A08DF814908DF815208DF81630FEF76D
:108EB0000FFB082221462A48F8F710FB6BE7AB7935
:108EC0000F2B08D82846FEF703FB0822002128466E
:108ED000F7F7E2FF83E7B8F1000F3FF45EAF2888B1
:108EE00021888842CCD1002FCAD12046A371FEF739
:108EF000EFFA082239462846F7F7CEFF4DE7C72B91
:108F0000E3D8B8F1000F3FF448AF27B32A8823888D
:108F10009A4217D1AB79DA0710D40F2B0ED9A3716F
:108F200003F0F003F02B06D0A379C3F30312013250
:108F300062F30713A3712046FEF7CAFA08222146FE
:108F400007489AE72046FAF741FA0028B1D1AB79F1
:108F500043F00103AB712046FEF7BAFA1DE700BFEC
:108F60009C270020F0B589B06B4683E803009DF88C
:108F70000510002209B12B490A70ADF80E2093E8C4
:108F80000300ADF80C10C9B2029002AC39B1012156
:108F90002046FAF7EFF901212046FAF7EBF994E8B9
:108FA000030004AE86E803003046FFF7C5FE1E4FFF
:108FB00004461E4DC0B996E8030006AB83E80300E3
:108FC0009DF8141038782A7871B1461C06F007060F
:108FD000964210D01946164B082203EBC000F8F752
:108FE0007DFA3E70F9F7EAFA114C28783B78834213
:108FF0000BD109B0F0BDFAF7CDFE082221460D488D
:109000003C702C70F7F748FFEEE704EBC000FFF769
:1090100093FE0028EDD02B78013303F007032B706B
:10902000E3E700BF58270020592700205A270020D7
:109030005C2700209C27002073B502F00BFC0B4D31
:1090400084B22B88A3420ED00026ADF8006002F057
:1090500001FCADF80460ADF8020002AB13E90300B7
:10906000FFF780FF2C8002B070BD00BFE02600201B
:1090700000232DE980489BB00693934B9A68022AFF
:1090800001BF1A68914A526F5A689B6900231E46B5
:109090008F4A0133102B1660566002F10802F8D196
:1090A00001278C4B8C4D03F10C021A61DA608B4A5C
:1090B0005E61DA611F705E609E60894B2F7003F104
:1090C0000C021A61DA60874A5E61DA611F7040F251
:1090D000BF325E609E604FF0E023EE61AE622E62B2
:1090E000EE626E622E636E60AE605A61072280216E
:1090F0009E617D481A617D4A83F8231D10607C487B
:109100007C4C50607C4A03F550634FF0300CA662F3
:1091100022638CF3118862B6D868784A20F4E06044
:109120000004000C0243DA60D3F8FC20744842F0DB
:109130008072C3F8FC2002683A4302602022DA778A
:1091400083F822C004F11003C4E904334FF0FF3365
:10915000E661E069A361024633466A48C4E9082330
:1091600004F13403E36000F1C403C0F8F430664B4B
:10917000C0F8C860C0F8C430644BC0F8F070C0F8E4
:10918000E4300223E163A0F8FC30A165C4E90044A7
:10919000C4E91466A660E662E6656464A4F84870F3
:1091A000C0F8F840C0E94267C0F80461E83003F055
:1091B000B6F886F31188564B564ADF70564B574F18
:1091C0001A60FBF715F804F089FB4FF48072002059
:1091D0005249FAF7BDF900286CD1FBF709F8FBF703
:1091E00007F8ACE019F8013B7340A3FB0CAB0CFB98
:1091F00008BB4FEA48165A011AEB020246EAD36648
:109200004BEB060B4FEAC81AD2184FEAC31648EBCD
:109210000B0B4FEA032E96194AEA536A4FEA0828C5
:109220004BEB0A0A48EA136816EB0E064AEB080AEB
:109230000EEB0A0886190139D4D101224FF40060DF
:1092400012A9FAF785F9DDE91223434508BFB242B6
:1092500001D0FAF7CDFF40F608060122304610A9EA
:10926000FAF776F9002860D0DDE9103253EA0201FE
:109270001ED013F0C00FCDE9123206F10806D9B2A4
:1092800052D103F47F420804C3F30743134300F4AD
:10929000E0201843CA0800EBD101B1F5006F43D8B4
:1092A0000DF14B013844F8F719F9B6F5805FD4D1C8
:1092B00001203AE040F60101B94600204FF0120CBF
:1092C000174EDFF86080B6E7000C01400004014053
:1092D000281C0020443100202025002000300040C0
:1092E000A81C00200090004078310020DC1C0020E9
:1092F0000070002080260020F4DC00080003FA053E
:10930000001000E0F012002049AA0008D101000876
:1093100054110020092A0008B80E0020E81C002083
:1093200025232284E49CF2CB0020C7F800680028A3
:1093300040F03082FAF7E4FF00283FF450AF4FF0DE
:1093400080436FF0200200261A6320214FF055322F
:109350001A605E609E60DE60DE621E625E6299611F
:109360006FF40071C3F830144FF40071C3F8002497
:10937000C3F80464C3F80864C3F80C64C3F82C642D
:10938000C3F82064C3F82464C3F818146FF4807120
:10939000C3F83014C3F800244FF48072C3F8046497
:1093A0003146C3F80864B748C3F80C64C3F82C64AA
:1093B000C3F82064C3F82464C3F81824102203F50A
:1093C00080634FF0A808F7F767FD302731464FF06C
:1093D000010C3246AC4BDFF8B4E21E70AC4B1E7091
:1093E000AC4B03F15C00D86493F8840010B103F136
:1093F00070001865DFF89CA2D3F8946008FB01AAFE
:10940000D3F89800D3F8909004361B605B6083F823
:1094100008C0CAF80C9006FB090A58611861C3F825
:1094200018A0DE61C3F8209058629A62DA62C3F82D
:1094300030E05B6387F31188D3F8880093F88C6081
:1094400000EB8600836183F8A02082F3118801314C
:10945000032903F1A803C4D18F4901F15C030B6513
:10946000CB6FD1F880008E6F043381F808C003FB06
:10947000060CCB61894B09604960CA60486108618C
:10948000C1F818C00E6248628A62CA620B634963FF
:1094900087F3118891F874000B6F093043F820109E
:1094A00081F8842082F311887D496FF4C0508B6C61
:1094B00043F4004343F020038B644FF08043186370
:1094C0006FF480501A609A60DA6018634FF0807011
:1094D00018604FF4805058604FF080505A62986185
:1094E00087F311882B78012B17D04FF480406D4BF8
:1094F000C3F88000C3F8800183F80E236A4BDA7248
:10950000DA715A724B6903F008034B614A61CA660B
:10951000CA670B6C23F002030B6400260123374655
:10952000DFF888916E602B7059F8048FB8F1000F46
:109530000FD0D8F8140020B16FF001010C3002F008
:109540005CFFD8F8180020B16FF001010C3002F078
:1095500054FF0136042EC9F80070E5D102F06EF90F
:1095600087F3118841F2883002F0ECF9302383F35D
:1095700011882A784E4B012A6B60EF602F616F6172
:10958000AF6132D102204B4BEB60454B196C41F47B
:1095900080711964196C41F002011964D3F88810C4
:1095A00041F00201C3F88810D3F8881021F00201BD
:1095B000C3F8881040495A63DA6708640821DA66FC
:1095C000596159695961596941F00101596103F5BE
:1095D0005053DF72DA71D0225F72324B83F80E2360
:1095E0004FF48042C3F880211A6002232B700025BB
:1095F00085F311882A4A41F28830936C43F4004382
:1096000043F0200393644FF080436FF4C0521A6319
:109610004FF07072DA624FF020721A604FF44C32E1
:109620005D609D60DD605A62012203F5A0335A70CF
:109630000722DA7202F086F9302383F311881F4B78
:10964000E2691A601E4B1D601E4B1D6085F3118878
:1096500001F0EFFE01F0B4FE08B901F0C7FE0822E8
:1096600000211948F7F718FC00210124174B084680
:109670001C70FAF727FC21460020FAF723FC144A55
:10968000516827E0092500201A25002001AC0008B8
:1096900019250020D40E0020CC10002083AB000838
:1096A000000C014000E100E00040014028250020BE
:1096B00024DD000800DD0008004C0140F8240020F3
:1096C000F4240020F0240020212600202026002061
:1096D000001000E053685B1AB3F5165FFAD300215F
:1096E0000846F9F791FB012102460020F9F78CFBAF
:1096F0000F248E4B42EA40028D4D1A7055F8040B30
:10970000461C01D0FAF7CCFB013C14F0FF04F5D164
:109710000624884D55F8040B411C01D0FAF7C0FB14
:10972000013C14F0FF04F5D10C2221468248F7F7E2
:10973000B3FB0C2221468148F7F7AEFB2046F9F730
:10974000C4FD4FF6E363984227D0FAF7E7FC022006
:10975000FAF7C8FB7A4B18700420F9F7B6FD794B7D
:10976000188003F02DFE40F6B83002F0EBF803F05D
:1097700027FE714B1C8814F0010413D003F010FE77
:109780004FF6FF710020F9F749FE6F4B6F4A1A60E0
:1097900001F018FFFAF71AFECEE501F011FE0028DD
:1097A000D5D1D2E70320FAF79DFB6FF01002684B8A
:1097B00010251870674B1A634FF055321A605C60C1
:1097C0009C60DC60DC621C625C629D6100F0FCFEFF
:1097D00061482A46FF2100F8194BF7F75DFB5F4807
:1097E0002A465F4DFF2100F8194BF7F755FB082279
:1097F0002946172003F0C6FD5A4B1C702B78032B0B
:1098000001D8FAF763FC00230122C92112A88DF8C0
:109810004830F9F735FD9DF84830062B01D0FAF7AE
:109820001DFC0024504D2146281932223234F9F70C
:1098300027FDC82CF7D100250122214612A88DF85A
:109840004850F9F71DFD9DF84830032B88BF8DF86F
:1098500048509DF84800FAF71BF8444B444A1A60F8
:10986000444C00200125444B444E197823789942FA
:1098700000F09A80F25C0133012003F00F03052A07
:10988000F5D801A757F822F0239900086F9800082F
:109890000B9900081B990008A1980008AF980008D0
:1098A00003222370364B1D70364BDA70D9E7002542
:1098B0002370334B1D70344B1D70344B1D7001F001
:1098C00067FE062229463248F7F7E6FA314B28466A
:1098D0001D70314B1D70314B1D7001F0B9FD2846D4
:1098E00001F0D2FD01F0AAFDF8F7C6FD2C4B2022B5
:1098F0001D704FF080439A612A4B93F84F30AB4272
:109900000CBF012202221F4BCFE72370254B93F897
:109910004F30002B08BF0122F5E72370194BDD7093
:109920009FE72370174BDD709D709AE71F2600207C
:1099300034DD000870DD000874250020FC240020C0
:109940001026002056270020FC6F0020EFBEADDE61
:109950005227002000080040BC2B0020DA25002000
:10996000A828002008250020C82700200427002060
:10997000BC0E0020192500201A25002009250020F2
:109980001B25002054110020F22E00205827002013
:109990003A270020392700203827002037270020C9
:1099A0001C2500202025002000B12170674B1B786A
:1099B000052B00F0C58003F003FD654B644C079355
:1099C000644B1846099300230133DBB2062B34F8AD
:1099D000021B30F8022B40F0D580914240F0D58038
:1099E000FFF72AFB5C4C2388D3B15C4B1D8801F048
:1099F00031FF401B80B2C82812D9207800210228EC
:109A00009BBF1422564C002402FB004401F058FC7A
:109A1000014628B143795B0702D4204601F0A2FC3D
:109A2000FCF748FF4F4B1A7832B100221A704E4BA8
:109A30009A78DA701A785A7000244C4E4C4D33786C
:109A4000E7B2BB4200F2C48100224FF0FC08464C52
:109A5000E378A178994200F05D84E218013303F0C5
:109A600003031579E3706378C5F306060133ED0946
:109A7000637040F0F7818DF840608DF8418001F00F
:109A8000E9FE032780B2F6E14FF080434FF4001265
:109A9000384C9A61FCF70EFF0020F8F7EDFC2578B2
:109AA00025B9FAF785FE2846F9F78AF8012340F22E
:109AB000A460237001F046FF03F082FC0022254FD2
:109AC0002D4E38463146144630F8023B002B18BF65
:109AD00042F0010221F8023B631CDCB2062CF3D1F8
:109AE00072B31A4BB3F84C309A0729D5174B1B7831
:109AF000052B0FD1214DC820EB7A43F00803EB7200
:109B00006B7843F004036B7001F01CFF6B7803F07B
:109B1000FB036B701A4801F015FF03F051FC0C4871
:109B2000038837F8021B328821EA03050B4320F82B
:109B3000023B631E2A4313F0FF0426F8022BEFD1E9
:109B4000024B1B78052B9FD035E700BF2025002056
:109B50001226002074250020202F00204C270020F2
:109B60006C1100202926002021260020202600201C
:109B70001E2600201C250020042600200040014055
:109B8000A086010091423FF41FAF0026AA4BDFF8E8
:109B9000ACA20193099B33F8022B0392079A099315
:109BA00032F8023B0792039A934200F0D480F2B25B
:109BB0000892039A4FF0000953400B93C6EB06132B
:109BC00003EB0A0205929E4A9E4CD318049301238C
:109BD00002930B9B029A134200F0A78001255FFAC3
:109BE00089F30A93039B05FA09F803EA0207019B2C
:109BF0001B8813EA080F15D15FFA89F38DF84830F6
:109C0000089B8DF8493001F025FE3B1E18BF01234B
:109C1000ADF84A008DF84C508DF84D30DDE9120159
:109C2000FFF7A0F9002F00F0A080059B069A1B7893
:109C3000FF2B1ABF1A464FF0010B4FF0000B069294
:109C400023785B44082B1EDDCBF108050BF10101E5
:109C50002A4621447C48F7F741FC0BF109012A46CA
:109C600021447A48F7F73AFC04EB4B016A001931BA
:109C70007748F7F733FC0BF111012A467548214468
:109C8000F7F72CFC2570BBF1000F14D0069A23784F
:109C90002C320AEB42029078D278E1184A72069A86
:109CA00048704A74002103F10C0204EB42020133B4
:109CB000517091702370002F00F08380664B1B78E9
:109CC00003F0FC03342B30D1059B1A78FF2A2CD0EB
:109CD0004FF0000800275A4BC8EB081502F12C0B77
:109CE0000AEB05014FEA4B0B1D4411F8013BFF2B1A
:109CF00010D0DDF820C05FFA88F0844537D10A988B
:109D0000874234D1049B04981B782033FF2B28BF53
:109D1000FF2303700137FFB20F2F05F10105E4D1D6
:109D200008F10108B8F1060FD4D1029B09F101092D
:109D30005B009BB20293059BB9F10F0F03F1010386
:109D40000593049B03F1010304937FF442AF079B47
:109D5000039A23F8022C019B01360233062E01934D
:109D60007FF418AF01F076FD3CE6BB4668E72C3384
:109D70000AEB0B0C0AEB43039CF802E098789CF882
:109D800003C0DB78AEEB0000ACEB03039BB25B439C
:109D900000FB003080B20D910C92FAF79FFB28284F
:109DA0000C9A0D99B6D8C0F128039BB2102B28BF8E
:109DB00010232878DBB20344FF2B28BFFF232B702E
:109DC000A8E7019B019A1B8823EA08031380ACE7EC
:109DD00000213846F9F718F8012102463846F9F70C
:109DE00013F842EA40031D4ADBB2D15D01F00300E3
:109DF00083421CD043EA8103DBB21949D35503F0F7
:109E00000F028A5CE95D0A4451B2033202F0FF029C
:109E1000062AE95503D803F00303032B07D10029D1
:109E200007DD0021384603F035FA0023EB550134F5
:109E300005E6FAD00121F5E704260020A4DE00089B
:109E400080250020DA250020DB250020E3250020E6
:109E5000F3250020EB250020A82800201F26002045
:109E600088DD0008FD238DF840608DF8413001F059
:109E7000F1FC022780B20123ADF842008DF8447056
:109E80008DF84530DDE91001FFF76CF88DF838608A
:109E900095B1FD238DF8393001F0DCFC002380B250
:109EA000ADF83A008DF83C708DF83D30DDE90E01DB
:109EB000FFF758F80122CBE58DF83980ECE7012354
:109EC00089F8033083E2012389F80530BDE287F386
:109ED00011880021DBF81430DBF800009847824637
:109EE00088F31188304601F01BFC30B10021DBF80B
:109EF0001830DBF80000984728B9BAF1000F18BFF6
:109F000044F0010413E387F31188DFF8C4920021C1
:109F10004A46DBF80430DBF80000984788F31188E4
:109F2000D9F8482009F10801E8B203F093F8E4E712
:109F30008DF849300D238DF84A3014E09DF8492002
:109F4000013A052A3BD8DFE802F0031B1E2A3A2F0C
:109F500001F080FC030E8DF84A30030C8DF84B3075
:109F600040BAADF84C00D9F80030002B00F0E9827F
:109F70005B69002B00F0E582202112A89847E0E2FF
:109F800001F057FAE6E700219DF84A2012AB052AB6
:109F900003F10203E7DC597099700132F7E7ADF87D
:109FA0004A30ADF84C30DEE7ADF84A304FF400638C
:109FB000F7E79DF84930022B05D0052B0FD0FF2382
:109FC0008DF84830CFE7BDF84A10BDF84C30F2208C
:109FD00041EA034109BAC9B2FAF78EF8C3E7002093
:109FE000F8F706FEBFE79DF84B209DF84A109DF854
:109FF000490000F03FFFB3E7BDF84C309DF84B201F
:10A000005BBA9DF84A109DF849009BB200F04FFFE3
:10A01000A9E700F083FFA6E79DF84930032BCED1D6
:10A02000082A31D0092A50D09DF84A30013B032B31
:10A0300099D8DFE803F0020B1921002365489DF849
:10A040004B2081784078F8F73FFE8CE79DF84B3045
:10A0500013B9F8F7EDFD86E7F8F7D8FD00219DF874
:10A060004B00F8F7F5FD7EE79DF84B20594B00209B
:10A070001A71F8F79BFD76E7564A0023D2789DF8CF
:10A080004C109DF84B00DEE79DF84A30013B032B56
:10A090003FF669AFDFE803F002070E114D4BDB78A6
:10A0A0008DF84B305FE74B4B1A7812F00303F7D073
:10A0B0009308F5E7474B1B79F2E7464B5A789B78B4
:10A0C0008DF84B208DF84C304DE7F9F7F1FF4AE75A
:10A0D00010238DF8493046E702238DF84930BD231F
:10A0E00029E79DF849009DF84A309DF84B1040EA59
:10A0F000032040BA13AA80B200F04AFF33E70026DB
:10A100009DF849509DF84A309DF84B7045EA03256B
:10A110006DBAADB2B7427FF626AFB5F52F7F06D840
:10A1200012AB3344197905F24350F9F7E5FF0136D4
:10A130000135EFE700F057FF15E70623C9E70026D2
:10A140009DF849309DF84A209DF84B8043EA022350
:10A150005BBA9DB213AFB0457FF605AFB5F5876F1B
:10A1600008D205F1F300F9F7BDFE07F8010B01363F
:10A170000135F0E70020F8E700269DF849509DF8EA
:10A180004A309DF84B7045EA03256DBAADB2B7422F
:10A190007FF6E9AEB5F5876F06D212AB3344197975
:10A1A00005F1F300F9F7A8FF01360135EFE79DF857
:10A1B000490005280AD89DF84A303BB99DF84B1054
:10A1C000003918BF012100F02AFFC9E60020C7E6C8
:10A1D00030260020A8280020BDF84C309DF84B20E8
:10A1E0005BBA003A18BF01229DF84A109DF8490059
:10A1F0009BB200F078FEB6E685F3118886F31188ED
:10A20000A84612AFA36A43B9E368002B36D062694F
:10A21000131D1268A3621344E362D4F828B0D4F883
:10A220002CA0C5F12003AAEB0B029A4228BF1A46C4
:10A23000384659460192F7F751F9019A0BEB0203A0
:10A240009A451744A362154411D8E368E269013BBB
:10A25000E3606369C4F828801344A2696361934290
:10A2600024BF636A6361236B0BB12046984788F370
:10A2700011881F2D04D886F31188C3E783F3118852
:10A28000B5FA85F3202D4FEA531384F8843040F05B
:10A2900063819DF848200023511E14293FF68FAE9C
:10A2A00001A050F821F000BF319F00083D9F000839
:10A2B000B39F0008E79F0008F99F000813A000085B
:10A2C00019A0000819A0000819A00008BF9F0008E5
:10A2D000BF9F0008D1A00008D9A00008E3A0000893
:10A2E000FFA0000835A100083BA100083FA100081D
:10A2F00079A10008AFA10008D9A100084FF480712E
:10A300003EE14FF4007241E10A2873DC9DE00A2827
:10A3100030DC5CE00AB101F09DFADFF878920622A9
:10A32000494612A8F7F7DAF8002399F9024099F99B
:10A33000036099F9047099F9055089F8023089F899
:10A34000033089F8043089F8053054EA060399F897
:10A3500001803CD0904BB3F800A001F07BFA8F4A0B
:10A36000A0EB0A00137880B2002BD0D014282EDD89
:10A37000FF2B01D00133137044B100F07DFE002C9F
:10A38000D4BFFF230123584389F8020046B100F0EF
:10A3900073FE002ED4BFFF230123584389F8030026
:10A3A00099F9020098B199F903A0BAF1000F0ED003
:10A3B00000F04DFE002808BF012089F80200504639
:10A3C00000F045FE00283FF47AAD89F8030055EA15
:10A3D00007033AD0724BB3F800A001F03BFA714A80
:10A3E000A0EB0A00137880B2002B8DD050282CDD12
:10A3F000FF2B01D00133137047B100F05FFE002F37
:10A40000D4BFFF230123584389F8040045B100F06D
:10A4100055FE002DD4BFFF230123584389F80500C2
:10A4200099F9040088B199F9057077B100F00FFE31
:10A43000002808BF012089F80400384600F007FE14
:10A4400000283FF440AD89F8050099F801304345F4
:10A4500014D199F902300BB19C420FD199F9031034
:10A4600009B1B1420AD199F905200AB1AA4205D130
:10A4700099F9040010B90B431A4301D001F030FAE6
:10A48000062212A94348F7F729F800F0D7FF464BF8
:10A4900004461A78824205D0187001F0DBF9204694
:10A4A000F7F7EAFF414B1B78002B47D000243027F9
:10A4B0002546A0463E4ED6F8A4B0BBF1000F36D0DC
:10A4C000002D7FF404AD4FF0010987F311885FFA86
:10A4D00089FA5146DBF81430DBF800009847002871
:10A4E00018BF44F0010488F31188314801F018F9CD
:10A4F000C0B15146DBF81830DBF80000984788B14E
:10A5000087F311882B4A5146DBF80430DBF8000052
:10A51000984788F31188274B00209A6C03F10801B3
:10A5200002F098FD09F10109B9F1090FCDD101350A
:10A53000032D06F1A806BED11C4B1C701E4CDFF883
:10A540007C90302686F31188236F00251B78042B1E
:10A550003FF452AE85F31188194B04201B7813F099
:10A56000100214BF4FF000714FF40071154B996148
:10A57000F9F768FA134B00283FF4C0AE4FF0807132
:10A580009961002A3FF4BDAE4FF000729A61FFF767
:10A5900067B900BF3A2700202C2600203927002069
:10A5A0002A260020382700202E2600207C26002086
:10A5B000D40E002030260020CC10002004270020DC
:10A5C00056270020000400406FF4004238B5104BBD
:10A5D00000251A634FF0AA321A604FF055325D60C1
:10A5E0009D60DD60DD621A625A62302383F3118858
:10A5F000084C204601F0C4FE85F311880C3C20462F
:10A60000054901F0D3F92046BDE8384001F08CBA85
:10A6100000040040B41C0020A8DB0008014B58785F
:10A62000704700BF541100207FB500233A4C63608F
:10A6300090F8471090F8462042EA012290F848101E
:10A6400090F8490041EA0021100A032814D00DD8DF
:10A6500001285AD002280DD15B23304A002A2E4807
:10A6600008BF10466260236004B070BD21283DD051
:10A67000222842D01A46F1E7D3B2032B06D8DFE8EE
:10A6800003F04702070A0623254AE7E70023F1E71C
:10A690002223244AE2E7244B244E1D781DBB0122CD
:10A6A00029461A7068461022F6F7F6FB294620481C
:10A6B00004AB03EB610313F8102C06EB41031509FF
:10A6C000455D02F00F029D700025825CDD704B1C21
:10A6D000023106EB430320299A70DD70E8D1422352
:10A6E0003370032373703378104AB7E70229C1D857
:10A6F000104B53F821200923B0E70229BAD80E4B9A
:10A7000053F821200D4B5B5CA8E712230C4AA5E708
:10A7100004230C4AA2E700BF04310020E4E1000852
:10A72000D8E10008B4E10008BE300020BF300020AE
:10A73000A3E1000860E2000854E2000851E20008CA
:10A740003FE20008E0E1000890F84A2090F84B0052
:10A75000084942EA0022022A0B7807D1012B01D0D6
:10A76000062B05D14A78044B5A707047024A537041
:10A77000704700BFBC3000205411002070B590F825
:10A780004410044601F07F03212B40F09B8011F020
:10A79000800F90F8453055D0022B37D0032B27D0AF
:10A7A000012B4FD190F8483090F84610022B00F260
:10A7B000AD80082900F2AA80584AD25C022A00F231
:10A7C000A580A820564B00FB0233D3F8A430002B01
:10A7D00000F09C80534D5E6818682A46B04705F12A
:10A7E0000803A363AB6C0022E3632264012070BD05
:10A7F00090F8482090F8493052EA032262D14A4941
:10A800004A4B8978836319700123EDE790F848304B
:10A8100090F84610022B79D8082977D83F4AD25CA5
:10A82000022A73D8A8203E4B00FB0233D3F8A43091
:10A83000002B6BD05A69186890473D4B1870A36382
:10A840000123D0E70A2B22D00B2B0FD0092B39D1B3
:10A8500094F8483094F8492043EA022323F0020395
:10A8600083BB344B344AA3630223BDE794F84830DA
:10A8700094F8492053EA022306D194F846302A4A34
:10A88000003B18BF012393700023A363ABE7264B63
:10A8900094F8472094F846101A7094F84830022B28
:10A8A00034D8082932D81D48C05C02282ED8A825E3
:10A8B0001B4B05FB0033D3F8A4303BB31D6918686C
:10A8C000A847E1E701F09F01812916D194F84530AE
:10A8D000062B12D194F84920616894F848304D68ED
:10A8E00043EA0223204694F8472094F84610A847EC
:10A8F00060B14368A363036875E70325084ED6F883
:10A900009C302BB9013D06F1A806F8D100206EE776
:10A91000204698470028F5D068E700BFA0E100086E
:10A92000D40E00206C30002054110020B9300020DB
:10A93000B8300020BC30002049A70008036843B1AC
:10A940009100196003490B78002A18BF43F00103F6
:10A950000B7070477C260020006810B10068C0F3BF
:10A9600087007047036870B50BB9002070BD3023B5
:10A9700083F31188036800211C685B6881F31188E8
:10A98000002CF2D04FF47A76074A0848D569084A75
:10A99000ED1AE5FB06010023F7F7DAF984428CBFD4
:10A9A00000200120E2E700BF802600209F860100F2
:10A9B000A08601004B1E072B0BD850F8213043B165
:10A9C0009100196003490B78002A18BF43F0010376
:10A9D0000B7070477C260020082906D850F821000B
:10A9E00020B10068C0F38700704700207047000066
:10A9F000082970B501D9002070BD50F82130002B16
:10AA0000F9D0302383F3118850F8213000211C68DD
:10AA10005B6881F31188002CEDD04FF47A76074AF9
:10AA20000748D569074AED1AE5FB06010023F7F749
:10AA30008FF984428CBF00200120DDE780260020B2
:10AA40009F860100A086010030BFFDE7034610B5D8
:10AA50001B68984203D09C688A689442F8D25A686E
:10AA60000B604A601160596010BD0000302383F311
:10AA700011880D4B5B6813F4006312D0EFF3098368
:10AA80004FF08072203BDA6183F30988074A11682E
:10AA9000D2688968926891428CBF054A054A9A61DA
:10AAA000704783F31188704700ED00E08026002096
:10AAB000E3010008E6010008034640691A69824282
:10AAC00001D1DB681BB950F8043B0B6070470023D1
:10AAD0001846FAE703691960C268013AC260C269A0
:10AAE000134482690361934224BF436A03610023D4
:10AAF0008362036B03B118477047000070B50124EF
:10AB0000468904FA01F53543458100EB8100C568AB
:10AB100001F00F01A8698260002203604260C260F8
:10AB20002BB16A8A013B1344B3FBF2F39CB2064B90
:10AB30000482997321B11A7D02F0FE021A7570BD6C
:10AB400040225A74FBE700BF0040014010B40346A6
:10AB5000006F0278042A12D1012293F874104489FC
:10AB60008A4022420BD11A695C69A24201D1DC6899
:10AB70002CB9DB6910BC043B0432FFF7BFBF10BC2B
:10AB80007047406BFFF7E2BFF0B5012400261D4679
:10AB900003898C401C4300EB810311F00F0108BFB7
:10ABA0004027DB6804815C696660E66008BF124E7E
:10ABB0002560A26008BFB1731B8A08BF7774AB42DF
:10ABC00028BF2B4623610D4CD51804EB8104954218
:10ABD00005D1094A917331B101235374F0BD12F8C4
:10ABE000016B2670F3E7517CC168098A8B4234BF40
:10ABF0000A230223F1E700BF00400140204001404A
:10AC000037B5406BD0F888402378042B13D101234B
:10AC100090F88C502289AB4013420CD101A9FFF768
:10AC20004BFF024638B129462046019B03B0BDE8E0
:10AC30003040FFF7A9BF03B030BD00000021602203
:10AC4000074B10B599735A7499735A744368044644
:10AC50001B680BB106219847062384F8343010BDD9
:10AC60000040014090F8343010B5152B04460CD844
:10AC7000012208499A400A4208D1152B05D1036CDC
:10AC800003B19847002384F8343010BDBDE810406C
:10AC9000FFF7D4BF410E100090F8343010B5152BDB
:10ACA00004460CD8012208499A400A4208D1092BCF
:10ACB00005D1036C03B19847002384F8343010BDEC
:10ACC000BDE81040FFF7BABF410C300005480178DD
:10ACD000052906D190F85030037043681B6803B112
:10ACE000184770472025002010B5064A064C1178F9
:10ACF00024784B1C03F00F039C421EBF034C1370BF
:10AD0000605410BD1A2500201925002009250020B7
:10AD100010B58378012B10D10C88A4F1E003072B28
:10AD200000D944B909492046F8F760FEE0B2BDE811
:10AD30001040F8F7A3BF0649F5E7022B04D1BDE8A0
:10AD400010404B688878184710BD00BF553D00087B
:10AD5000693D000810B50446006840B1826C0021CE
:10AD60000830F6F799F8002223681A605A6010BD7F
:10AD700070B50026051F00F1200455F8040F38B106
:10AD8000826C00210830F6F787F82B681E605E6041
:10AD9000A542F2D170BD0000006810B440B1054C6E
:10ADA0008264E469083040F8044C10BCF6F796BBA6
:10ADB00010BC7047802600200168134631B18A6CB0
:10ADC00003F108009A640831F6F788BB7047000069
:10ADD00010B40C78082C0BD850F8240040B1054C66
:10ADE0008264E469083040F8044C10BCF6F776BB86
:10ADF00010BC7047802600200829134609D850F857
:10AE0000211031B18A6C03F108009A640831F6F719
:10AE100065BB7047054BD9680875186802685360B0
:10AE20001A6001220275D860F5F7CAB980260020A1
:10AE300010B50A4C23699A6891420CD85A6881600F
:10AE40000360426010609A685860521A9A604FF02E
:10AE5000FF33A36110BD1B68891AECE78026002030
:10AE6000034BDB68036098610320FFF7D3BF00BF8B
:10AE700080260020052838B517D8052915D80E2AB0
:10AE800013D81E23540003FB0144B42303FB0044E6
:10AE900004F1F300F9F726F8050204F1F400F9F7DC
:10AEA00021F8ADB2284380B238BD0020FCE7052868
:10AEB00038B51D4616D8052914D80E2A12D81E23D7
:10AEC000540003FB0144B42303FB0044290A04F1AA
:10AED000F300F9F711F9E9B204F1F400BDE83840E4
:10AEE000F9F70AB938BD052870B516461D4614D8BD
:10AEF00099B9800000F22B5482F0010004EB40006D
:10AF0000190AF9F7F9F8002E0CBF03200120E9B265
:10AF10002044BDE87040F9F7EFB870BD2DE9F74F58
:10AF20000024194EDFF864A0D14600255FFA84F8AA
:10AF30000FE0FAB240463BF8023B01370191FFF7C0
:10AF4000B6FF0F2F0199F4D10135062D09F11E0925
:10AF500003D0CB460027E9B2EBE73388012200217A
:10AF60004046FFF7C0FF0022738811464046013477
:10AF7000FFF7B9FF062C06F104060AF1B40AD3D193
:10AF800003B0BDE8F08F00BFA4E600086CE2000843
:10AF90002DE9F04100F2435805460F461646444657
:10AFA000A4EB08039BB2BB4201D3BDE8F0812B4464
:10AFB000B3F52F7F06D82046F8F794FF06F8010B6B
:10AFC0000134EDE70020F9E713B5044601210068DC
:10AFD0000DF10702FFF7DCFF23689DF8070001333E
:10AFE000236002B010BDF0B585B010220021684684
:10AFF000F5F752FF2C2440F2BD2540F24357102DA7
:10B000002E4628BF1026394632466846F8F778FFA4
:10B01000013C3744A5EB0605F1D105B0F0BD800039
:10B0200070B500F22B5481F001000E4604EB400095
:10B03000F8F758FF002E4FEA00250CBF032001202F
:10B040002044F8F74FFFADB2284380B270BD00EB4B
:10B050004003C3EB031300EB830083B200B200286C
:10B0600007DA803800B2002800DAFF3040F307200A
:10B07000704703F18000F9E70E4B1B78D90710D415
:10B080009A0710D45B0710D40B4B1B787BB11D2B98
:10B090004FF0500003D843431E20B3FBF0F0C0B282
:10B0A00070471420FBE72820F9E75020F7E7082035
:10B0B000F5E700BF37270020392700200F4B1B780A
:10B0C000D90710D49A0710D45B0712D40C4B187808
:10B0D00068B127280DD82823C000B0FBF3F050B189
:10B0E00080B2C0B270470220FBE70420F9E70120DC
:10B0F000F7E70820F5E70120704700BF3727002059
:10B100003827002008B5A0F1CD03122B10D8DFE8B6
:10B1100003F00A1013192E2E2E2E2E2E2E2E1C2149
:10B12000252B363C4100FFF7A7FF40421C4BD8704F
:10B1300008BDFFF7A1FFF9E7FFF79EFF4042184B5C
:10B140009870F5E7FFF798FFF9E7FFF7B7FF144BA3
:10B150001871EDE7FFF7B2FF4042F8E7FFF7AEFFE7
:10B1600040420F4B5871E3E7FFF7A8FFF9E70123CF
:10B170000B4AD138517883400B435370D8E7094AC2
:10B18000137843F001031370D2E7064A137843F0B3
:10B190000203F8E7034A137843F00403F3E700BF20
:10B1A0003A2700203727002030B5414BCD2893F9AE
:10B1B000035093F9024093F9041093F9052012D13A
:10B1C000002D01DA0022DA70D9789A780A4351B258
:10B1D0000AB9384A11701A795B7913435AB20BB91C
:10B1E000354B1A7030BDCE2802D1002DEADCEBE7DA
:10B1F000CF2804D1002CE7DA00229A70E4E7D028A7
:10B2000002D1002CF8DCDFE7D92804D10029DBDDEE
:10B2100000221A71D8E7DA2802D10029D4DAF7E738
:10B22000DB2804D1002ACFDA00225A71CCE7DC28CF
:10B2300002D1002AF8DCC7E7D1380E28C4D801A211
:10B2400052F820F081B2000881B2000881B20008F3
:10B2500081B2000881B2000881B2000881B2000802
:10B2600081B20008C9B10008C9B10008C9B100081D
:10B27000C9B100088FB200089BB20008A5B200084F
:10B2800001215A78814022EA01025A709CE70B4959
:10B290000A7822F001020A7096E708490A7822F03B
:10B2A0000202F8E705490A7822F00402F3E700BF3A
:10B2B0003A27002039270020382700203727002090
:10B2C0000246022A084670B528D80021144B9D1D5D
:10B2D00003EBC1046679360705D515F8316096424F
:10B2E00001D1204670BD01310329F1D10028F9D0E8
:10B2F00059790C07C1F3C00006D5597B08070BD557
:10B30000597D09070AD4022003EBC00043798271FA
:10B3100043F008034371E5E70120F5E70020E1E78A
:10B320001031002002B110477047000010B50C46E4
:10B33000826801692046FFF7F5FF094AE178137832
:10B34000207923EA01031370F8F760FDF8F712FC87
:10B350002046BDE8104008220021F5F79DBD00BF42
:10B360005827002038B54B7905469A070C4613D468
:10B37000104A43F002034B71CB7811780B431370E2
:10B380000D4A237911780B431370F8F7F3FB20462D
:10B390006A682969FFF7C6FF0022084B1A806379A3
:10B3A000DB0705D421462846BDE83840FFF7BEBF7D
:10B3B00038BD00BF58270020F22E0020202F00208B
:10B3C00038B5EF20F8F78EFD0546F020F8F78AFD36
:10B3D0000446F120F8F786FD262D05D1102C03D167
:10B3E000031F5842584138BD0020FCE708B5FF2133
:10B3F000EF20F8F781FEFF21F020F8F77DFEFF2116
:10B40000F120F8F779FE0021F220F8F775FEFFF73A
:10B4100085FDFFF7E8FD2621EF20F8F76DFE1021EE
:10B42000F020F8F769FEBDE808400421F120F8F7A4
:10B4300063BE08B5F220F8F755FD08BD034B1B6845
:10B4400013B11B6803B11847002070470427002080
:10B450000B4B07B51A8882420FD01880094B1B6826
:10B460005BB11B694BB103228DF80500000A8DF812
:10B4700006008DF8042001A8984703B05DF804FB8E
:10B480000E310020042700200C4B07B51A88824299
:10B4900010D018800A4B1B6863B11B6953B104229A
:10B4A0008DF80500000A8DF806008DF804200DEBDC
:10B4B0000200984703B05DF804FB00BF0C31002088
:10B4C0000427002010B5164B9B78012B11D1154A8B
:10B4D00092F90020002A0CDAEF284FEAD00107D8B1
:10B4E000114A00F007000A44917883400B4393709F
:10B4F00010BD00224FF0FF330C4911F8014FA0425C
:10B50000F6D0B3F1FF3F01D104B953B20132062A9C
:10B51000F3D15A1CECD0064A13449870E8E700BFF8
:10B52000541100205627002004160020FD1500208D
:10B53000FC15002010B5124B9A78012A12D1114B3C
:10B5400093F90030002B0DDAEF284FEAD00108D82C
:10B550000D4B00F007000B449978824021EA02026B
:10B560009A7010BD06230021084A12F8014F013BD2
:10B57000844208BF117013F0FF03F6D1F1E700BF5A
:10B58000541100205627002004160020FD1500202D
:10B59000084B9B78012B09D1074B93F90030002B06
:10B5A00004DA1E2200210548F5F776BC06220021A8
:10B5B0000348F9E754110020562700200616002002
:10B5C000FE150020BFF34F8F0549064BCA6802F4F1
:10B5D000E0621343CB60BFF34F8F00BFFDE700BFB6
:10B5E00000ED00E00400FA05464A13B5464B52F858
:10B5F000041C99420CD1002342F8043C83F31488C4
:10B60000424B1A6882F3088862B65B689847FEE787
:10B610000C20032440F2BE713D4B3E4A9C62D8622E
:10B62000C2F8941000219962D9629C62D86280208D
:10B63000C3F81C0CD3F81C0CC3F81C0C009101912E
:10B640004FF40141C3F8481C4FF6FC71A3F5744355
:10B6500019630F2119600223136501234BF6803112
:10B66000D364936D03F001030193009B01330093B6
:10B67000019B13B9009B8B42F3D1019B03B9FEE7F9
:10B68000254B26498024C3F800140021A3F58843E4
:10B6900099611C62196A01201962202158601960A1
:10B6A0001968196019680143196054679067D16F70
:10B6B0000329FCD102229A6001220021DA60144A97
:10B6C0009162D1629A6C42F400429A649A6CDA6C8C
:10B6D00042F40062DA64DA6C9A6C42F020029A64F6
:10B6E0009A6C9A6C42F040029A649A6C9A6C42F09E
:10B6F00080029A649A6C9A6C42F480729A649B6C91
:10B7000002B010BD00700020EFBEADDE00E0FF1FF4
:10B7100000000140000401400050014013000003FC
:10B72000302383F31188026943699A4210D1C368B8
:10B7300083B10123D0F8882090F88C1012898B40B7
:10B7400013420CBF01200020002383F311887047AF
:10B750000020F9E71846F7E77047FEE770B50825BF
:10B76000134C606823680146A268043B8A4219D8DA
:10B77000D31C1B1AC11E23F00303914288BF002370
:10B780001844E368C11EDA1C121A22F0030299421F
:10B7900088BF00220021F5F77FFB013D04F1100472
:10B7A000DFD170BD53F8046F41F8046BDEE700BFD2
:10B7B00020E100080C4B10B41868D9680268536087
:10B7C0001A600122D860002302758A680B750B6924
:10B7D0001B689C689442FBD85A680B604A6010BC96
:10B7E00011605960F4F7ECBC8026002070B5114E52
:10B7F0004B1C0446F56886B019D00F4B684603937E
:10B80000002304950593FFF713FB2046FFF702FB87
:10B81000009B4BB19A6802990A449A60019A13609E
:10B820005A604FF0FF33B361A86906B070BDFFF7EF
:10B83000F1FAF9E7802600203BC30008044B1A68A0
:10B84000DB6892689B689A4201D9FFF7B3BF7047E3
:10B850008026002070B5EFF3118525B9EFF305833D
:10B86000302282F31188174B174E1849DC69336870
:10B870000A68E41AA242164A0AD9A3F58333E03BC8
:10B8800010683360134B04F583340344E0341360D1
:10B8900016680C6035B9EFF30583C3F308036BB189
:10B8A00085F311884FF47A7500210B480023E4FBDF
:10B8B00005010A4AF6F74CFA304470BDFFF7BEFFA7
:10B8C000EEE700BF80260020F8240020F4240020AA
:10B8D000F024002088598F029F860100A086010075
:10B8E00010B5FFF7B7FF0D4B80B29A78D9780A43AD
:10B8F00018BF0B4A597918BF10801A790A431CBF28
:10B90000084A1080084A12683AB1D2682AB1022166
:10B9100019700248BDE81040104710BD3A270020BA
:10B920002C2600202A26002004270020302383F321
:10B930001188034BDB6898610F20FFF76BBA00BFDB
:10B940008026002008B50146302383F311880820A3
:10B95000FFF74CFF002383F3118808BD38B58078CA
:10B960000D46012812D1FFF7EDFF2C882878F8F753
:10B9700055FAA4F1E003072B00D92CB9044920465D
:10B98000BDE83840F8F732B80249F8E738BD00BFE3
:10B990008F3E00087D3D0008EFF30983203383F3D9
:10B9A0000988002383F31188704700000346302282
:10B9B00010B582F3118802784160012A27D1354AF7
:10B9C000904245D1344A906C40F480509064906C21
:10B9D000D2F8900040F48050C2F89000D2F8900065
:10B9E00020F48050C2F89000A020D2F890202B4A7A
:10B9F00082F81A034FF08060C2F880011060586826
:10BA0000DA69008A5061106940F001001061CA894A
:10BA10008989DC690A4342F0070292B222601A8ED9
:10BA20004AB90122A261A16991422FD10132B2F536
:10BA3000807FF7D11A860020A061E061E26A22F0DF
:10BA4000FF02E262A26C02221A7080F3118810BD1C
:10BA5000134A9042DBD1104AD06C40F01000D06401
:10BA6000D06CD2F8940040F01000C2F89400D2F8E4
:10BA7000940020F01000C2F894009020D2F8942096
:10BA8000064A82F81B034FF00060B5E7012A08BFA1
:10BA90000022CFE744310020000C014000E100E02B
:10BAA000A81C0020302383F311880378022B19D1BE
:10BAB0000022C3699A60D96A21F0FF01D9629B6CA8
:10BAC000154B984215D14FF08061144BC3F880108C
:10BAD000C3F8801183F81A23114B9A6C22F4805218
:10BAE0009A649B6C002301224360027083F31188E7
:10BAF00070470C4B9842F5D14FF00061074BC3F8EB
:10BB00008010C3F8801183F81B23054BDA6C22F0F8
:10BB10001002DA64DB6CE5E74431002000E100E06C
:10BB2000000C0140A81C0020302383F311884368D7
:10BB300099685A684FF480338B409361002383F3F4
:10BB400011887047302383F31188436899685A68D5
:10BB500001238B409361002383F31188704710B554
:10BB6000302484F311880324047091B18362038E1E
:10BB700002625B088B4228BF0B46C2694162C16208
:10BB80009361013BD361D36A43F01103D362012374
:10BB900093600830FFF764F9002383F3118810BD28
:10BBA00008B5302383F311880323037099B1002370
:10BBB0008362038E02625B088B4228BF0B46C26918
:10BBC0004162C1629361013BD361D36A43F01103C7
:10BBD000D362012393600830FFF742F9002383F317
:10BBE000118808BD08B5302383F31188032303703F
:10BBF00099B100230362038E82625B088B4228BFE7
:10BC00000B46C2694162C1629361013BD361D36A51
:10BC100043F01103D362012393600830FFF720F94A
:10BC2000002383F3118808BD0020704716230360AA
:10BC30004FF0FF307047184670470020704708B536
:10BC40001346002158221846F5F726F94FF4005202
:10BC50004260002008BD01207047000003463022EA
:10BC600030B582F311880C4A1068556809182CBF4A
:10BC7000012400248D4207D2002282F311880C2275
:10BC80004FF0FF301A6006E0002CF5D1116084F30C
:10BC900011880028F3D030BDDC1C002072B6024BA6
:10BCA000024ADA65FEE700BF80260020E7DC0008D4
:10BCB00072B6024B024ADA65FEE700BF802600201A
:10BCC000ECDC0008012070477047000010B5074CFD
:10BCD0006369DB0704D5064A13680BB150689847BF
:10BCE00001236361BDE81040FEF7C0BE00180040AC
:10BCF000281C002010B5074C63699B0704D5064A31
:10BD000093680BB1D068984702236361BDE8104087
:10BD1000FEF7ACBE00180040281C002010B5074CF0
:10BD200063695B0704D5064A13690BB150699847EC
:10BD300004236361BDE81040FEF798BE0018004080
:10BD4000281C002010B5074C63691B0704D5064A60
:10BD500093690BB1D069984708236361BDE810402F
:10BD6000FEF784BE00180040281C002010B5074CC8
:10BD70006369DB0604D5064A136A0BB1506A98471B
:10BD800010236361BDE81040FEF770BE001800404C
:10BD9000281C0020164B10B55C69A30604D5154A73
:10BDA000936A0BB1D06A9847600604D5114A136BA9
:10BDB0000BB1506B9847210604D50E4A936B0BB11B
:10BDC000D06B9847E20504D50A4A136C0BB1506C4E
:10BDD0009847A30504D5074A936C0BB1D06C9847DC
:10BDE000BDE810404FF47872014B5A61FEF73EBE39
:10BDF00000180040281C00201A4B10B55C69620531
:10BE000004D5194A136D0BB1506D9847230504D51D
:10BE1000154A936D0BB1D06D9847E00404D5124AD2
:10BE2000136E0BB1506E9847A10404D50E4A936E61
:10BE30000BB1D06E9847620404D50B4A136F0BB157
:10BE4000506F9847230404D5074A936F0BB1D06F06
:10BE50009847BDE810404FF47C42024B5A61FEF710
:10BE600005BE00BF00180040281C0020C9434FF049
:10BE70005533016302F003015943016042F380012D
:10BE80004160C2F3C10159438160C2F3411159437A
:10BE9000C160C2F3C1214B43C3624FF01133C2F3FF
:10BEA000C3125A430262426270470000302370B5E9
:10BEB00083F31188154D2946EA690132EA6151F888
:10BEC000102F8A4206D1002383F31188BDE8704009
:10BED000FEF7CCBD1E469168013991602C69A368BC
:10BEE000002BF0D1226861680A605160236083F3FF
:10BEF00011882046E3682169984786F311886169B3
:10BF00000029EBD02046FEF793FFE7E780260020CC
:10BF10002DE9F04FDFF8D4B089B002909BF8000013
:10BF2000F8F734FC324F334A3B7915885B0803FB42
:10BF30000555314BC4B2C0F3072AC5F3072503EBFF
:10BF4000440603F1FA08E3B29A4507D8BAF14F0F55
:10BF50008CBF0020012009B0BDE8F08F18F8043034
:10BF60009BF8012013423DD096F85A1096F85B20BA
:10BF700070391FFA81F909FB09F0203A92B202FBED
:10BF8000020080B20392F8F7A9FA0095034697F8E9
:10BF900001C0B87897F803E0039A4CEA002012B287
:10BFA0000FFA89F1DDF808C040EA0E40E0478DF84D
:10BFB0001400C0F30723C0F307408DF816008DF876
:10BFC0001530059BADF818301B0C8DF81A3006980B
:10BFD000F8F708FAC0F30743C0F30722C1B22046BE
:10BFE000F8F72CFB02360134ADE700BFAF0E00209E
:10BFF000A8280020EC2B0020A4DE00082DE9F04F3B
:10C00000DFF8C0A089B081469AF80000F8F7BEFBBF
:10C01000DFF8B4802D4A98F8043014889B0803FB9D
:10C020000444C4F30724C6B2C0F3072504F140005A
:10C03000C0B2F8F78DFA803843B220460393F8F780
:10C0400087FADFF88CB0A0F180077FB2F3B29D428F
:10C0500006D84F2D8CBF0020012009B0BDE8F08F1D
:10C060001BF806209AF801100A4228D0009498F88C
:10C07000022098F8010098F803C040EA02200399D2
:10C080003A4640EA0C40C8478DF81400C0F3072335
:10C09000C0F307408DF816008DF81530059BADF8FC
:10C0A00018301B0C8DF81A300698F8F79BF9C0F37E
:10C0B0000743C0F30722C1B23046F8F7BFFA013692
:10C0C000C4E700BFAF0E0020A8280020EC2B002002
:10C0D0009EDF000837B5144B0446034493F8FA205A
:10C0E000124B5B781A421DD0F8F720FA0546F8F794
:10C0F0001DFA0F4A40F35703D2787F338DF8013091
:10C100008DF802208DF800500098F8F76BF9C0F315
:10C110000743C0F30722C1B2204603B0BDE8304058
:10C12000F8F78CBA03B030BDA4DE0008AF0E0020D3
:10C13000A82800202DE9FF47DFF89490074699F8DA
:10C140000000F8F723FB234E234B35791B88AD08FD
:10C1500002355D43DFF884A0C0F30728C5F3072547
:10C16000C4B2E1B2884507D8B8F14F0F8CBF0020A8
:10C17000012004B0BDE8F0871AF8043099F80120D6
:10C18000134223D0B2787378F07843EA022343EA6B
:10C1900000402A46B8478DF80400C0F30723C0F3D7
:10C1A00007408DF806008DF80530019BADF808308A
:10C1B0001B0C8DF80A300298F8F714F9C0F3074306
:10C1C000C0F30722C1B22046F8F738FA0134C8E7B5
:10C1D000AF0E0020A8280020EC2B00209EDF0008D6
:10C1E0002DE9F04FDFF88890074685B099F80000F8
:10C1F000F8F7CCFA1F4E204B35791B88AD08023575
:10C200005D43DFF878A0C0F30728C5F30725C4B263
:10C210000136AAF1A00BE3B2984507D8B8F14F0F49
:10C220008CBF0020012005B0BDE8F08F1AF8043063
:10C2300099F80120134216D00322314602A8F5F7DF
:10C240004DF91BF8143087B12B44DBB28DF8083060
:10C250000298F8F7C7F8C0F30743C0F30722C1B24A
:10C260002046F8F7EBF90134D5E75B1BEDE700BF9B
:10C27000AF0E0020A8280020EC2B00209EDF000835
:10C280002DE9F74F1C469946FF23C2EBC20252002C
:10C2900092B2B2FBF3F306464FF0150B0F469DF832
:10C2A0003010C4F3072A5FFA89F9C4F3074401FB8D
:10C2B000099901FB0AAA01FB04441A445FFA83F8B6
:10C2C00002F0FF054FEA29294FEA2A2A24125FFAD1
:10C2D0008BF39E4217D89F4215D9C3F11503DBB2E9
:10C2E000984518D819D1294601FB044301FB0AA23D
:10C2F00001FB09915846C3F30723C2F30722C1F398
:10C300000721F8F79BF90BF1FF3BBBF1070FDED1DB
:10C3100003B0BDE8F08FFF21E6E70021E4E700234A
:10C320008268037503691B6899689142FBD25A6859
:10C330000360426010605860704708B508463023BB
:10C3400083F311880A7D0023052A06D8DFE802F06E
:10C350000B050503120E826913604FF0FF338361F2
:10C36000FFF7DDFF002383F3118808BD826993681E
:10C37000013393604268036813605A60EDE7000080
:10C3800038B58168164B0446DD6891B92B6A856023
:10C39000C360286238BD8B600B7D7BB1062B14D146
:10C3A0000B684A68886913605A60FEF74FFB8B6917
:10C3B0009968AB688A689A42EDD306E04A680B68D0
:10C3C000084613605A60FFF7AAFF20462946FEF789
:10C3D0003DFBAC610620BDE83840FEF71BBD00BF49
:10C3E0008026002008B5302383F311880C30FFF736
:10C3F000C7FF002383F3118808BD0346006820B1FE
:10C4000000221A608161FFF78ABF70472DE9F04171
:10C4100090F8343004463BB1836823F00113836005
:10C420000023C36380F83430A94904F1440304F1C4
:10C430004C0691F8202003F8012BB342F9D1636830
:10C440009B68DBB994F8443013F060053ED00021BE
:10C4500060229F4B99735A7499735A7463681B686E
:10C4600013B1062120469847A36823F00113A36067
:10C470000023E363062384F8343025E02046984700
:10C480000028DFD094F84B2094F84A3043EA022386
:10C49000E26B9A4294F9442088BFE363002AE36B7D
:10C4A00080F24881002B00F05381092384F8343056
:10C4B000302383F3118800212046E36BA26BFEF743
:10C4C00063FB002383F31188BDE8F08194F84520D5
:10C4D00003F07F0343EA022340F20232934200F06A
:10C4E00015811FD8B3F5807F4BD00BD8012B42D0DC
:10C4F000022B00F0CA80002BA9D10222A663E263BE
:10C500002364BFE7B3F5817F00F0EA80B3F5407F95
:10C510009DD194F84630012B99D1B4F84C3043F0BA
:10C52000020337E0B3F5006F51D01CD8B3F5A06F0C
:10C5300036D0A3F5C063012B89D894F849206168EF
:10C5400094F848304E6843EA0223204694F8462087
:10C5500094F84710B04700283FF479AF4368A363CD
:10C560000368E3631AE0B3F5106F35D040F602427A
:10C5700093427FF46CAF574BA3630223E363002322
:10C58000BEE794F84630012B7FF461AFB4F84C302D
:10C5900023F00203A4F84C30A563E563256471E73A
:10C5A000B4F84430B3F5A06F0DD194F84630484A42
:10C5B00084F84E30137063681B6813B10121204664
:10C5C0009847032323700023A363E36398E704F1F0
:10C5D0004F03A3630123C4E72378042B45D1302301
:10C5E00083F31188A36804F10C0603F00113A36020
:10C5F00004F1180856F8047F6FB1786920B16FF024
:10C6000001010C30FFF7F9FEB86920B16FF00101AC
:10C610000C30FFF7F2FE46453560EBD100212C4B84
:10C620004FF0400CDA79082602F00102DA71802717
:10C630005D7201220D4610209A730132D2B2042A93
:10C640009D7483F811C05E745E745D751F751875F6
:10C650001875F1D181F3118884F84F1003216368B4
:10C6600021701B680BB12046984794F84630002B88
:10C67000A9D084F84F300423237063681B68002B13
:10C68000A1D00221204698479DE794F8483003F056
:10C690000F0213F0800F0E4B9A7311D042B95A7CDF
:10C6A00050070BD4DB79DB077FF5D1AE0A4B63E78C
:10C6B000597CCD0602D4DB791341F4E7074B5BE7E5
:10C6C000002AECD0197D8906F8D45B7AF4E700BF24
:10C6D000004001401DE1000819E100081BE10008CD
:10C6E00094F84630002B7FF4B2AE94F8483013F043
:10C6F0000F023FF468AF13F0800F184B9A7302D00B
:10C7000040225A745FE780221A755CE794F846303D
:10C71000002B7FF49CAE94F8483013F00F023FF4E6
:10C7200052AF13F0800F0D4B9A7301D01022E8E73F
:10C730002022E9E763B1152384F83430302383F3F2
:10C74000118800212046E36BA26BFEF7D7F9B8E60B
:10C750004821024A937351748DE600BF00400140A6
:10C7600070B50446C5692E6BC26A6B6A9A4234BFC3
:10C77000C36A6B6A013B30D2E36A002B39D1EB62AA
:10C780000223237063681B680BB12046984730234F
:10C7900083F31188002104F10800FFF72EFE002327
:10C7A00083F31188F30717D5286A228E666AE36A35
:10C7B000616AD31A3344121A934228BF134699422E
:10C7C0004FF6FF7138BF636A013B1BD2636A1BB926
:10C7D000EB6A23F00103EB6270BD296EE26A013A55
:10C7E000E262A26A002AC5D01170A26A0132A26276
:10C7F000C0E7E26AEB699A429EBFE36A03F1FF3346
:10C80000EB61CFE7626A013A6262226A0AB929667D
:10C81000DAE712F8010B28662262D5E708B503486B
:10C82000FFF79EFFBDE80840FEF720B94431002025
:10C8300008B50348FFF794FFBDE80840FEF716B9B6
:10C84000A81C0020F8B5294C851C04EB85035E6804
:10C85000274AB36990730146107DC00739D598689F
:10C86000917392F817C0927D224F42EA0C2207EB97
:10C87000810700EB020C60452CD198681044986049
:10C880005868104458601868801A1860188A01386F
:10C8900080B21882738A934200D800BB0122638958
:10C8A0008A4023EA0203638104EB85035B68DB684B
:10C8B0000BB10E489847302383F3118804EB8504AD
:10C8C0006368986941680C30FFF797FD002383F394
:10C8D0001188F8BD97F800E000F801EBCBE7044AB7
:10C8E000137D03F0FE031375F3E700BF202500203E
:10C8F0000040014020400140F8B5204C861C04EB6C
:10C9000086035D6801466A69D2E90003834218D351
:10C91000012223898A4023EA02032381AB680BB1F9
:10C9200020469847302383F3118804EB860463681C
:10C93000002158690C30FFF760FD002383F3118854
:10C9400017E00F4FB97317693B445360C31ADFD028
:10C95000288A984228BF1846936810613B44936028
:10C96000084A184402EB8102984203D10122044B89
:10C970005A74F8BD13F8011B1170F5E7202500204B
:10C9800000400140204001402DE9F84F894B9B7940
:10C990009E07DFB201D5FEF799F97D074BD54FF021
:10C9A0000008854C0223264604254FF03009C24674
:10C9B0002370C4F84C80C4F83C8046F8088F56F8C1
:10C9C000043FABB189F31188D6F800B0DBF814004E
:10C9D00020B16FF001010C30FFF70FFDDBF81800FC
:10C9E00020B16FF001010C30FFF707FD8AF31188C9
:10C9F000013DC6F80080E2D16E4B84F83450DD7101
:10CA00005D726068C2681AB1DA7A42F00802DA72BE
:10CA100000216A4BE360674B9973DA7942F00102B7
:10CA2000DA7101225A70DA7A42F00102DA7203688E
:10CA30000BB1614898473C0712D55F4C6368DB68CF
:10CA400023B95C4AD37A03F0F703D3722378052B1A
:10CA500001D1FEF73BF96368DB680BB15648984794
:10CA6000544B9A781D7902F0FF06EDB242B9002DC1
:10CA700037D1FB0700F1E580BDE8F84FFDF7F6BFC1
:10CA8000F00729D500214C4CE068997393F811C048
:10CA90001CF0040F5FFA8CF21CBF597484F8341038
:10CAA00012F010010CD08021424B5974002384F8FD
:10CAB0003430D10710D5436800213F4898470BE038
:10CAC00094F83430152B7BD006D8092B23D003D80B
:10CAD000002BEED0062BECD0B20702D50120FFF7D9
:10CAE0000BFF730702D50220FFF706FF340702D5BC
:10CAF0000320FFF701FFA80702D50120FFF7A2FEE0
:10CB0000690702D50220FFF79DFE2A07B1D5032051
:10CB1000FFF798FEADE7DFF89CC043699CF8112051
:10CB2000D1B212F00202D7D101F011011129D3D0F4
:10CB30008CF80E205A68D3F810E0D3F800800EEB82
:10CB400002015960B8EB0101028A16D08A4228BF5F
:10CB50000A4699681A61714499608B188B4207D113
:10CB6000038A9A4234BF0A2202228CF81120B3E7CA
:10CB700011F8014B8CF82040F0E7964504D10A22C9
:10CB80008CF811201961A7E7238923F00103238181
:10CB900083680BB108489847302383F3118800213C
:10CBA000E36858690C30FFF728FC002383F31188F1
:10CBB00092E700BF004001402025002000DD000872
:10CBC000DFF8DCE083699EF81120D20784D59A68EB
:10CBD0008EF80E109EF816C05FFA8CF194449445BE
:10CBE00027D19A680A449A605A680A445A601A68B7
:10CBF000521A1A601A8A013A92B21A82438A8B42F6
:10CC00004FF00001264B997300D8BAB948225A74E4
:10CC1000638923F001036381E368DB6813B10021BA
:10CC200020489847302383F31188E3689869416866
:10CC3000B8E79EF8208002F8018BD0E740225A74B2
:10CC40004AE7184D2B78052B3FF416AF85F8503086
:10CC500005232B706B681B6813B104212846984785
:10CC600000243027A046AC600F4D55F8043F93B127
:10CC700087F311882E68706920B16FF001010C30C4
:10CC8000FFF7BBFBB06920B16FF001010C30FFF77B
:10CC9000B4FB88F311880134042CE6D1ECE600BF24
:10CCA000004001402025002028250020164A38B5E4
:10CCB00000F10C010346D068302282F31188DC6851
:10CCC0009A69A14202621BD0446A82B98460D86822
:10CCD0000268DA605160026A58619A610162FFF786
:10CCE0001EFBFEF7ABFD002383F3118838BD1568EA
:10CCF000AA4203D0AD68AC4238BF2C46D268E4E704
:10CD000000225A61EFE700BF80260020034600683A
:10CD1000834206D002681A60536000238361FFF7E4
:10CD2000FEBA704700EB8103F7B59C6905460E46D5
:10CD3000002C3AD0302383F311880023226984F831
:10CD4000A03063699A4201D1E36803BB05EB860317
:10CD5000DB685B691B68D3B1D4F8A47047B101A943
:10CD60002046FDF7A9FEBB680146019A386898473E
:10CD7000E368E2690133E360636920461344A26912
:10CD80006361934224BF636A6361FFF7BFFF20467C
:10CD900001A9FDF791FE024648B1019B31462846A4
:10CDA000FDF7F2FE002383F3118803B0F0BD05EB1D
:10CDB0008603DB681A68022AF4D15A691268002ACD
:10CDC000F0D01B8A013B1340ECD105F14402E5E7AA
:10CDD00001F1090310B550F8234034B3302383F335
:10CDE000118800EB8100C3689B695B68BBB194F854
:10CDF0007420236F204603EB8203DB689B695A682B
:10CE000023691A60E2680132E260E2691344A269B0
:10CE10002361934224BF636A2361FFF777FF2046B3
:10CE2000FDF794FE002383F3118810BD38B5044646
:10CE30006FF001052068844200D138BD036823608B
:10CE40005C608561FFF76BFAF4E7026AC260426AD0
:10CE50004261026100228262C262FFF7E7BF000006
:10CE600008462DE9F843052900F2D980DFE811F0E2
:10CE7000AD00D7000600AD00AD00D900302383F32C
:10CE8000118800273E466F4D6F4CD5F8883095F8D5
:10CE90008C90E86C03EB890805F13803C8F80C3076
:10CEA00018B114220021F3F7F7FF286D18B11422EE
:10CEB0000021F3F7F1FFD8F80C2009F00F01A1735E
:10CEC000136803F00303002978D0022B4DD0032B05
:10CED0004BD0012B25D153690BB993690BB3E020DB
:10CEE000594B4FF0010C9874108A0CFA01F1C0F301
:10CEF000C700187440205874082058745874D879A2
:10CF0000C9B20843D871C0205875528AC2F3C7020B
:10CF1000DA7480221A7510221A751A755A7A11431A
:10CF2000597228460137FFF790FF032F2E7205F143
:10CF3000A805AAD1454C636A204663612361E66077
:10CF4000A662E662FFF772FF20462672FDF7FEFD3D
:10CF500086F311883E4B1B7813B10520FDF7C4FE04
:10CF60000220BDE8F843FDF7BFBE536983B100233B
:10CF7000A374138A0120C3F3C7032374402363748B
:10CF8000082363746374E37988400343DBB2E3717D
:10CF90009369002BC5D000232B484375538A012287
:10CFA000C3F3C703C374802303751023037503758C
:10CFB000437A8A401343DBB24372B2E7002BB0D10D
:10CFC000E37943F00103E371ABE7FDF78DFE302316
:10CFD00083F31188032501261A4C20462672FFF799
:10CFE00025FF2046FFF731FFD4F8A43013B1DA68EB
:10CFF00018689047013D04F1A804EED10123134CB9
:10D0000020462372FFF712FF636A2046E5606361E2
:10D010002361A562E562FFF709FF85F31188BDE88A
:10D02000F883302383F311880023064A137282F8B1
:10D03000B03082F85831054A137283F31188052005
:10D040008FE700BFD40E002000400140CC1000202C
:10D050001B2500202DE9F74F302307468A469046CE
:10D0600083F31188A824514D04FB0054D4F8883070
:10D070001B78042B4FF0000304D083F3118803B016
:10D08000BDE8F08F42F2107994F8A020002A14BF76
:10D0900000224A46009283F31188302383F31188DB
:10D0A0004FF000095646DFF808B1A26A3AB9E268C3
:10D0B00052B32269111DA162E1690A44E262A06AC9
:10D0C000E26AA8EB0901121A8A4228BF0A46402ADE
:10D0D00043D931464022F4F701FAA16A4036403183
:10D0E00009F14009E26AA1628A4204D8E169204656
:10D0F0000439FDF7EFFC002282F31188C8451BD9E3
:10D10000302282F31188D0E7227A7AB9009BDBF8CB
:10D110000C205BB161681460516004200A6042F227
:10D1200010716260FEF762FB0028C0DA4FF0000B5E
:10D130008BF31188C8451AD8302383F31188A823AC
:10D1400003FB0755A96A31B12B690439C91A02D00A
:10D150002046FDF7BFFC00238FE731460192F4F72C
:10D16000BDF9019AA16A164411449144BAE73022EC
:10D1700082F31188A82606FB075696F8A020012303
:10D18000B9F1000F08BF42F00102204686F8A02046
:10D190003372FFF74BFE2046FFF757FE86F808B0C4
:10D1A000FEF74CFB8BF3118877E700BFD40E00200D
:10D1B00080260020014608220120FFF74BBF0146D0
:10D1C00020220020FFF746BF014606220020FFF77D
:10D1D00041BF014603220020FFF73CBF20290A4639
:10D1E00003D101460220FFF735BF70472DE9F0411A
:10D1F0001F460C461646254B68B11970FEF72AFBF0
:10D20000234B04F0070418800120A040C0B2BDE801
:10D21000F041F6F79FBD1D788D422FD11C4BB3F81E
:10D220000080FEF717FBA0EB080292B2C72A25D8B0
:10D2300006F12004B542E4B211D04FF0010805F028
:10D24000070508FA05F0C0B2F6F721FE072C06D84C
:10D2500006F0070308FA03F0C0B2F6F77BFD0021E1
:10D260003846FAF717F9072C0DD8012006F0070603
:10D27000B040C0B2BDE8F041F6F709BE012004F0AD
:10D280000704A040F5E7BDE8F08100BF4E2700206D
:10D290006A30002030B5094B9C78DD78621C02F0C2
:10D2A0000302954209D09A701A7800F07F001C445E
:10D2B00040EAC111013221711A7030BD21260020CF
:10D2C0002DE9F04F8318B3F5006F04460E4615465E
:10D2D00085B051D8DFF8A8B000EB0B0739463046CF
:10D2E000F4F7B8FC002847D02A4631463846F4F710
:10D2F000F5F8F6F763FF824648B14FF000084FF0AB
:10D3000000094DB9F7F762F8BAF1010F34D105B051
:10D31000BDE8F04FF6F75EBF052D2F4628BF052765
:10D32000C4F3024343EAC703CDE900893A463146D4
:10D330008DF800300DF10300230A8DF801308DF8CF
:10D340000240F4F7CBF8DDE90023DBF80008CDE973
:10D35000022302A90122F6F776FF0028D4D0DBF8D9
:10D3600000380833CBF80038F7F730F80128CBD174
:10D37000ED1B3C443E44C4E705B0BDE8F08F00BF60
:10D38000E81C0020034608469918B1F5006F03D841
:10D3900002491944F4F7A2B8704700BFE81C002006
:10D3A00010B5F6F70BFF044618B9BDE81040F6F7C4
:10D3B00011BFF6F72DFFF6F71BFF012CF5D010BDBE
:10D3C0002DE9F043002401264FF0300887B0DFF844
:10D3D0008092A04F03940494059459F8041B4B1CAD
:10D3E00040F0B2800134E4B276000F2CB6B2F4D132
:10D3F0000C2299480DEB0201F4F72CFC974C002805
:10D4000000F0F7800C2294480DEB0201F4F766F867
:10D4100001232370FEF71EFA914B1860914B1B7885
:10D420007BB1914C237863B9904B1D88FEF712FABB
:10D43000401B80B2B32804D9012302202370F6F7E1
:10D440008FFB8B4C23783BB10120F6F7FBFA0028C9
:10D4500040F0E980F6F7F0F9864D2B78002B37D0B5
:10D46000854B1C88FEF7F6F941F28733001B80B22A
:10D4700098422DD900244FF03208804E804F2C70F6
:10D480003578DFF8009208FB0571284689F80050CE
:10D49000F6F74CFA2846F6F7FBF999F8000008FB76
:10D4A0000071F6F748FD02221520FF23DC210194CC
:10D4B0000094F6F777F83378DC21032B96BF724A95
:10D4C000FF20D05C0194FF2302220094F6F76AF853
:10D4D0006E4D2B68ABB16E4B1C88FEF7BBF9001B81
:10D4E00080B2B0F5BE7F0CD36A4C2688FEF7B2F945
:10D4F000801B80B2452804D92B689847FEF7AAF90B
:10D500002080F6F7DFF844F61F62634C634B266811
:10D510001B68F31A934214D9F6F7A0FA88B9604D44
:10D520002B88002B40F0C880F2F792FE40F2E242D6
:10D5300090FBF2F101FB1200236803F28A230344FB
:10D540002B8007B0BDE8F08388F31188012221F019
:10D550000F0001F00F0102FA01F529462D04FEF734
:10D5600085FC8561002383F3118800BF00BF00BFE5
:10D5700000BF00BF00BF00BF00BF00BF00BF00BFB3
:10D5800000BF00BF00BF00BF00BF00BF00BF00BFA3
:10D5900000BF00BF00BF00BF00BF6FEA060C414DD7
:10D5A00003A855F8041B30F8022BB1F1FF3F1DD042
:10D5B00021F00F0EDEF810E001F00F012EFA01F15C
:10D5C000C90713D432430133DBB2062B20F8022CF7
:10D5D000E7D159F8040C421C01D0F6F761FC7A68D7
:10D5E0007B689B1AB3F5346FFAD3FBE602EA0C02B0
:10D5F000E9E72378002B3FF411AF194B1D68FEF7C4
:10D6000029F9401B04287FF609AF0C22124926484D
:10D61000F4F720FB20B10C220F492348F3F75EFFFB
:10D6200000232370FAE6214B1D88FEF713F941F21F
:10D630008733401B80B298427FF60EAF00232370E1
:10D64000F6F7A8FB1A4B1B4A1A60FDF7BBFF00BF99
:10D6500034DD0008001000E0FC24002068300020C9
:10D660006430002095280020942800209228002073
:10D67000C3270020AC270020AA270020A8270020CD
:10D68000C827002090280020CEDB0008BC270020FF
:10D69000B8270020B6270020EC2B0020B82B002054
:10D6A000B42B002070DD000874250020C627002060
:10D6B000FC6F0020EFBEADDEF61A33043FF541AF3C
:10D6C0003B4B1B789B08123B042B1CD8DFE803F074
:10D6D00003485F670300F2F7BBFD062390FBF3F2FC
:10D6E00002FB130068BBF2F7B3FD052390FBF3F3D5
:10D6F00003EB8303C01A032820D8DFE800F00216EA
:10D70000191CF6F743F8F2F7A3FD40F2E24290FB52
:10D71000F2F101FB1200236803F28A2303449BB257
:10D72000002B7FF40DAF01230AE7F6F739F8EAE79B
:10D73000F6F740F8E7E7F6F747F8E4E7F6F74EF8CC
:10D74000E1E7F6F70DF8FF280646DCD02788F5F765
:10D7500073FF0123024639463046F5F78BFFD2E7C7
:10D76000F5F7FEFFFF28CED0124E134F3378062276
:10D770005A43D4F800C0B91827F802C00122134454
:10D7800003F007038870CA700A713370BBE7F5F7BE
:10D79000E7FFFF28B7D0094E094F3378E7E7F5F7E1
:10D7A000DFFFFF28AFD001222188F6F721F8AAE792
:10D7B000A8280020141C0020842B00201C1C002002
:10D7C000542B0020F0B50D4B0D4C1B7826780D4CDA
:10D7D000B34201D10020F0BD04EBC3056F788F4246
:10D7E00006D114F83370874202D16D79954203D186
:10D7F000013303F00703EBE70120ECE75A27002091
:10D80000592700205C27002070B50546501EC0B285
:10D8100002288CBF1226274C01F12C0198BF265CF0
:10D8200025482C3300EB410400EB43008378A178BA
:10D83000C078C91AE37806FB06F41B1A5B4301FBA8
:10D8400001318C4233D31D4B4FF6FF701B790133EE
:10D85000FF2B28BFFF23B0FBF3F319480068401BE0
:10D8600080B2834223D9C0EB0020B0FBF3F0C1EBC0
:10D870000123B3FBF4F3C043DB43C0B2DBB200FBD4
:10D880000333012A4FEA232303D0022AD8B205D05A
:10D8900070BD9A225343C3F30720F9E70522B0FB7A
:10D8A000F2F01844FF2828BFFF20C0B2F0E70020A4
:10D8B000EEE700BF16E10008A4DE0008A82800205B
:10D8C000EC2B0020FF2307B50322C8214F20019332
:10D8D0000093F5F767FE03B05DF804FB184B10B535
:10D8E0001C785CBB012208211A7016482246FEF7FC
:10D8F000BDFA224620211348FEF7B8FA224610212D
:10D900001048FEF7B3FA4FF47A70FEF71BF841F6B1
:10D91000822208210B48FEF7A9FA40F28222202138
:10D920000848FEF7A3FA40F2822210210548FEF7CC
:10D930009DFA0548FEF7B6F8044B1C7010BD00BFF9
:10D9400028310020000400404431002040310020F4
:10D9500010B504461C48FEF745FD1C48037823B16A
:10D960001948FFF7A3F9002010BD21684B1CF7D020
:10D97000E288002AF4D0164B92001A826279032AB8
:10D9800005D8DFE802F0021A1D1F0022DA60012428
:10D99000047021F00F0001F00F019960224604FA93
:10D9A00001F15860FEF762FA09490748FDF7FEFFEA
:10D9B0000548FEF7B9F82046D6E74FF48002E5E7C0
:10D9C0008022E3E7034AE1E74431002040310020B0
:10D9D0002C310020800040001FB5ADF80A30012333
:10D9E000019001A88DF808108DF809200393FFF726
:10D9F000AFFF05B05DF804FB1FB501218DF80700EE
:10DA00000DF10F0304480DF10702FEF7A8F89DF889
:10DA10000F0005B05DF804FB44310020002307B57A
:10DA2000012106480DF107028DF80730FEF7DAF8FC
:10DA30009DF8070003B05DF804FB00BF44310020EF
:10DA400008B502460248FEF7ABF8002008BD00BF4B
:10DA50004431002008B502460248FEF7C3F8002012
:10DA600008BD00BF4431002010B5084C23783BB1FD
:10DA70000748FEF767F80648FEF714F800232370FE
:10DA80000348BDE81040FFF711B900BF4031002046
:04DA900044310020FD
:10DA94000000FF7F00FFFF7F80C8FF7FA6FF80009C
:10DAA400002020202020202020202828282828206A
:10DAB4002020202020202020202020202020202062
:10DAC40020881010101010101010101010101010CA
:10DAD40010040404040404040404041010101010BA
:10DAE4001010414141414141010101010101010184
:10DAF40001010101010101010101010110101010D6
:10DB04001010424242424242020202020202020255
:10DB140002020202020202020202020210101010A9
:10DB240020000000000000000000000000000000D1
:10DB340000000000000000000000000000000000E1
:10DB440000000000000000000000000000000000D1
:10DB540000000000000000000000000000000000C1
:10DB640000000000000000000000000000000000B1
:10DB740000000000000000000000000000000000A1
:10DB84000000000000000000000000000000000091
:10DB94000000000000000000000000000000000081
:10DBA4000000000000000000000400400F0000001E
:10DBB4000000000020000000FF001D1E1F202A2975
:10DBC4002827393A3B3C44434241100F0E0D1718A5
:10DBD400191A1B1C002878C8003131295A1B750AF0
:10DBE400000101010101010101010202020202021C
:10DBF40002020203030303030303030404040404EF
:10DC040004040505050505060606060607070707B5
:10DC14000708080808090909090A0A0A0B0B0B0C6A
:10DC24000C0C0D0D0D0E0E0E0F0F0F101011111107
:10DC34001212131314141515161617171818191988
:10DC44001A1A1B1B1C1D1D1E1E1F202021222223ED
:10DC54002424252626272829292A2B2C2D2D2E2F2E
:10DC640030313232333435363738393A3B3C3D3E45
:10DC74003F404142434445464748494A4C4D4E4F34
:10DC840050515354555658595A5B5D5E5F616264F6
:10DC9400656668696B6C6D6F7072737577787A7B83
:10DCA4007D7E8082838587888A8C8E8F91939596DA
:10DCB400989A9C9EA0A2A3A5A7A9ABADAFB1B3B5FA
:10DCC400B7BABCBEC0C2C4C6C9CBCDCFD1D4D6D8D6
:10DCD400DBDDDFE2E4E7E9EBEEF0F3F5F8FAFDFF74
:10DCE40063300065786974006B696C6C0000000037
:10DCF400E4DC0008F0120020001400200000000002
:10DD04000DC4000899AC000865AC00084000400050
:10DD14000814002008140020010000000014002052
:10DD240061CE000829A600087DA7000800000000B5
:10DD340000080040010800400208004003080040B9
:10DD4400060000400A0400400B0400400C0400409C
:10DD54000D0400400E0400400A0000400608004084
:10DD6400070800400808004009080040000000407F
:10DD74000100004002000040030000400400004095
:10DD84000D08004000FF0100010000FFFF0000013A
:10DD94000001FF0014131211100F0E0D0C0B0A09D1
:10DDA400302F2E2D2C2B2A292827E200E900EA0007
:10DDB400B500B600B700CD008301CC008A01920102
:10DDC40094012102230224022502260227022A02A8
:10DDD400B300B4006F0070009F01CB019F02A0024A
:10DDE400000000000000000000000000000000002F
:10DDF400000000007E0F00D4FFFFFFC70000007882
:10DE040000000000000000002A2B28000000000091
:10DE140000000000000000000000002900000000D5
:10DE24002C1E3420212224342627252E362D373843
:10DE3400271E1F202122232425263333362E37384C
:10DE44001F0405060708090A0B0C0D0E0F1011120A
:10DE5400131415161718191A1B1C1D2F3130232DD6
:10DE6400350405060708090A0B0C0D0E0F101112D4
:10DE7400131415161718191A1B1C1D2F3130354C85
:10DE8400A6FFFF7F0116070131302C261F170E0451
:10DE94000000F918FB301C47825A6D6A4176897D6F
:10DEA4001514131211100F0E0D0C0B0A0908FF168E
:10DEB4001718191A1B1C1D1E1F202122230731307D
:10DEC4002F2E2D2C2B2A29282726252406323334BD
:10DED40035363738393A3B3C3DFF3E054B4A4948D5
:10DEE4004746454443424140FF3FFF4C4D4EFFFFF0
:10DEF4004FFFFFFF0001FF0203049040A040C04019
:10DF0400D040E040E026E01AE00DD000C000B000B0
:10DF1400A0009000800070006000500040003000BD
:10DF2400200010000000000D100D200D300D400DDC
:10DF3400500D600D700D800D900DA00DB00DC00D35
:10DF4400D00DD01AC01AB01AA01A901A801A701ADA
:10DF5400601A501A401A301A201A101A001A002691
:10DF6400102620263026402650266026702680263D
:10DF74009026A026B026D026D033B033A0339033D9
:10DF840080337033603350334033303320331033B5
:10DF940000330040104020405040040404040404B2
:10DFA400040404040404040404040404040404042D
:10DFB400040404040404040404040404040404041D
:10DFC400040404040404040404040404040404040D
:10DFD40004040404040404040404040404040404FD
:10DFE40004040404040404040404150C0B0A0923A3
:10DFF40008074D243E4405010902A10185020901D7
:10E00400A1000509190129081500250195087501C4
:10E0140081020501093009311581257F95027508B2
:10E02400810609381581257F950175088106050C3F
:10E034000A38021581257F950175088106C0C0053F
:10E04400010980A101850319012AB700150126B72A
:10E0540000950175108100C0050C0901A10185041A
:10E0640019012AA002150126A0029501751081004C
:10E07400C005010906A1018506050719E029E71570
:10E084000025019508750181020507190029EF157E
:10E0940000250195F07501810205081901290595EE
:10E0A4000575019102950175039101C00660FF0990
:10E0B40061A1010962150026FF00952075088102FF
:10E0C4000963150026FF00952075089102C005011B
:10E0D4000906A101050719E029E71500250195089E
:10E0E400750181029501750881010507190029FF51
:10E0F400150026FF009506750881000508190129F9
:10E104000515002501950575019102950175039189
:10E1140001C014331A000001000000002CED0008B7
:10E124007831002078310020783100202CED00086F
:10E134000000000000000000000000002CED0008BA
:10E144000000000000000000000000002CED0008AA
:10E154000000000000000000000000002CED00089A
:10E164000000000000000000000000002CED00088A
:10E174000000000000000000000000002CED00087A
:10E184000000000000000000000000002CED00086A
:10E194000000000000000000000000000102003048
:10E1A40031323334353637383941424344454600F9
:10E1B400220352006F00790061006C0020004B00C4
:10E1C4006C00750064006700650020005200370091
:10E1D40035000000060352004B000000040309044C
:10E1E40009025B00030100A0FA0904000001030115
:10E1F40001000921110100012244000705810308DF
:10E2040000010904010002030000000921110100BA
:10E2140001222200070582032000010705020320D2
:10E22400000109040200010300000009211101009A
:10E234000122B60007058303200001120100020039
:10E244000000402D3484E40100010203014422B69D
:10E25400D2E00008B0E00008FADF0008F6E10008A8
:10E264000FE200082FE2000829003A003B003C00BE
:10E274003D003E003F004000410042004300440096
:10E2840045004C00AE0035001E001F002000210098
:10E294002200230024002500260027002D002E0044
:10E2A4002A00B5002B0014001A00080015001700FE
:10E2B4001C0018000C00120013002F003000310065
:10E2C4004B00390004001600070009000A000B0087
:10E2D4000D000E000F0033003400000028004E0033
:10E2E400E1001D001B0006001900050011001000CC
:10E2F400360037003800E500000052000000E0005E
:10E30400E300E200000000002C0000000000000018
:10E31400E60021520000500051004F0000000000B0
:10E324000000000000000000000000000000A80041
:10E33400AC00AE00AB00460000000000000000008E
:10E3440000000000000000000000000000000000C9
:10E3540000000000B200A600000000000000000061
:10E3640000000000000000000000000000000000A9
:10E374000000467E000000000000000000000000D5
:10E384000000000000000000000000000000000089
:10E39400627E000000000000000000000000000099
:10E3A4000000617E0000000000000000000000008A
:10E3B40000000000457E0000000000000000000096
:10E3C40000000000637E0100000000000000000067
:10E3D4005E7E0000000000000000537E547E557EE7
:10E3E400567E000000000000000000000000607E77
:10E3F400587E597E5A7E5B7E5C7E5D7E0000000006
:10E4040000000000477E487E0000577E00000000A8
:10E4140000000000000000000000000000000000F8
:10E4240000004F7E507E000000005F7E0000000070
:10E4340000000000000000000000000000000000D8
:10E4440000000000000000000000000000000000C8
:10E454000000000000000000497E4A7E0000000029
:10E4640000004C7E000000000000000000000000DE
:10E47400527E0000000000000000000000004D7EFD
:10E484004B7E4E7E010000520452055201000100F1
:10E494000100010001000100010001000100010070
:10E4A4000100010001000100010001000100010060
:10E4B4000100010001000100010001000100010050
:10E4C40001000057010001000100427E010001002B
:10E4D4000100437E01000100010001000100010070
:10E4E4000100447E0100010001000100010001005F
:10E4F40001000100010000000100010001000157BA
:10E50400010001000100010013700100010001007D
:10E5140001000100000001000000010001000100F1
:10E5240000000000010000000000000001000100E4
:10E5340000000100010001000100010001000100D0
:10E5440001000100010001000100010001000100BF
:10E5540001000100010001000100010001000100AF
:10E56400010001000100010001000100010001009F
:10E57400010001000100010001000100010001008F
:10E58400010001000100010001000100010001007F
:10E59400010001000100010001000100010001006F
:10E5A4000100010001000100010000000100010060
:10E5B400010001000100010001000100010001004F
:10E5C4000100010001000100000001000000010041
:10E5D400E200E30000000000010000000000000071
:10E5E400E7000100000001000100010001000052E9
:10E5F400010001000100010001000100010001000F
:10E6040001000100010001000100010001000100FE
:10E6140001000100010053005F006000610055002B
:10E6240001000100010001000100010001000100DE
:10E634000100010000005C005D005E005600010066
:10E6440001000100010001000100010001000100BE
:10E654000100000059005A005B005700010000004F
:10E66400010001000100010001000100010001009E
:10E674000000620063005400580001000000010023
:10E684000000010001000100000000000100000082
:10E694000000000001000100000001000100010071
:10E6A400A900AA00BB00BC00487E477E010001000F
:10E6B40001000100010001005245454E54206D61E6
:10E6C4006C6C6F63207375636365656465640000D7
:10E6D4002E2E2F2E2E2F2E2E2F2E2E2F2E2E2F2E51
:10E6E4002E2F6E65776C69622F6C6962632F737469
:10E6F400646C69622F72616E642E63002C206675EF
:10E704006E6374696F6E3A20000000006173736574
:10E714007274696F6E2022257322206661696C65AC
:10E72400643A2066696C6520222573222C206C696A
:10E734006E65202564257325730A0000232D302B74
:10E7440020000000686C4C00656667454647000081
:10E754003031323334353637383941424344454613
:10E7640000000000303132333435363738396162D5
:08E7740063646566000000000B
:08E77C00602DFF7F0100000089
:10E78400040C002000000000A8110020101200203A
:10E7940078120020000000000000000000000000CB
:10E7A4000000000000000000000000000000000065
:10E7B4000000000000000000000000000000000055
:10E7C4000000000000000000000000000000000045
:10E7D4000000000003000000A81100200000000059
:10E7E4000000000000000000000000000000000025
:10E7F4000000000000000000000000000000000015
:10E804000000000000000000000000000000000004
:10E8140000000000000000000000000000000000F4
:10E8240000000000200000000000000000000000C4
:10E8340000000000000000000000000000000000D4
:10E8440000000000000000000000000000000000C4
:10E8540000000000000000000000000000000000B4
:10E8640000000000000000000000000000000000A4
:10E874000800000000000000000000000600000086
:10E884000000000000000000000000000000000084
:10E894000000000000000000000000000000000074
:10E8A4000000000000000000000000000000000064
:10E8B4000000000000000000000000002000000034
:10E8C4000000000000000000040000000000000040
:10E8D4000000000000000000000000000000000034
:10E8E4000000000000000000000000000000000024
:10E8F4000000000000000000000000000000000014
:10E904000000000000000000030000000000000000
:10E9140000000000030000000000000000000000F0
:10E9240000000000000000000000000000000000E3
:10E9340000000000000000000000000000000000D3
:10E9440000000000000000000000000000000000C3
:10E9540000000000030000000000000000000000B0
:10E9640002000000000000000000000000000000A1
:10E974000000000000000000000000000000000093
:10E984000000000000000000000000000000000083
:10E994000000000000000000000000000000000073
:10E9A400060000005C0C0020A80C00200000000001
:10E9B40000000000D80D00208C0D0020400D002028
:10E9C40000000000F40C0020000000000000000023
:10E9D400240E0020B9AD000899AD000855AD00081B
:10E9E4003DA9000859A9000865A90008280E0020BF
:10E9F400B9AD000899AD000855AD00083DA900085F
:10EA040059A9000865A900082C0E0020F9AD0008DA
:10EA1400D1AD000871AD0008B5A90008D9A9000856
:10EA2400F1A90008E4000300A52400085100030034
:10EA3400FF00FFFF390500000D2A00081DA600088D
:10EA4400B5D10008BFD10008C9D10008D3D100084E
:10EA5400DDD10008000000000000000000000000FC
:10EA640000000000000000000000000000000000A2
:10EA74000000000000000000000000000000000092
:10EA8400000000000000000000000000030000007F
:10EA94000000000025CD0008000000002000000058
:10EAA4000000000000000000020000000000000060
:10EAB4000000000000000000000000000000000052
:10EAC4000000000000000000000000000000000042
:10EAD40000000000000000000000000020250020CD
:10EAE400030000000400000020000000DC140020EB
:10EAF4000000000000000000880E0020000000005C
:10EB04000000000000000000000000000000000001
:10EB140000000000000000000000000000000000F1
:10EB240000000000000000000000000000000000E1
:10EB340000000000030000000000000025CD0008D4
:10EB440000000000080000000000000000000000B9
:10EB540002000000000000000000000000000000AF
:10EB640000000000000000000000000000000000A1
:10EB74000000000000000000000000000000000091
:10EB84000000000020250020010000000400000017
:10EB940008000000AC140020000000000000000089
:10EBA4006C0E0020000000000000000000000000C7
:10EBB4000000000000000000000000000000000051
:10EBC4000000000000000000000000000000000041
:10EBD400000000000000000000000000030000002E
:10EBE4000000000025CD0008D1CD00082000200041
:10EBF400000000000000000002000000000000000F
:10EC04000000000000000000000000000000000000
:10EC140000000000000000000000000000000000F0
:10EC2400000000000000000001000000202500207A
:10EC34000200000004000000200000001C1400205A
:10EC44000000000000000000500E00200000000042
:10EC540000000000000000000000000000000000B0
:10EC640000000000000000000000000000000000A0
:10EC74000000000000000000000000000000000090
:10EC84000000000000000000000000000000000080
:10EC94000000000000000000000000000000000070
:10ECA4000000000000000000000000000000000060
:10ECB40000000000000000000000000020250020EB
:10ECC4000200000004000000200000006C15002079
:10ECD400000000000000010004070100001A1601F2
:10ECE4000000010101000000FF010000000000001D
:10ECF400ED3D0008000000000000000000000000DE
:10ED040000000000A5410008000000000000000011
:10ED1400000000000000000011AD00085DB900080B
:08ED240000000000A40E002015
:04000005080001B935
:00000001FF
