:020000040800F2
:1000000000040020B9010008BB010008BB01000882
:10001000BB010008BB010008BB010008BB010008D0
:10002000BB010008BB010008BB01000825AB0008AC
:10003000BB010008BB010008BB01000839B0000883
:10004000BB010008BB010008BB010008BB010008A0
:10005000BB010008BB01000859AE000881AE0008D2
:10006000A9AE0008D1AE0008F9AE0008BB01000837
:10007000BB010008BB01000815BB0008BB0100085C
:1000800021AF0008BB010008BB010008BB0100084C
:10009000BB010008BB010008BB010008BB01000850
:1000A000BB010008BB010008A9B90008BDB90008E0
:1000B000BB010008BB010008BB010008BB01000830
:1000C000BB01000885AF0008BB010008BB010008A8
:1000D000BB010008BB010008BB010008BB01000810
:1000E00072B6264880F30888254880F30988254899
:1000F00025490860022080F31488BFF36F8F04F055
:1001000021F80AF0C1FB4FF0553020491B4A9142BB
:100110003CBF41F8040BFAE71D49194A91423CBF24
:1001200041F8040BFAE71B491B4A1C4B9A423EBF9D
:1001300051F8040B42F8040BF8E700201849194A5B
:1001400091423CBF41F8040BFAE70AF057FC0AF071
:1001500053FC154C154DAC4203DA54F8041B884788
:10016000F9E708F0DBFC124C124DAC4203DA54F80C
:10017000041B8847F9E70AF040BC00000004002097
:10018000000C00200000000808ED00E00000002046
:100190000004002034D70008000C0020AC1100201F
:1001A000B011002050310020E0000008E0000008FD
:1001B000E0000008E000000892E700F000F8FEE729
:1001C0002DE9F04FC1F80CD0C3689D46BDE8F08F13
:1001D000002383F311882846A04700200AF08AFCF8
:1001E000FEE70AF037FC00DFFEE7000038B5124BEF
:1001F00004461D682A6B1AB10023C2E9044338BDC6
:10020000182000F099F80246286378B100210B23EA
:1002100001209381C2E90401084B0949094DC2E953
:10022000011300231560C2E9044338BD4621064B83
:10023000064800F053F800BF000C0020ECDE05007B
:1002400034126DE60E33CDAB6CD6000884D60008B0
:1002500038B5194B1C68226B8AB113691749546968
:1002600003FB01F1164800FB0411A3FB003001332E
:1002700041EB0001C2E9043121F0004038BD1820F3
:1002800000F05AF80246206388B1012400250B23B0
:100290000A480C49C2E90445116001460A4D0B4C5D
:1002A00093810B4BC2E90154C2E9043138BD52219C
:1002B000084B094800F012F8000C00202DF45158AA
:1002C0002D7F954C0E33CDAB34126DE6ECDE050080
:1002D0002E7F954C6CD6000884D60008144600B5D5
:1002E0001A460A4B0D461B6885B0DE6803464CB1C2
:1002F00007490191304607490294009500F03AF809
:1003000000F012F804490C46F3E700BF000C00208F
:10031000B0D60008C0D60008BCD6000808B5134601
:100320000022FFF7DBFF00BF062008B500F006FC47
:1003300001200AF079FD00BF024B0146186800F069
:10034000EDBE00BF000C0020024B0146186800F013
:1003500065BF00BF000C00200CB400B583B004AB37
:1003600053F8042B019300F055F803B05DF804EB4B
:1003700002B070470EB400B5074A82B003AB014625
:10038000106853F8042B019300F044F802B05DF8B4
:1003900004EB03B0704700BF000C00209368013BE2
:1003A000002B936005DAD2F818C0634507DB0A29F1
:1003B00005D01368581C106008461970704700F08B
:1003C00063B900BF9BB1F8B5134406460F46541EEF
:1003D0005D1E01E0AC4208D03A46304614F8011FD9
:1003E000FFF7DCFF431CF5D1F8BD0020F8BD00206D
:1003F000704700BF936810B514461BB91846002318
:10040000636010BD00F08EF90023A36000236360D9
:1004100010BD00BF2DE9F04FA1B08B4691461C46A0
:10042000049018B1036A002B00F01381BBF80C3064
:10043000180740F18E80DBF81030002B00F0898027
:10044000002343F220020D9399F800300127824ED9
:100450000794ADF83920002B73D04D4603E015F812
:10046000013F002B7FD0252BF9D1B5EB090A7DD1B7
:100470002B78002B65D000234FF0FF320135CDE9FA
:10048000092308930B938DF863301E9306E02546ED
:10049000089B801B07FA00F0034308932C460522B3
:1004A00014F8011B304601F021FBA1460028EED1D3
:1004B000089BD90644BF20228DF863201A0748BF45
:1004C0002B22297848BF8DF863202A2964D1079A06
:1004D0001168043200290792C0F296800B91697866
:1004E0002E296FD05D4C0322204601F0FFFA38B16F
:1004F0004022089B001B8240134309F10109089325
:1005000019F8011B062256488DF8381001F0EEFA52
:1005100000287FD0534B002B69D007A900915A4681
:100520000498514B08A9AFF300800390039B01335B
:1005300007D00D9B039A13440D9399F80030002BBC
:100540008BD1BBF80C305B060AD40D9821B0BDE806
:10055000F08F5946049800F05FFF00283FF470AF19
:100560004FF0FF30F2E7B5EB090AEAD009F1FF38A6
:1005700005954546DDF8108001E0A2453ED92C46A0
:100580005A46404615F8011FFFF708FF02340130B4
:10059000A4EB0904F1D1D4E7A1F13002092A88BF04
:1005A000A9469DD80B9B00E00134217803EB83031F
:1005B00002EB4303A1F13002092AF5D92E29A14605
:1005C0000B938FD199F801102A292DD1079B09F19E
:1005D00002001A680433002A0793B8BF4FF0FF33B4
:1005E00099F8021009928146B8BF09937AE7079BF0
:1005F000073323F00703083307939AE70D99059D06
:1006000051442B780D9134E7494243F002030B919A
:10061000089364E707A900915A460498124B08A969
:1006200001F096F8039081E70023A1F13002092A36
:1006300009F1010909933FF655AF19F8011F03EBC2
:10064000830302EB4303A1F13002092AF5D9099390
:1006500048E700F0F9FBE9E6F0D60008F8D6000814
:10066000FCD6000800000000C50300088C4600B559
:1006700086461346034A714610685DF804EB6246ED
:10068000FFF7C8BE000C0020F8B506460D4614461C
:1006900010B1036A002B37D0A269A389A2601A07A0
:1006A00019D52369BBB122686169D31AEDB29942A9
:1006B0002F4620DD0133A1680139A160511C216062
:1006C000157062699A420DD0A389DB0701D50A2D06
:1006D00008D03846F8BD2146304600F09DFE38B9B6
:1006E0002369E0E72146304600F0B0FC0028F0D056
:1006F0004FF0FF37EDE72146304600F0A7FC002819
:10070000F6D101232268D6E700F09EFBC4E700BFC4
:1007100003460A46024908681946FFF7B5BF00BFFD
:10072000000C00209368002B00F0F0802DE9F04FC2
:10073000B1F90CC090461CF0080F81460C4683B0FE
:100740002BD00B694BB31CF00207D8F8006032D0F5
:100750004FF0000A5546D4F828B0216AAB4FC5B116
:10076000BD422B46524628BF3B464846D847002844
:1007700040F3C280D8F8083082441B1A2D1AC8F8FA
:100780000830002B00F0AE80D4F828B0216A002D8C
:10079000E6D1D6E900A50836E1E72146484600F053
:1007A0003BFE002840F0AD80B4F90CC0D8F80060E2
:1007B0001CF00207CCD11CF0010A63D15746236814
:1007C000A16818468B46002F58D01CF4007F00F01B
:1007D000B180B9420A4600F2DD801CF4906F2FD040
:1007E000216962695D1A02EB420202EBD2726B1C54
:1007F00052103B44934292BF93469B461A461CF4C8
:10080000806F00F0E6801146484600F087FC002823
:1008100000F0F5802A462169019000F05FFEA28970
:10082000019B22F4906242F08002A2815819C4F820
:1008300014B0ABEB05053A46BB462361A5602060CA
:100840003D4600275146019200F046FDA16823680D
:10085000019AA1EB0B011A44A1602260D8F808307C
:10086000AA445B1BC8F80830002B3BD02368A16862
:1008700018468B46B4F90CC0002FA6D1D6E900A7C4
:1008800008369EE73846BB463D46002D40D000283E
:1008900045D03A46D4E904C32068AA4228BF2A4674
:1008A0006045A16804D901EB030A524500F3828038
:1008B000934272DC5A464846216AD4F828C0E04781
:1008C000B0F1000A18DDB7EB0A070FD00120D8F805
:1008D0000830D344A3EB0A03A5EB0A05C8F8083097
:1008E000002BD2D1002003B0BDE8F08F214648464E
:1008F00000F0ACFB0028EAD0B4F90C3043F0400320
:10090000A3814FF0FF3003B0BDE8F08F00207047A7
:10091000756833460836002DFAD0D3F800B02A4661
:100920000A21584601F0E2F8002865D00130A0EB1A
:100930000B07AEE722699A4214D36569BD4211D80C
:100940006FF00043BB4228BF3B4693FBF5F3524692
:1009500005FB03F34846A56A216AA847051ECBDDBF
:100960007F1B7BE7B94228BF39460D4618465146E2
:100970002A4600F0B1FCA1682368491B2B44A16002
:1009800023600029ECD12146484600F05FFB002897
:10099000E6D0B1E7BB463A4652E75946019200F02D
:1009A0009BFC019AA36892469B1AA3602368134498
:1009B000236088E75946524600F08EFC23682146A2
:1009C00053444846236000F041FB00283FF47BAFCE
:1009D00092E7484600F0F8FD034600287FF426AF72
:1009E0004846216900F01AFC0C22B4F90C30C9F811
:1009F000002023F0800381E76A1C17464AE70C2297
:100A0000B4F90C30C9F8002078E700BF00FCFF7F84
:100A100038B5C46B0CB1002038BD8021054600F00C
:100A20007DFB0246E86330B1031F7C3243F8044F7C
:100A30009342FBD1EFE74FF0FF3038BD30B51F29AF
:100A4000054683B008D8C36B0C4653B153F8240055
:100A500043F8242003B030BD162303604FF0FF306D
:100A6000F8E78021019200F059FB019A0346E86300
:100A70000028F3D0011F00F17C05002041F8040F8D
:100A8000A942FBD1E2E700BF1F2938B505461ED8B1
:100A9000C26B0C466AB152F8213053B1012B06D01B
:100AA000591C10D00021204642F8241098470020FD
:100AB00038BD284601F0CCF8224601462846BDE85C
:100AC000384001F0B1B8162301202B6038BD162341
:100AD0004FF0FF302B6038BD1F292BD838B5C36BC2
:100AE0000C460546A3B153F8242003EB84034AB116
:100AF000511C0BD0012A07D0002520461D609047CD
:100B0000284638BD012038BD032038BD022038BD3D
:100B1000802100F003FB0346E86340B100201A1F68
:100B200003F17C0142F8040F8A42FBD1DBE74FF06E
:100B3000FF3038BD4FF0FF30704700BF38B5134B62
:100B40001F281D681DD8EA6B044662B152F8203098
:100B50004BB1012B05D0591C0FD0002142F82010B9
:100B60009847002038BD284601F072F82246014619
:100B70002846BDE8384001F057B8162301202B6005
:100B800038BD16234FF0FF302B6038BD000C00201D
:100B9000114B1F2870B51E6808D8F36B04460D462C
:100BA0004BB153F8240043F8245070BD1623336032
:100BB0004FF0FF3070BD8021304600F0AFFA0346A1
:100BC000F0630028F4D00021021F7C3042F8041F9B
:100BD0008242FBD1E5E700BF000C002038B50B4B8B
:100BE0001D68EC6B0CB1002038BD8021284600F058
:100BF00095FAE86338B1031F00F17C0243F8044F13
:100C00009342FBD1EFE74FF0FF3038BD000C0020DE
:100C100038B5174B1F281D6826D80446E86BA0B1CD
:100C200050F8242000EB84034AB1511C0BD0012A58
:100C300007D0002520461D609047284638BD01207A
:100C400038BD032038BD022038BD8021284600F081
:100C500065FAE86340B10021031F00F17C0243F80C
:100C6000041F9342FBD1DBE74FF0FF3038BD00BFDC
:100C7000000C002000207047024A0349034800F09E
:100C8000A9BB00BF500C00204D100008040C002030
:100C90000C4B416810B59942044601D000F0D6F9DA
:100CA000A168094B994202D0204600F0CFF9E168D3
:100CB000064B994204D02046BDE8104000F0C6B96A
:100CC00010BD00BFB01100201812002080120020BB
:100CD000002070472DE9F84300250423294C2A49B8
:100CE0000822C4F8381104F15C002946DFF89C9012
:100CF000DFF89C80274F284EC4E90335C4E900552E
:100D0000C4E90555A560656600F0C6F8234B0822C6
:100D1000294604F1C4006367C4E90849C4E90A87A5
:100D2000C4E91A55C4E91E5526632567C4F8CC509A
:100D3000C4F8805000F0B0F8194B2946C4F8DC30F4
:100D4000082204F1680304F59670C4F88830C4E9F9
:100D50002398C4E92576C4E93455C4E93855C4F864
:100D6000D850C4F83451C4F8E85000F095F804F1B4
:100D7000D003C4E93D98C4E93F76C4F8F030BDE83B
:100D8000F88300BFB0110020790C0008851B000813
:100D9000AD1B0008ED1B0008111C00080900010034
:100DA00012000200F8B5254B0646D3F83831002B67
:100DB0003CD0234FD7E90134013B04D51DE05A1C38
:100DC00004F1680419D0B4F90C50013B002DF6D1A0
:100DD0001C4B08222946C4E90155C4E90455E360C7
:100DE00065662560A56104F15C0000F055F8C4E972
:100DF0000D55C4E912552046F8BD3D680DB12F468A
:100E0000D8E74FF4D671304600F088F9044680B137
:100E100004230560294625460C304FF4D072A060AB
:100E2000636000F039F83C602F46C3E7FFF752FFDC
:100E3000BFE70C2338603360DDE700BFB01100204E
:100E4000500C00200100FFFF036A03B17047044B00
:100E5000044AD3F838310262002BF7D13AE700BFD9
:100E6000B0110020910C0008704700BF704700BF10
:100E70000020024A024900F0ADBA00BF500C002029
:100E8000750C00080020024A024900F0A3BA00BF16
:100E9000500C0020D10C000870B5860747D0541EB6
:100EA000002A3ED00346CAB201E0013C39D303F820
:100EB000012B9D07F9D1032C2CD9CDB205EB0525CB
:100EC0000F2C1A4605EB054534D9A4F1100C2CF073
:100ED0000F0603F1100EB6444FEA1C1CC2E9005580
:100EE000C2E9025510327245F8D10CF1010214F03A
:100EF0000C0F03EB021204F00F0C13D0ACF104033F
:100F000023F003030433134442F8045B9342FBD100
:100F10000CF003042CB1C9B21C4403F8011BA3421A
:100F2000FBD170BD64461346002CF4D1F9E70346AB
:100F30001446C0E7A446E1E7F8B5B1F90C300C4619
:100F40001E07074639D44A68002A53DDE56A002D9A
:100F500031D000223E683A6013F48052216A55D1A4
:100F600001233846A847451C024663D0B4F90C302B
:100F7000E56A216A580705D56368D21A636B0BB11D
:100F8000236CD21A00233846A847421C40D00022C6
:100F9000236962602360A389DB0400D56065616B0F
:100FA0003E6041B104F14403994202D0384600F05A
:100FB00035F9002363630020F8BD0E69002EFAD0D6
:100FC0009B0718BF00230D6808BF4B690E60AD1B5F
:100FD0008B600CE02B463246D4F828C03846216A94
:100FE000E047B0F1000CA5EB0C05664406DD002DD2
:100FF000F0DCE0E70A6C002AA8DCDCE7B4F90C308E
:1010000043F040034FF0FF30A381F8BD626DB1E7BC
:101010003968B4F90C301D29F2D80B4ACA40D507FB
:10102000EED50022626022692260DA04B7D5002979
:10103000B4D0B4E73B68002B98D01D2B01D0162B01
:10104000DCD13E60B7E700BF010040200B69B3B1BF
:1010500010B5044682B008B1036A5BB1B1F90C3037
:1010600013B9002002B010BD204602B0BDE8104008
:10107000FFF762BF0191FFF7E7FE0199EEE700205D
:10108000704700BFB8B138B50D4A0369044615680A
:101090002BB10DB12B6A53B1B4F90C300BB9002050
:1010A00038BD21462846BDE83840FFF745BF2846F1
:1010B000FFF7CAFEF0E7034A0349044800F08AB983
:1010C000000C0020500C00204D100008040C0020E3
:1010D00070B5114E054633680C46BBB12146284613
:1010E00009F082FE431C01460CD0C41C24F003040A
:1010F000A04205D02846611A09F076FE013001D0E1
:10110000204670BD4FF0FF34204670BD194609F0EF
:101110006BFE3060E2E700BFEC1200202DE9F843DF
:10112000CD1C25F0030508350C2D38BF0C25002DEE
:10113000064618DBA94216D8DFF8DC8000F04AFC2E
:10114000D8F80420A2B1144603E0636822467BB1BC
:101150001C4623685B1BF8D40B2B1FD89442636892
:1011600054D053600CE00C2333600020BDE8F883BA
:1011700029463046FFF7ACFF431C044619D00560F2
:10118000304600F029FC04F10B00231D20F007007D
:10119000C21A1CBF1B1AA350BDE8F8836119944200
:1011A000256014BF5160C8F80410635163684B6038
:1011B000E6E7D8F804701FB33C467F68002FFBD1E8
:1011C00023683946304604EB030909F00DFE8145DA
:1011D00016D123683046ED1A2946FFF779FF013012
:1011E0000ED02368D8F804202B442360536883B1C1
:1011F000A34203D01A465B689C42FBD10023B0E7B0
:101200000C233046336000F0E7FBAEE7C8F804304B
:10121000B6E7C8F80470B3E7EC120020002950D0FC
:1012200038B551F8043C0C1F002BB8BFE418054634
:1012300000F0D0FB274A13682BB1A3420CD92168D8
:10124000601883422CD0284663601460BDE83840A3
:1012500000F0C2BBA3420FD81A465B68002BF9D13D
:1012600011685018844217D02CD36360546028460C
:10127000BDE8384000F0B0BB11685018A04214D04F
:1012800020D8216860188342EFD118685B68084451
:10129000C4E900035460EAE723680B441360E6E7FF
:1012A00018685B6808442060CDE720680144501846
:1012B00083421160DBD1D3E900040144C2E9001488
:1012C000D5E770470C2328462B60BDE8384000F076
:1012D00083BB00BFF012002088420ED98B188342D6
:1012E0000BD900EB020C002A6DD0624613F801CD39
:1012F000994202F801CDF9D170470F2A0FD8034661
:1013000002F1FF3C002A5ED00CF1010C013B8C4441
:1013100011F8012B614503F8012FF9D1704740EA1C
:1013200001039B0750D1A2F1100370B501F1200C0D
:1013300023F00F0501F1100E00F11004AC441B095D
:101340005EF8105C0EF1100E44F8105C5EF81C5C48
:10135000103444F81C5C5EF8185C44F8185C5EF8C5
:10136000145CE64544F8145CEAD1013312F00C0F2A
:1013700001EB031102F00F0400EB031328D08E469B
:10138000043C24F003064FEA940C1E441C1F5EF834
:10139000045B44F8045FB442F9D10CF1010402F09B
:1013A000030203EB840301EB840102F1FF3C4AB129
:1013B0000CF1010C013B8C4411F8012B614503F841
:1013C000012FF9D170BD7047034602F1FF3C9BE746
:1013D0002246EAE72DE9F8434FF0000980460F4620
:1013E0001646D6E90154013D10D4A389012B08D932
:1013F000B4F90E30013304D021464046B84749EADB
:101400000009013D6B1C04F16804EED13668002E22
:10141000E7D14846BDE8F88338B52F4B05461B6831
:101420000C4613B11A6A002A4BD0B4F90C301807D5
:101430001CD5226922B313F0010107D00020616995
:10144000A0604942A1613AB1002038BD980758BF59
:101450006169A160002AF7D1190658BF1046F4D57A
:1014600043F04003A3814FF0FF3038BDD9062CD59F
:101470005A0712D4226943F00803A381002ADAD163
:1014800003F42071B1F5007FD5D02146284600F045
:10149000A5FAB4F90C302269CDE7616B51B104F1C2
:1014A0004402914204D02846FFF7B8FEB4F90C304C
:1014B000002262630021226923F02403C4E9002191
:1014C000D9E71846FFF7C0FCAFE7092243F0400315
:1014D0002A60A381C7E700BF000C0020844641EAD0
:1014E000000313F0030349D1403A23D30B68036090
:1014F0004B6843608B688360CB68C3600B69036192
:101500004B6943618B698361CB69C3610B6A036279
:101510004B6A43628B6A8362CB6AC3620B6B036361
:101520004B6B43638B6B8363CB6BC3634030403146
:10153000403ADBD230320BD30B6803604B68436018
:101540008B688360CB68C36010301031103AF3D2DF
:101550000C3205D351F8043B40F8043B043AF9D26D
:10156000043208D0D2071CBF11F8013B00F8013B40
:1015700001D30B8803806046704700BF082A13D34D
:101580008B07B1D010F00303AED0C3F10403D21A1D
:10159000DB071CBF11F8013B00F8013BA4D331F875
:1015A000023B20F8023B9FE7043AD9D3013A11F8F5
:1015B000013B00F8013BF9D20B7803704B78437084
:1015C0008B788370604670472DE9F041144641B333
:1015D0000AB306460D4600F01FFB8442074602D8B8
:1015E000B4EB500F13D821463046FFF797FD8046E5
:1015F00050B1BC422246294628BF3A46FFF76EFF4B
:1016000029463046FFF70AFE4046BDE8F081A8466D
:101610004046BDE8F081A046FFF700FE4046BDE829
:10162000F0811146BDE8F041FFF778BD2DE9F84F94
:1016300092461F460A698B680C469A42B8BF1A4602
:10164000CAF8002091F843300646DDF8289013B11F
:101650000132CAF80020226891065FD5DAF800301E
:101660000233CAF80030226812F0060F11461DD16D
:10167000E1689942D8BF114618DD4FF0000804F127
:10168000190B05E0E568DAF80030ED1A45450CDD88
:1016900001235A4639463046C847013008F101084F
:1016A000F0D14FF0FF30BDE8F88F216894F8433057
:1016B000003B18BF01238A060AD53021E21882F8C0
:1016C000431094F845105A1C2244023382F8431008
:1016D0003946304604F14302C8470130E1D0D4E92D
:1016E00002202368DAF8005003F00603042B216976
:1016F0001BD08A4220DD4FF00008521A904400258A
:101700001A3401E0454517DA0123224639463046AE
:10171000C847013005F10105F4D1C2E712F0060F08
:101720000DD0003B18BF0123D2E7401B8A4220EABC
:10173000E078E2DC0028E2DC0020BDE8F88FE16818
:10174000DAF800309942D8BF114696DCAEE700BF08
:101750002DE9F04717460A7E84B00C4606469846A7
:101760000C9D01F1430C002A35D0A2F15803D9B2E7
:10177000202969D8202B67D8DFE813F0E60066003F
:101780006600660066006600660066006600660029
:101790006600AC00700066006600660066007000BF
:1017A000660066006600660021008300C6006600D1
:1017B0006600B6006600830066006600EC002B68D9
:1017C0002268181D6169286010061B6802D4520641
:1017D00000F1E08019600023E14623613B46214689
:1017E0003046CDF8008003AAFFF720FF013020D05B
:1017F0004A46394630462369C047013019D023682C
:10180000E0689B07DDF80C9018D5484516DD0025EB
:1018100004F1190A04E0E068A0EB0903AB420DDD16
:101820000123524639463046C047013005F10105D3
:10183000F1D14FF0FF3004B0BDE8F0874845B8BFA4
:10184000484604B0BDE8F087012084F8422004F146
:1018500042090023206184F84330BFE72A682368E7
:10186000111D1806296002D4590600F195801068F0
:10187000014600286268C0F293804FF00A0E534878
:1018800015E020682B6810F0800F53F8041B02D17C
:10189000400648BF89B26F2A14BF4FF00A0E4FF0BE
:1018A000080E4A482B600023626884F84330002AFF
:1018B000A26051DB236823F00403236000294BD18D
:1018C000002A7BD1E146BEF1080F56D0ACEB0903EC
:1018D000236183E72A680120116804322A6004F139
:1018E000420984F84210B4E72B6800211A1D2A60CF
:1018F000D3F800906268484600F0F8F8002863D0FA
:10190000A0EB09006060A4E7236843F02003236094
:1019100078222F4884F845202A6813F0800F52F867
:10192000041B03D113F0400F18BF89B22A60DA07F5
:1019300044BF43F02003236019B9236823F0200338
:1019400023604FF0100EAEE75823204884F845304E
:101950002368E1E72368DBE77546E146B1FBF5F371
:101960000A4605FB131A194610F80A30AA4209F86C
:10197000013DF3D2BEF1080FA8D12368DD07A5D53C
:10198000626823699A42A1DC302309F1FF3989F8A2
:1019900000309BE719801EE7B2F90010084668E79F
:1019A0002D20002AA26084F8430002DB23F0040308
:1019B00023600A250548AE464942CEE7037804F184
:1019C000420984F842307EE7606842E704D70008A5
:1019D00018D70008704700BF704700BF70B5B1F955
:1019E0000C300C46990796B007D5012204F1470345
:1019F000C4E90432236016B070BDB4F90E10054678
:101A0000002929DB6A4609F0E0F9002822DB4FF4BF
:101A100080612846019EFFF781FB88B3A38906F405
:101A2000704643F08003A3814FF48063B6F5005FF6
:101A3000C4E904032060DED12846B4F90E1009F091
:101A4000D0F90028D7D0A38923F0030343F0010382
:101A5000A381D0E7B4F90C3013F0800F14BF4026F7
:101A60004FF4806628463146FFF758FB40B1A38902
:101A7000C4E9040643F080032060A38116B070BD62
:101A8000B4F90C309A05B6D4012123F0030304F114
:101A9000470243F00203C4E90421A3812260AAE7BC
:101AA00070B50C46B1F90E10154600291E4696B0C9
:101AB0000FDB6A4609F089F900280ADB019B4FF425
:101AC000806203F47043A3F50053B3FA83F35B0918
:101AD00007E0A289002312F0800F14BF40224FF4C8
:101AE0008062002033602A6016B070BD5FFA81FC0E
:101AF000810744D00346511E22B909E09A0709D054
:101B0000013905D31846027801336245F6D1704792
:101B100000207047184603290CD80029F8D0034646
:101B2000014401E08B42F3D0184613F8012B6245C3
:101B3000F8D1704710B50CEB0C24024604EB0444BA
:101B400002E00439032915D9104652F8043B6340DA
:101B5000A3F1013E2EEA030313F0803FF1D00346C8
:101B6000014401E08B4208D0184613F8012B62456E
:101B7000F8D110BD10460029F1D1002010BD11464A
:101B8000C9E700BF10B50C46B1F90E1009F014F901
:101B9000002803DB636D0344636510BDA38923F450
:101BA0008053A38110BD00BF002070472DE9F04194
:101BB0000C46B1F90C101F46CB05054616460BD452
:101BC00021F48051A1813B4632462846B4F90E10DB
:101BD000BDE8F04109F0F5B8B4F90E100223002277
:101BE00009F0F1F8B4F90C10EAE700BF10B50C46A3
:101BF000B1F90E1009F0E7F8B4F90C30421C0EBF31
:101C000023F4805343F480536065A38110BD00BF6B
:101C1000B1F90E1009F0CEB851F8043C181F002B92
:101C2000BCBF0B58C018704770B50026074D04465E
:101C3000084611462E6009F001F9431C00D070BD22
:101C40002B68002BFBD0236070BD00BFF412002076
:101C500009F0FEB8032A30B415D941EA0004A407FC
:101C600084460B4604D0541E0FE0043A032A08D9D8
:101C70001946604653F8044B5CF8045BA542F4D067
:101C8000F1E760461946541E7AB1431E0139021924
:101C900001E09A4209D013F8010F11F801CF604515
:101CA000F7D0A0EB0C0030BC7047002030BC704770
:101CB0007BB972B90029BEBF00204FF0004106E099
:101CC00008BF00281CBF6FF000414FF0FF3000F04C
:101CD000B1B9ADF1080C6DE904CE002909DB002B88
:101CE0001ADB00F04DF8DDF804E0DDE9022304B072
:101CF0007047404261EB4101002B1BDB00F040F8D4
:101D0000DDF804E0DDE9022304B0404261EB41016B
:101D1000524263EB43037047524263EB430300F0CC
:101D20002FF8DDF804E0DDE9022304B0404261EB66
:101D300041017047524263EB430300F021F8DDF8A4
:101D400004E0DDE9022304B0524263EB4303704731
:101D500053B94AB9002908BF00281CBF4FF0FF3112
:101D60004FF0FF3000F066B9ADF1080C6DE904CE1C
:101D700000F006F8DDF804E0DDE9022304B0704766
:101D80002DE9F047089D0E4604468E46002B4CD1A7
:101D90008A429446B2FA82F362D953B102FA03FC42
:101DA000C3F1200201FA03FE20FA02F242EA0E0E0B
:101DB0009C404FEA1C47BEFBF7F11FFA8CF607FB6D
:101DC00011EE01FB06F0220C42EA0E4290420AD9C3
:101DD0001CEB020201F1FF3E80F00E81904240F2C6
:101DE0000B8102396244121AB2FBF7F007FB102292
:101DF00000FB06F6A4B244EA0244A6420AD91CEB50
:101E0000040400F1FF3280F0F980A64240F2F6802F
:101E10006444023840EA01400021A41B1DB1DC40AB
:101E20000023C5E90043BDE8F0878B4205D90DB119
:101E3000C5E9000100210846F5E7B3FA83F100295E
:101E400042D1B34202D3824200F2EE80841A66EBA2
:101E5000030201209646002DE5D0C5E9004EE2E7D9
:101E6000002B40F08C80881A0121170C96B2B0FB31
:101E7000F7FE07FB1E00220C42EA004206FB0EF0B2
:101E8000904208D91CEB02020EF1FF3802D29042B8
:101E900000F2CC80C646121AB2FBF7F007FB102204
:101EA00000FB06F6A4B244EA0244A64208D91CEBA1
:101EB000040400F1FF3202D2A64200F2B2801046C2
:101EC000A41B40EA0E40A9E7C1F120078B4022FA8B
:101ED00007FC4CEA030C26FA07FA4FEA1C48BAFB47
:101EE000F8FE06FA01F308FB1EAA1FFA8CF620FA88
:101EF00007F400FA01F90EFB06F023431C0C44EA38
:101F00000A44A04202FA01F20BD91CEB04040EF1C0
:101F1000FF3A80F08480A04240F28180AEF1020E50
:101F20006444241A98B2B4FBF8F308FB134403FB8F
:101F300006F640EA0444A64208D91CEB040403F167
:101F4000FF3068D2A64266D9023B644443EA0E40A1
:101F5000A41BA0FB02E6B4427346B04652D34FD056
:101F60005DB1B9EB030264EB080404FA07F722FA47
:101F700001F31F43CC40C5E90074002153E702FA86
:101F800003FCC3F12000C1404FEA1C47B1FBF7FE40
:101F900007FB1E1124FA00F09E403043020C1FFA8A
:101FA0008CF642EA01420EFB06F1914204FA03F478
:101FB00009D91CEB02020EF1FF382ED291422CD926
:101FC000AEF1020E6244521AB2FBF7F107FB112286
:101FD00080B240EA024001FB06F2824208D91CEBC3
:101FE000000001F1FF3814D2824212D90239604454
:101FF000801A41EA0E413AE77146F4E6104609E7D5
:10200000F145ADD2BEEB020366EB0C060138B046DB
:10201000A6E74146ECE7034698E7C646D3E7D6462F
:102020007FE7644402384BE7084614E7AEF1020E3E
:10203000624430E7704700BF4F2814D8312806D8D3
:1020400015280BD8072894BF002001207047074BA4
:102050003238C0B2C34003F001007047A0F123033F
:102060005842584170470020704700BF01100020BF
:10207000002210B5084B9C78844202D11C888C4207
:1020800007D00332B2F5C07F03F10603F3D100207D
:1020900010BD0120FCE700BF2E2C00206E22074B54
:1020A0005B5C5343FF22B3FBF2F3C3F1A0039BB28B
:1020B00058436423B0FBF3F080B27047582B0020E4
:1020C00001214FF43470FFF7E9BF02214FF4827011
:1020D000FFF7E4BF0421DC20FFF7E0BFC0F3CA0331
:1020E000410442BFC3F5FF6307339BB2084A190A94
:1020F00010B5545CC3F34602064B33F8113004FBB1
:10210000023302049BB244BF5B429BB218B210BDC3
:102110006CD4000874D40008044B186880EA40307E
:1021200080EA504080EA4010186070476811002033
:10213000002819DDB0F5004F18DA80FB0032DB0B08
:1021400043EA4243D113C217D0F5404062EB42024A
:102150005A4300FB0122A3FB00300244D81852412D
:10216000C00B40EA42407047002070474FF40040E7
:10217000704700000E4A08B511680E4B1960FFF752
:10218000CBFF44F26923B0FBF3F101FB1300A0F590
:10219000045034381060FFF7BFFF8323B0FBF3F225
:1021A00002FB1300044B5A300003186008BD00BF47
:1021B000482B0020442B0020402B00202DE9F74F16
:1021C00082461846894617469846FFF787FF044619
:1021D00008F5804080B2FFF781FF564B83461868B0
:1021E0004FF4206200FB0AF0B0F5004FA8BF4FF497
:1021F000004020EAE070C0F500400023C117FFF75F
:1022000057FD0BFB01FC4FEAEB7202FB00CC0346CF
:10221000ABFB002EF444D20B42EA4C4209EB020C19
:102220004FF016096143E21702FB0011A4FB0332D1
:102230001144DB0B43EA41436442F81884FB094331
:10224000E40B44EA43448BFB09B34FEADB3B4BEA24
:10225000434B0BFB0A0301936FF00F0304FB0AC609
:10226000A3EB0C07ACF1F00C6745B8BF67466FF005
:10227000070227EAE777111A8F42B8BF0F4648389E
:102280008742B8BF07464FF0110B0AEB4A01C1EB7A
:10229000C10101EB811149008DB24046FFF71EFFDD
:1022A000044608F5804080B2FFF718FF84FB09C19F
:1022B0004FEADC3C4CEA414C414281FB091E019B48
:1022C000C90B41EA4E4101FB0A316FF00F030CFBD1
:1022D0000A6CA3EB0C0EACF1F00CF4456FF00702A6
:1022E000B8BFF446A2EB010EE645B8BFE646483952
:1022F0008E45B8BF8E460D99DDF830C084FB014194
:10230000CCFB00417745B8BF7746644261EB4101A1
:10231000E40B44EA414408498C4207DB0BF1FF3BE4
:10232000A8441BF0FF0B1FFA88F8B6D1384603B05B
:10233000BDE8F08F3C2B002068A6FFFF431E0A2B50
:1023400007B519D9114B9978DA785B788DF80510B3
:102350008DF804308DF8062000209DF8043063F3DA
:1023600007009DF8053063F30F209DF8063063F3F6
:10237000174003B05DF804FB054900EB4000014441
:10238000032201A8FFF7AAF8E6E700BF502B0020C0
:102390002F2F0020124B1B789B08113B052B1DD8BB
:1023A000DFE803F0181C090E14030138C0B2062838
:1023B00028BF00207047431E58425841C000704754
:1023C000012808BF092018BF00207047012808BF56
:1023D0000A20F8E7012808BF0B20F4E70020704727
:1023E000502B0020054B18780B2803D00C2803D065
:1023F000FFF7D0BF06207047072070476611002006
:10240000A0F58072B2F5F85F034610B421D213F440
:10241000805F00F4007403F48062C0F3002003F4D2
:1024200000630BD000010CB140F020000AB140F075
:1024300040000BB140F0800010BC08470CB140F0E8
:1024400002000AB140F00400002BF5D040F0080073
:10245000F2E70020F0E7000010F0020F0CBF10229E
:102460004FF48012014B9A61704700BF0008004092
:10247000044B1B781BB1034103F001007047184661
:10248000704700BFE92A00200123034A83401078E7
:1024900018431070704700BFE92A00200123034A47
:1024A0008340107820EA030010707047E92A00206A
:1024B0000123034A8340107858401070704700BFD2
:1024C000E92A002001F00703C90830B501EB4101FA
:1024D000012401390A4400219C40E4B212F8015F52
:1024E00020FA01F343F300036B40234001315D40C8
:1024F00003291570F2D130BD002210B500F0070499
:10250000C00800EB4000014410468B5CE34003F040
:102510000103934001321843032AC0B2F5D110BD24
:1025200017B40C46C1B2C0F3072005280BD80E29FA
:102530000FD8C0EB00100144074A89B2204603B00F
:1025400010BCFFF7BFBF031DDBB2012B01D8034A4C
:10255000F4E703B010BC7047B32A0020B02A002073
:10256000C3B2C0F30720052882B009D80E2B0ED8BD
:10257000C0EB00101844074980B202B0FFF7BCBF9F
:102580000430C0B2012802D818460349F5E70020FC
:1025900002B07047B32A0020B02A002030B50124D1
:1025A000084D04FA01F12B7804FA00F00843C1B297
:1025B0001840814204FA02F406BF2343DBB2A3436E
:1025C0002B7030BDE92A0020054B064A1B78127893
:1025D0009A4200D17047013303F00703F8E700BFC8
:1025E000F02A0020EF2A002010B509490B7823EAD1
:1025F000000010F00704087009D1984207D0054B7D
:102600005B785B0703D5C008FFF748FF0C7010BD6F
:10261000EA2A0020EC2A0020F0B5144B144E18785A
:10262000144B35781B781843E5B1134B9B78012B7D
:1026300019D1124B124993F90030002B114BB2BF44
:102640001E27062719460C46002214F8013B0BB141
:102650000132D2B23B1B0B4413F0FF03F5D102B1A0
:1026600033702843F0BD06270649ECE72E2F0020E3
:10267000E62A0020EE2A002058110020EC2A002033
:102680000E16002006160020024A137823EA0003E3
:10269000137070472E2F0020E7284FD8DF2807D867
:1026A000312864D00ED8292857D02A2866D0704700
:1026B000A0F1E003072B41D8DFE803F01540232801
:1026C00031403C41392804D0822802D035283FD0FF
:1026D0007047324B1A7892071FD15B7813F0080FBE
:1026E00018BF292070472D4A1378D9074DD4527846
:1026F00012F0010F22D013F0100F14BF0020E320BE
:102700007047264B1B7813F0040FF3E7234A137826
:1027100059073CD45278D207EDD5E02070471F4BC3
:102720005A7891070AD51B7813F0100F14BF0020B8
:10273000E7207047194B1B781A07F5D47047174AE2
:102740001378190725D452789107EDD5E420704706
:10275000124B1B7813F0200FC2E7104B1A78920629
:1027600019D45B7813F0080F18BF392070470B4B52
:102770001B7813F0400F18BF2A207047074B1B78B7
:1027800013F0400F18BF3120704739207047E22006
:102790007047E62070473520D0E700BFEC2A0020C4
:1027A00010B5304C21784B0713D500F01402A2F17C
:1027B000040C00F01803DCF1000242EB0C02A3F160
:1027C000080CDCF1000343EB0C039A4218BF80F0C5
:1027D0000C000B0713D500F01402A2F1140C00F04A
:1027E0001803DCF1000242EB0C02A3F1180CDCF13F
:1027F000000343EB0C039A4218BF80F00C0064788E
:10280000E30713D500F0110202F1FF3C00F01803BA
:10281000DCF1000242EB0C02A3F1080CDCF1000336
:1028200043EB0C039A4218BF80F00900A30711D5AF
:1028300000F0110200F01803A2F111046242A3F1AA
:10284000180C6241DCF1000343EB0C039A4218BF01
:1028500080F00900CA0603D5030748BF00F0E7006F
:1028600010BD00BFEC2A002038B5FFF715FFB0F50A
:10287000A44F044643D2B0F5A04F80F0AE80DF28CD
:1028800016D8CC2800F28C80A7280AD8A42879D89A
:10289000012804D0031F9BB2A12B28BF002420468F
:1028A00038BDA0F1A8039BB21A2B71D90024F6E71A
:1028B000B0F5804F19D2B0F5005F80F0A180E72815
:1028C000EDD9A0F580739BB2B3F5F85FEED2C0F3FB
:1028D0000720FFF765FF0546E0B2FFF7DDFE2D029A
:1028E00005F4F85540EA050450E0C0B2FFF7D4FE05
:1028F00004F47064204340F4204084B2CFE7B0F584
:10290000A54F22D245F25F23984253D845F23F2388
:1029100098420FD845F21F23984244D8012300F073
:102920000304C0F38502A34043EA421343F40D437A
:102930009CB2B4E7012300F00304C0F38202A34079
:1029400043EA421343F40C43F2E745F2BF239842B3
:102950000AD845F29F23984200F01F0035D84AF26A
:10296000F40343EA00249AE7A0F5A543403B9BB259
:102970001F2B9BD8040204F4F85444F4204444F080
:10298000F0048CE7A0F1240444F48044A4B286E768
:10299000234B5834E4B233F8144044F488447EE7BF
:1029A00040F4A044F2E74AF2F10300F01F0443EAC6
:1029B000042474E7012300F00304C0F38202A3405F
:1029C00043EA421343F40A43B2E7FFF7E9FE040285
:1029D00004F4F85444F4005461E700F01F00FFF7DA
:1029E000DFFE03B2C20648BF1B01C4F343144FEA23
:1029F000042448BF03F0F0031C4344F41044C5E72B
:102A0000C0F30420FFF7CCFE0546E0B2FFF744FE1A
:102A10002D0205F4F855054345F40055ACB23EE7E8
:102A20008ED30008002070470020704710B5044680
:102A300010B9C90FC80110BD80EAE072A2EBE072C4
:102A400012B2002901EB02030CDB891A490191FB48
:102A5000F3F1C1F120014BB2D8B2002CBCBF40420F
:102A6000C0B2E8E75B01521A93FBF2F3C3F16003D3
:102A70005BB2F1E730B585B0C0F3074501909DF832
:102A800020001C1A1046FFF7D1FF2C44E4B2231A91
:102A90000020DBB205FB03331B128DF80630019BCF
:102AA000DAB262F30700C3F3072262F30F20C3F325
:102AB000074363F3174005B030BD84B00190002098
:102AC0008DF80420019BDAB262F30700C3F30722FA
:102AD00062F30F20C3F3074363F3174004B070475A
:102AE0001FB501909DF818001C1A1046FFF79EFFB5
:102AF000E4B2241A00208DF80440019BDAB262F39C
:102B00000700C3F3072262F30F20C3F3074363F305
:102B1000174004B010BD000084B0019003F12C00F8
:102B2000104B03EB4003D8789B782038703B4B4325
:102B300002FB003200209DF80430002AB8BF3F326B
:102B400003EBA2138DF80430019BDAB262F30700A5
:102B5000C3F3072262F30F20C3F3074363F3174065
:102B600004B0704784D400081FB5164C2C3304EB16
:102B70004304E378A478203B5343A4F1700252B29B
:102B8000002ABCBFC4F1700462B2C2F1380201FB7A
:102B9000023111EB4101019048BF7F31C0B200EB1F
:102BA000E1108DF804000020019BDAB262F3070007
:102BB000C3F3072262F30F20C3F3074363F3174005
:102BC00004B010BD84D40008024B1A78104318706A
:102BD000704700BFE027002000F052B908B5074B4E
:102BE000074A1870074B1B78C3F30103137000F0FA
:102BF00055F90322044B1A7008BD00BFB40E002023
:102C0000B30E0020502B0020AF0E0020044A137892
:102C100083F0010313700022024B1A70FFF7D4BF38
:102C2000502B0020AF0E0020064A137813F0030348
:102C300004BF05490B700121137861F30103137080
:102C4000704700BF502B0020AF0E0020054B1A78B4
:102C500092071EBF0021044A11701A7822F0030265
:102C60001A707047502B0020AF0E00200C4A03460C
:102C700008461178890711D063B1162B0CD803F0E0
:102C80003F03117863F3870111700022054B1A701E
:102C9000FFF79ABF0123F4E71623F2E7704700BF5E
:102CA000502B0020AF0E0020054B01461B789B08DF
:102CB0000133172B34BF18460120FFF7D7BF00BFE1
:102CC000502B0020064B01461B78C3F38503013BC4
:102CD00013F0FF0314BF18461620FFF7C7BF00BF4D
:102CE000502B002030B4074C0546184623789B072C
:102CF00005D06570A170E27030BCFFF765BF30BCD5
:102D0000704700BF502B0020034903464878CA781B
:102D100008308978FFF7E6BF502B0020054910B432
:102D20004C780346083CCA78A0B2897810BCFFF7FB
:102D3000D9BF00BF502B002010B4064C0346A17829
:102D4000E2780831FF2928BFFF216078C9B210BCA2
:102D5000FFF7C8BF502B002010B4064C0346A178E3
:102D6000E278083921EAE1716078C9B210BCFFF756
:102D7000B9BF00BF502B002010B4064C0346E278C8
:102D8000A1780832FF2A28BFFF226078D2B210BC97
:102D9000FFF7A8BF502B002010B4064C0346E27882
:102DA000A178083A22EAE2726078D2B210BCFFF74A
:102DB00099BF00BF502B0020044A13791033FF2B1A
:102DC00028BFFF231371FFF7FFBE00BF502B002069
:102DD000034A1379103B23EAE3731371FFF7F4BE40
:102DE000502B0020054A01205379A3F1FF014B42EB
:102DF0004B410349CB5C5371FFF7E6BE502B0020DB
:102E0000A8D10008054A01205379A3F1FF014B42E4
:102E10004B410349CB5C5371FFF7D6BE502B0020CA
:102E2000A8D10008054BC1F18041186901F20741A2
:102E300001F00F01C84000F001007047000400409D
:102E4000C1F10301490040FA01F3022213F0010F1E
:102E500014BF0E2308238A4002421ABFA3F12000A8
:102E6000C0B243F08000704730B5044D00EB400025
:102E70002C1861702A54A37030BD00BFD81A0020EE
:102E800070B5134605460E460024204632462946B4
:102E90000134FFF7E9FF512CF7D170BD2DE9F84F50
:102EA00008272B4D2B4C002695F800B095F801A073
:102EB00095F80290A4F1080831465846FFF7C0FF84
:102EC0000136042E08F8010FF6D10026A4F10408FB
:102ED00031465046FFF7B4FF0136042E08F8010FC3
:102EE000F6D1A046002631464846FFF7A9FF013635
:102EF000042E08F8010FF6D10C37B7F5757F05F1F0
:102F0000030504F10C04CED1302383F3118803238D
:102F1000114A00211370114B916213624FF48863C0
:102F20005362D362138ED2695B08B3F5886F28BFF2
:102F30004FF488639361013BD361D36A43F011037B
:102F4000D3620123936081F31188BDE8F88F00BF3D
:102F5000D81A0020A3160020841F002098160020F5
:102F600000EB4003C3EB031300EB830083B200B21A
:102F7000002807DA803800B2002800DAFF3040F37A
:102F80000720704703F18000F9E700000E4B1B7823
:102F9000D90710D49A0710D45B0710D40B4B1B78B9
:102FA0007BB11D2B4FF0500003D843431E20B3FBD1
:102FB000F0F0C0B270471420FBE72820F9E750205A
:102FC000F7E70820F5E700BFD72A0020D92A00201C
:102FD0000F4B1B78D90710D49A0710D45B0712D473
:102FE0000C4B187868B127280DD82823C000B0FBF7
:102FF000F3F050B180B2C0B270470220FBE704206A
:10300000F9E70120F7E70820F5E70120704700BF46
:10301000D72A0020D82A002008B5A0F1CD03122B12
:1030200010D8DFE803F00A1013192E2E2E2E2E2EA4
:103030002E2E1C21252B363C4100FFF7A7FF4042D6
:103040001C4BD87008BDFFF7A1FFF9E7FFF79EFF03
:103050004042184B9870F5E7FFF798FFF9E7FFF744
:10306000B7FF144B1871EDE7FFF7B2FF4042F8E7E6
:10307000FFF7AEFF40420F4B5871E3E7FFF7A8FFA1
:10308000F9E701230B4AD138517883400B43537041
:10309000D8E7094A137843F001031370D2E7064AD0
:1030A000137843F00203F8E7034A137843F004036C
:1030B000F3E700BFDA2A0020D72A002030B5414BC1
:1030C000CD2893F9035093F9024093F9041093F932
:1030D000052012D1002D01DA0022DA70D9789A7811
:1030E0000A4351B20AB9384A11701A795B7913430D
:1030F0005AB20BB9354B1A7030BDCE2802D1002D13
:10310000EADCEBE7CF2804D1002CE7DA00229A7042
:10311000E4E7D02802D1002CF8DCDFE7D92804D17D
:103120000029DBDD00221A71D8E7DA2802D1002954
:10313000D4DAF7E7DB2804D1002ACFDA00225A716B
:10314000CCE7DC2802D1002AF8DCC7E7D1380E280A
:10315000C4D801A252F820F095310008953100083A
:103160009531000895310008953100089531000827
:103170009531000895310008DD300008DD30000889
:10318000DD300008DD300008A3310008AF31000851
:10319000B931000801215A78814022EA01025A70AF
:1031A0009CE70B490A7822F001020A7096E7084969
:1031B0000A7822F00202F8E705490A7822F00402B0
:1031C000F3E700BFDA2A0020D92A0020D82A0020FD
:1031D000D72A00200246022A084670B528D80021C6
:1031E000144B9D1D03EBC1046679360705D515F810
:1031F0003160964201D1204670BD01310329F1D1E1
:103200000028F9D059790C07C1F3C00006D5597BC5
:1032100008070BD5597D09070AD4022003EBC0002B
:103220004379827143F008034371E5E70120F5E734
:103230000020E1E78016002002B11047704700002F
:10324000034B1B6813B11B6803B11847002070477C
:10325000A42A00200B4B07B51A8882420FD0188091
:10326000094B1B685BB11B694BB103228DF805004C
:10327000000A8DF806008DF8042001A8984703B0D5
:103280005DF804FB7E160020A42A00200C4B07B535
:103290001A88824210D018800A4B1B6863B11B69E0
:1032A00053B104228DF80500000A8DF806008DF850
:1032B00004200DEB0200984703B05DF804FB00BF4B
:1032C0007C160020A42A002010B5164B9B78012BF9
:1032D00011D1154A92F90020002A0CDAEF284FEAA2
:1032E000D00107D8114A00F007000A4491788340C2
:1032F0000B43937010BD00224FF0FF330C4911F8BF
:10330000014FA042F6D0B3F1FF3F01D104B953B24F
:103310000132062AF3D15A1CECD0064A13449870A5
:10332000E8E700BF58110020EC2A00200C1600200E
:10333000051600200416002010B5124B9A78012AB9
:1033400012D1114B93F90030002B0DDAEF284FEA20
:10335000D00108D80D4B00F007000B44997882404B
:1033600021EA02029A7010BD06230021084A12F8D1
:10337000014F013B844208BF117013F0FF03F6D1E7
:10338000F1E700BF58110020EC2A00200C160020A5
:1033900005160020014B5878704700BF58110020D7
:1033A000BFF34F8F0549064BCA6802F4E06213432E
:1033B000CB60BFF34F8F00BFFDE700BF00ED00E023
:1033C0000400FA057FB500233A4C636090F847107B
:1033D00090F8462042EA012290F8481090F84900FF
:1033E00041EA0021100A032814D00DD801285AD030
:1033F00002280DD15B23304A002A2E4808BF104610
:103400006260236004B070BD21283DD0222842D0E4
:103410001A46F1E7D3B2032B06D8DFE803F04702E0
:10342000070A0623254AE7E70023F1E72A23244A6F
:10343000E2E7244B244E1D781DBB012229461A7059
:1034400068461022FDF728FD2946204804AB03EB0F
:10345000610313F8102C06EB41031509455D02F0DA
:103460000F029D700025825CDD704B1C023106EB63
:10347000430320299A70DD70E8D14223337003237F
:1034800073703378104AB7E70229C1D8104B53F84C
:1034900021200923B0E70229BAD80E4B53F8212086
:1034A0000D4B5B5CA8E712230C4AA5E704230C4AEA
:1034B000A2E700BF7416002072CD000866CD000898
:1034C0003ACD00082C1600202D16002029CD00082A
:1034D000F0CD0008E4CD0008DFCD0008CDCD000818
:1034E0006ECD00080E4BD8787E280FD96E23584336
:1034F000FF23B0FBF3F0C0F1A0004FF4827380B261
:1035000058436423B0FBF3F080B2704740F21713C6
:1035100058437F23B0FBF3F0C0F5C0700130ECE7F7
:10352000582B002010B51C4B9B78012B1ED11B4B38
:1035300093F90030002B19DAFFF76EF8184C2022AF
:10354000607018492046FEF785FB20B320222146F3
:103550001448FDF7C3FF144B1B68E3B19B68D3B15C
:10356000062222702046BDE810401847FFF754F8A5
:103570000E4C082220700E492046FEF76BFB50B11E
:10358000082221460A48FDF7A9FF074B1B6813B123
:103590005B68002BE6D110BD58110020EC2A0020FA
:1035A0000C160020822A0020A42A002004160020E5
:1035B000A82A002038B51C4B1B78D3B19378C3B12F
:1035C00014785578844201D0854212D185424C79D5
:1035D0000CBF012100211144CC7014BF0121002136
:1035E0005018C07828B1022B05D014D9D81E012854
:1035F0000CD9012038BD505C2CB9FFF765FEFFF7F0
:1036000091FF0020F6E7FFF797FEF8E7033B18BFAE
:1036100001239942F5D0505C14B9FFF755FEE8E755
:10362000FFF78AFEE5E700BF6C11002028B1034BCD
:103630001A7810431870FFF775BF70472E2F0020BF
:1036400008B528B1FFF720F8BDE80840FFF76ABFCA
:1036500008BD000028B1034B1A7810431870FFF71B
:1036600061BF7047EE2A002030B1044A137823EA84
:1036700000031370FFF756BF704700BFEE2A00200B
:1036800010B50C46826801692046FFF7D5FD094A4E
:10369000E1781378207923EA01031370FEF7F4FF31
:1036A000FFF740FF2046BDE8104008220021FDF74B
:1036B000F3BB00BFEE2A002038B54B7905469A07C8
:1036C0000C4613D4104A43F002034B71CB781178A7
:1036D0000B4313700D4A237911780B431370FFF7D6
:1036E00021FF20466A682969FFF7A6FD0022084BE2
:1036F0001A806379DB0705D421462846BDE83840A7
:10370000FFF7BEBF38BD00BFEE2A00202E2F0020DD
:103710005C2F0020084B9B78012B09D1074B93F9B4
:103720000030002B04DA1E2200210548FDF7B4BB4F
:10373000062200210348F9E758110020EC2A002056
:103740000E16002006160020F7B5144604220027A6
:1037500005460E460F200DEB0201019708F0D8FE3A
:10376000019BCA2B0FD13444CA2C88BFEF2406F129
:10377000250098BF2534241A2246294608F0C8FEA1
:10378000204603B0F0BD224639462846FDF784FBAB
:10379000F6E7002307B501220DF107018DF8073088
:1037A00008F0B6FE9DF8070003B05DF804FB05289D
:1037B00038B517D8052915D80E2A13D81E2354005A
:1037C00003FB0144B42303FB004404F1F300FFF7BF
:1037D000E0FF050204F1F400FFF7DBFFADB2284380
:1037E00080B238BD0020FCE72DE9F04100F24358DB
:1037F00005460F4616464446A4EB08039BB2BB425F
:1038000001D3BDE8F0812B44B3F52F7F06D82046C5
:10381000FFF7BFFF06F8010B0134EDE70020F9E7E1
:1038200013B50446012100680DF10702FFF7DCFF24
:1038300023689DF807000133236002B010BD8000AB
:1038400070B500F22B5481F001000E4604EB4000ED
:10385000FFF79FFF002E4FEA00250CBF0320012039
:103860002044FFF796FFADB2284380B270BDCAB2C4
:10387000C1F30721052982B006D80E2A14D80528DD
:1038800012D802B0FFF793BFFD2906D162B905280F
:103890000AD8012102B0FFF7D2BFFC2904D11AB91E
:1038A000052801D81146F5E7002002B07047000056
:1038B0007FB505240F4BADF804001E780E4B1B7826
:1038C0001E4346FA04F3DB0705D4013CF9D2002578
:1038D000284604B070BDBDF80430E5B2ADF80C3038
:1038E00003992846FFF7C3FFFEF7BEFF80B2012809
:1038F000EBD0EDE7E92A0020E82A002013B5028882
:103900004379ADF80420019873B169B1FFF7D0FF96
:10391000044601460198FEF703FE2046019902B0D5
:10392000BDE81040FFF7A3BFFEF71AFE0446F4E718
:103930001FB5ADF804000198FFF7BAFFBDF80430D9
:10394000ADF80C300399FFF792FF05B05DF804EB7A
:10395000FEF78ABF08B503460079A8B11888FFF7BB
:10396000E7FFC3B2C0F30330062813D094BF0E3074
:10397000063000F00F00012810D8F02B10D004D82A
:10398000E72B8CBF0020012008BDF42B14BF0020C2
:103990000120F9E7E72B03D9F12BF7E70020F3E744
:1039A0000120F1E738B5EF20FFF7F3FE0546F020E0
:1039B000FFF7EFFE0446F120FFF7EBFE262D05D1C1
:1039C000102C03D1031F5842584138BD0020FCE79A
:1039D00008B5F220FFF7DDFE08BD002307B502227F
:1039E0000DF10601ADF8063008F092FDBDF80600B5
:1039F00003B05DF804FBF8B50D4606461446D31D2A
:103A000023F0070300AFADEB030D6946284608F02D
:103A10007FFD224669463046FEF71CF920B122465A
:103A20003146284608F012FDBD46F8BD082208B50B
:103A300017210348FFF7DFFF0022024B1A7008BD71
:103A4000502B0020E027002010B5084C59232046B9
:103A5000032200F8013B0649FDF740FD4FF67F7356
:103A6000A380BDE81040FFF7E1BF00BF502B00204E
:103A7000FCCA0008F0B585B0102200216846FDF7A9
:103A80000BFA2C2440F2BD2540F24357102D2E4650
:103A900028BF1026394632466846FFF7ACFF013C86
:103AA0003744A5EB0605F1D105B0F0BD37B50C469E
:103AB0000546FFF76EFEA04207D0012228460DF111
:103AC00007018DF8074008F0C1FC03B030BD0528A0
:103AD00038B51D4616D8052914D80E2A12D81E232B
:103AE000540003FB0144B42303FB0044290A04F1FE
:103AF000F300FFF7DBFFE9B204F1F400BDE8384062
:103B0000FFF7D4BF38BD052870B516461D4614D83A
:103B100099B9800000F22B5482F0010004EB4000C0
:103B2000190AFFF7C3FF002E0CBF03200120E9B2E2
:103B30002044BDE87040FFF7B9BF70BD2DE9F84FD4
:103B40000025DFF87880DFF878A0D1460027ECB2B6
:103B500011E0052D14BF39F816300123F2B2594691
:103B600020460136FFF7B3FF0F2EF2D10137062FA3
:103B700009F11E091DD000265FFA87FBE9E7B8F8B6
:103B80000030012200212046FFF7BDFF0022052C56
:103B900014BFB8F802300123114620460135FFF763
:103BA000B2FF062D08F104080AF1B40ACDD1BDE830
:103BB000F88F052CE3D10123E3E700BF80D1000893
:103BC000FCCD000808B5FF21EF20FFF76FFFFF21B4
:103BD000F020FFF76BFFFF21F120FFF767FF0021C7
:103BE000F220FFF763FFFFF7A9FFFFF743FF26214E
:103BF000EF20FFF75BFF1021F020FFF757FFBDE834
:103C000008400421F120FFF751BF37B50C460546A7
:103C1000FFF7E3FEA04207D0022228460DF106017D
:103C2000ADF8064008F012FC03B030BD094A08B5F3
:103C30005378C3F3800181420BD060F38203537049
:103C400004201188FFF7E1FFBDE808400220FEF7DD
:103C5000CBBC08BDEC2A002037B5042200230C465B
:103C60000DEB02010193054608F052FC019B9C42BA
:103C700006D0042228460DEB0201019408F0E6FB71
:103C800003B030BD2DE9F0412525404F404CDFF811
:103C900004818EB017F8013B01268DF80430A6236D
:103CA0008DF8053048F2FF03ADF806307F2304227B
:103CB00021460DF109008DF80830FDF70FFC0422B4
:103CC00041460DF10D00FDF709FC042221460DF1DE
:103CD0001100FDF703FC042221460DF11500FDF74C
:103CE000FDFB042221460DF11900FDF7F7FB04222C
:103CF00029490DF11D00FDF7F1FB042227490DF1C3
:103D00002100FDF7EBFB042221460DF12500FDF714
:103D1000E5FB042221460DF12900FDF7DFFB04221B
:103D200021460DF12D00FDF7D9FB042221460DF1AE
:103D30003100FDF7D3FBCA210F208DF83560FFF766
:103D40008BFF2946322201A83235FFF754FEED2DB4
:103D5000A0D10023CA210F208DF80430FFF77CFF8B
:103D60003246294601A8FFF746FE0623CA210F2046
:103D70008DF80330FFF770FF3246EE210DF103009E
:103D8000FFF739FE0EB0BDE8F08100BF68D400082F
:103D900064D40008FFCA000803CB000807CB000862
:103DA000F0B585B008F0C2FB4FF6E3610020FFF7E5
:103DB0002CFF00210220FFF779FE0121194B03207F
:103DC0001970FFF773FE4FF4A4510420FFF71DFF95
:103DD000FFF73AFECA210F20FFF73EFF1022002115
:103DE0006846FDF759F80D242527CA25102D2E46C3
:103DF00028BF1026394632466846FFF7FCFD013CD5
:103E00003744A5EB0605F1D1FFF7DCFEFFF73AFFDB
:103E100021461320FFF720FF05B0BDE8F040FFF773
:103E200005BE00BFE82A00200022082311460148F1
:103E300008F006BE0C080040F7B51F464BBA090C47
:103E4000064615468DF80400ADF806308DF80510CD
:103E5000FFF7EAFFE8B104210DEB010008F024FEB2
:103E6000044648B945B1022E0BD0032E0ED1284688
:103E7000B9B208F023FE044608F02AFE204603B03B
:103E8000F0BD2846B9B208F00FFEF4E74FF0FF345A
:103E9000F2E74FF0FF34F1E7312808B514D040289D
:103EA00014D008D8012811D9094B1B7813F0220F20
:103EB00004D0032008BD4B380328F4E7FFF7C0F90E
:103EC00010F00200F5D1F5E70220F3E70120F1E759
:103ED0002E2F0020F0B50625084FDFF824C03C78CF
:103EE000654301340CEB050604F07F04B070F270FA
:103EF0003C702CF805103371F0BD00BF2C2C002055
:103F00002E2C00201D4B1E4A1B6811688B4233D09B
:103F100013601C4A12787AB31B4AFF2113600023F6
:103F20001A4A13801A4A107900B191700133802B1C
:103F300002F10602F7D100231946164A107900B1A2
:103F4000D1700133082B02F10602F7D10023194684
:103F5000114A107900B1D1700133082B02F1060229
:103F6000F7D1002319460D4A507900B11171013380
:103F7000062B02F10602F7D1704700BF282C002063
:103F8000242C0020F82B0020F42B0020F02B002004
:103F90002E2C0020C02B0020902B00206C2B00200A
:103FA00008B50120FEF764FA68B90220FEF760FA4E
:103FB00048B90320FEF75CFA28B90520FEF758FA45
:103FC00000F0010008BD0120FAE700002DE9F84FDC
:103FD000DFF8BC802F4BD8F8002019688A421BD02C
:103FE0002D491A60FFF7DCFF0B784BB140B903464F
:103FF000FF242A4A0133802B947002F10602F9D182
:10400000DFF89C9000264F460870FFF77BFF17F8FB
:1040100010ABF3B29A4501D8BDE8F88F17F8014FFD
:104020002046FEF709F828BB06F10C0309EB430311
:104030005A789B78D8F8005042EA0323ED1AADB2C3
:1040400029462046FEF714F8834698B92046FFF724
:1040500023FF5B46024629462046FFF73BFF4B2CD9
:104060000AD14020FEF704F8034618B90122402087
:10407000FFF730FF0136CCE7402CFBD14B20FDF79A
:10408000F7FF03460028F5D101224B20F0E700BFDF
:10409000282C0020682B0020652B00202E2C0020CF
:1040A000F82B002038B50A245125FCF7D1F890FBF5
:1040B000F5F303FB1500C2B21046FDF7BDFF20B1BA
:1040C000013C14F0FF04F0D1FF22104638BD00007F
:1040D00010B5094C0B78246820F823400B7800EBCE
:1040E0008300012383700B780133B3FBF2F000FBF4
:1040F00012330B7010BD00BF282C0020F0B5062530
:104100000D4EDFF838C033782C3005FB03F72CF860
:1041100007100B490CEB070401EB40018878C978C4
:104120006271E17001210B44B3FBF5F205FB123320
:10413000A07033702171F0BD642B00206C2B002027
:1041400084D40008704708B5302383F31188012117
:1041500000F00F039940202220F00F0006F04CFFE2
:10416000002383F3118808BD0123C1F1804101F2CE
:10417000074101F00F012022024803FA01F106F085
:104180003BBF00BF00040040044B93F804281AB959
:10419000012083F80408704702207047C01F0020E8
:1041A000054B93F8042822B10022012083F804284B
:1041B00070470220704700BFC01F002008B5064BA3
:1041C0004FF4006200211846FCF766FE40F6080234
:1041D000C0F8002808BD00BFC01F0020034630B54E
:1041E0002A49C3F3074213F47F4F8A5C85B0C0B2FB
:1041F000C3F3072546D00624FF234443591BB4FBD1
:10420000F3F46FF05403634303EB400303EB430306
:10421000DBB203FB05F0C3F1FF036B4300121B127B
:10422000C0F1FF00C3F1FF03514350435343C1F3B7
:104230000721C0F30720C3F30723062C1ED8DFE8AD
:1042400004F004061114181D040010461A46134603
:104250000246002062F3070063F30F2061F317406A
:1042600005B030BD08461946F1E703460846114639
:10427000ECE710460A4601461846E8E703461046B2
:104280000A46F0E711461346E3E700BFD0D1000825
:104290004B2810B50C4601D0402815D10B4B1B788C
:1042A00013F0220F10D00A4A53789178D07843EA5D
:1042B000012343EA0040FFF791FFC0F3072320707A
:1042C000C0F307406370A07010BD00BF2E2F002008
:1042D000502B0020012830B501D8C0B230BDB0F558
:1042E000F75F88BFFF224FF001049EBF42090832EA
:1042F000D2B2A3185910C3F34705C3F34F035B436E
:104300009BB2984206D2013DEAB29442F1D9013CF7
:10431000E0B2E3E7FF2902D00135ECB2F5E7084649
:10432000DCE70000074B188800EB402200EB82001E
:1043300000F55850193080B2188000EB1020C0B240
:10434000704700BFB60E002010F0400216BFC343F6
:104350000346DBB210B503F00F0102B10131094C85
:10436000C3F3011304EB4302527814F813304A43A9
:1043700003EB2213DBB2020644BF5B42DBB283F0E5
:10438000800010BDC8D100081FB5C0F307440190DC
:104390005008FFF7D9FFA0F180035BB2002BBCBF30
:1043A000C0F1800043B200205B00DBB204FB0333AA
:1043B0001B128DF80630019BDAB262F30700C3F3DB
:1043C000072262F30F20C3F3074363F3174004B0DF
:1043D00010BD000030B50D4685B00190C4B2104646
:1043E000FFF7B2FF124901EB450191F85A30C218AC
:1043F000D2B2A2F180035BB2002BBCBFC2F180023B
:1044000053B20D2200205B00DBB2534304EB1324B4
:104410008DF80440019BDAB262F30700C3F3072270
:1044200062F30F20C3F3074363F3174005B030BDB9
:1044300084D40008FEF718BD00EB0010C3B20020C2
:1044400003F11102D2B2512A63F30700134628BFC9
:10445000512382B063F30F2002B0704770B5EFF3C1
:10446000118525B9EFF30583302282F31188174BAC
:10447000174E1849DC6933680A68E41AA242164AE2
:104480000AD9A3F58333E03B10683360134B04F57E
:1044900083340344E034136016680C6035B9EFF3DD
:1044A0000583C3F308036BB185F311884FF47A7564
:1044B00000210B480023E4FB05010A4AFDF748FCF4
:1044C000304470BD06F00AFBEEE700BF202A002052
:1044D000D0270020CC270020C827002088598F0231
:1044E0009F860100A08601002DE9F041884616460E
:1044F00000251F460E4B2A01995C03EB051491B968
:10450000012160709954FFF7A9FF9DF818307600DB
:10451000A3739DF81C306060C4F80880267367732D
:10452000E373BDE8F0810135142DE4D1F9E700BF54
:10453000602F002013B5FF2403222346C821022048
:1045400001940094FFF7D0FF032223461046C821B0
:1045500001940094FFF7C8FF23460322C8213F209F
:1045600001940094FFF7C0FF23460322C8210420D2
:1045700001940094FFF7B8FF02B010BD2DE9F84395
:10458000002506460F46A8461E4C2378002B32D045
:10459000D4F80490FFF762FFA368A0EB0900834200
:1045A0001CD8FFF75BFF237B606093B984F8008021
:1045B000C4F804806078617BB042A27BE37B1AD3AD
:1045C000B84218D2DB43D243C943DBB2D2B2C9B23C
:1045D0000FE0013BDBB22373002BE7D0237B607835
:1045E000DB07E7D5864206D8874204D9E37BA27B66
:1045F000617BFFF71FFF0135142D04F11004C4D1B6
:10460000BDE8F883602F002010B5FFF727FF0D4BA2
:1046100080B29A78D9780A4318BF0B4A597918BFE3
:1046200010801A790A431CBF084A1080084A126891
:104630003AB1D2682AB1022119700248BDE810408F
:10464000104710BDDA2A0020CC290020CA290020FA
:10465000A42A002010B5044600285AD0031FDBB25C
:10466000A02B27D82B4B9B78012B13D12A4A92F9E8
:104670000020002A0EDA294A00F0070102EBD002DE
:1046800092788B401A420ED02046FEF755FEFEF778
:1046900049FF08E00023224A12F8011FA142F3D08B
:1046A0000133062BF8D12046FEF70EFEBDE8104080
:1046B000FEF738BF00F12003DBB2072B08D8012337
:1046C000184A00F007041178A3400B431370EDE77C
:1046D00000F15B03DBB2022B05D8BDE810402438A3
:1046E00080B2FEF7B7BD00F15803DBB21A2B06D833
:1046F000BDE810400C4A32F81300FEF7C7BD333452
:10470000E4B2122C05D8FEF787FCBDE81040FFF795
:104710007BBF10BD58110020EC2A00200C16002091
:10472000051600202E2F00208ED3000810B58378A8
:10473000012B10D10C88A4F1E003072B00D944B958
:1047400009492046FDF75CFEE0B2BDE81040FFF7E6
:1047500081BF0649F5E7022B04D1BDE810404B6844
:104760008878184710BD00BF2D3600085536000860
:1047700008B50346A0B3021FD2B2A02A05D8FEF79F
:10478000DBFDBDE80840FEF7CDBE00F12002D2B24D
:10479000072A07D800F0070301209840C0B2FDF7B0
:1047A00073FFEEE700F15B02D2B2022A04D8BDE843
:1047B00008400020FEF74EBD00F15802D2B21A2A7E
:1047C00004D8BDE808400020FEF760BD3333DBB2FB
:1047D000122B05D8FEF772FCBDE80840FFF714BFA6
:1047E00008BD000010B500240E4B1C70FEF792FFB0
:1047F0002046FEF72FFD2046FEF748FD0A4B1C70B1
:10480000FEF790FE214606220848FCF745FB084BC0
:104810001C70084B1C70084B1C70BDE81040FFF763
:10482000F3BE00BF2E2F0020EE2A0020DA2A00203F
:10483000D92A0020D82A0020D72A002008B583785A
:10484000022B06D9FFF7CEFF024B034A1A60FEF790
:10485000A7FD08BDFC6F0020EFBEADDE08B5837874
:10486000022B05D9FFF79CFAFFF7BCFFFEF798FD76
:1048700008BD0000F8B5FEF7E3FC0B4EC0F34004A2
:1048800033782BB1094D2B78A34203D10023337029
:104890002046F8BD064B1F88FFF7E0FDC01B80B225
:1048A000F928F3D82C78F3E75B2F00205A2F00204B
:1048B000582F0020F7B505460120FDF7D9FD0E461B
:1048C0000446284F28B13B781BB9FFF7C7FD264B9C
:1048D000188001203C70FDF7CBFD002840D002205D
:1048E000FDF7C6FD00283BD10320FDF7C1FD0028E0
:1048F00036D10520FDF7BCFD044688BB1A4B1F8846
:10490000FFF7ACFDC01B80B2952829D9174B184F73
:10491000997DDA7D5B7D8DF805108DF804308DF87A
:1049200006200198FFF75AFCC0F307238DF80130E9
:10493000C0F307438DF800008DF8023017F8010B23
:10494000A84209D3B04207D29DF802309DF8012059
:104950009DF80010FFF76EFD0134E4B20C2CEDD190
:1049600003B0F0BD562F0020542F00202F2F002021
:10497000D1D500080021FF200A4608B5094B0331B4
:10498000B1F5C07F98701A80DA701A7103F10603CE
:10499000F5D1054B1A70FFF761FDBDE80840FBF744
:1049A00025BC00BF2E2C00202C2C002038B5FFF792
:1049B00055FD00F57A75FFF751FD854214D9FFF7D3
:1049C00033FAA0B1052008F04BF808F05BF8044674
:1049D00008F07EF8002C04DB14F00104EBD1204633
:1049E00038BD231DE7D0FAE76FF00104F7E74FF079
:1049F000FF34F4E738B5FFF7D9FF054690B9FFF764
:104A000013FA044670B1062008F02AF808F060F89E
:104A10002B462A462946D820FFF70EFA10B9FFF791
:104A2000C5FF00B10024204638BD2DE9F0410746FE
:104A30000C46D600FFF7BAFF054648B132460021C2
:104A40002046FCF729FAB5FA85F04009BDE8F08167
:104A50003346224639460320FFF7EEF90546002883
:104A6000ECD121462644D1E90023D243DB4341F86F
:104A7000082BB14241F8043CF5D1E4E72DE9F04FB1
:104A8000074615464FF0000AC3B00191202D2E466F
:104A900028BF2026F3001A460093019B02A803EBCF
:104AA000CA01FCF71BFD002202ABD3E90001C043A1
:104AB000C943013243F8080B964243F8041CF4D171
:104AC000B946DDF800800DF1080B5FFA89F4C4F5F2
:104AD0008074444528BF4446FFF768FF40BBFFF79A
:104AE000A3F928B3062007F0BBFF07F0F1FF234628
:104AF0005A4649460220FFF79FF9C8B9B8EB0408A7
:104B0000A344A144E1D1FFF751FF88B9FFF78CF925
:104B1000044668B1042007F0A3FF07F0D9FF009B0B
:104B2000AD1B1F44B244B1D1204643B0BDE8F08F65
:104B30000024F9E72DE9F347FFF75CFF0146A0B138
:104B4000FFF722FB2B4904464FF480720020FFF749
:104B500095FF284D0146002842D1012C01D1FFF7D5
:104B60001FFB40F60803C5F80038084602B0BDE850
:104B7000F08717F8013B4FEA4E195A40A2FB003864
:104B800000FB0E884FEA421A49EAD26913EB0A0386
:104B900048EB09084FEAC21A9B184FEACE194FEAB0
:104BA00002264EEB080849EA526913EB0A034FEA62
:104BB0000E2E48EB09084EEA126E9B1948EB0E0EBA
:104BC000B64413EB0C020139D3D16946CDE9002E6E
:104BD0004FF400600122FFF751FF4100C9B2BCE76A
:104BE00040F601012F464FF0000C1220024ADFF878
:104BF0000CE0E8E7C01F002025232284E49CF2CBD0
:104C0000044BD3F80038B3F5805F01D3FFF792BFB0
:104C100001207047C01F00202DE9F04FB44BB5B004
:104C20001B78B44E8342049031D1B34B37781B7854
:104C300007F00307FF1A18BF0127B04D73796A7890
:104C4000AF709A4205D00022114610466B70FDF7F6
:104C5000C3FF049B162B1CD8013B152B1FD8DFE884
:104C600013F026004C008A00C800CC002801420145
:104C70004401610165016701A301A5013102B90287
:104C8000BD02D7029307EF070709230A930B0127F9
:104C9000D3E7049BFF2B02F0128000240DE1002FCC
:104CA000FBD0002211461046FDF796FFF5E7287865
:104CB000FFF7C2FB92490322ADF88800C6B2C0F3E9
:104CC00007242BA8FCF70AFC2B98FFF787FA8D4FD7
:104CD000C1B2C0F30722C0F30743F0B2844201D847
:104CE000502CE6E1B85D95F801C010EA0C0F02D037
:104CF0003046FFF79FFB0136EFE72878FFF79CFB74
:104D00003379DFF8008201339B0896F8029096F819
:104D100003A0ADF88800C0F307240293C7B2A8F13E
:104D2000A10BFBB29C42DBD918F807306A7813421A
:104D30001FD01BF8172002997378120902FB013368
:104D40008DF8AD908DF8AC308DF8AEA02B98FFF7B4
:104D500045FAC0F30722C0F307438DF850008DF8E1
:104D600051208DF85230C1B2DBB23846D2B2FFF7D3
:104D700061FB0137D5E72878FFF75EFB3379DFF871
:104D8000848101339B0896F8029096F803A0ADF851
:104D90008800C0F307240293C7B2A8F1A20BFBB2AC
:104DA0009C429DD918F807306A7813421FD0029BA5
:104DB0001BF817208DF8AD905A4373788DF8AEA08C
:104DC00003EB62138DF8AC302B98FFF707FAC0F3B2
:104DD0000722C0F307438DF854008DF855208DF855
:104DE0005630C1B2DBB23846D2B2FFF723FB0137EF
:104DF000D5E7454806F064FA5EE02878FFF71CFB2B
:104E0000424B32791B88520802FB0333C3F307235A
:104E100002933F4BC7B2ADF88800C0F3072403EB01
:104E2000470903F1FC0AFBB29C427FF659AF1AF81E
:104E300007306A78134238D0F37899F85A1099F805
:104E40005B00727896F802B00393029B70392038A9
:104E5000ABEB03080592FDF7E9FD059A5FFA88F8C8
:104E60008DF8AC20C0EB801200EB820080445FFA2A
:104E700088F80BFB0888039B4FEA28288DF8AE3092
:104E80008DF8AD802B98FFF7A9F9C0F30722C0F386
:104E900007438DF858008DF859208DF85A30C1B26B
:104EA000DBB23846D2B2FFF7C5FA09F10209013781
:104EB000B9E7184806F0F2F80446104B1A780132A8
:104EC0001A70002C41F00E870221134A9B78117052
:104ED000002B41F00787049B002B41F0038703233D
:104EE000137001F0FFBE0D4884E70D48E2E700BFF4
:104EF000B40E0020502B0020B30E0020B00E002076
:104F0000512B002080D5000889430008282C002060
:104F100084D40008752A0008AF0E0020BB2A0008C0
:104F2000E12A0008AE4806F02FF9C5E7AD48FAE7D8
:104F30002978C9B93279AC4B1032FF2A28BFFF2239
:104F40001B8802FB03330522C3F30F23B3FBF2F2EA
:104F500002EB82029B1A9BB233B9FFF7E3F95123AC
:104F60005843A24B001218800846FFF765FA044622
:104F7000ADF8AC00C5B2C4F3072497B99B4E308896
:104F800085423FF6ADAEA042BFF4AAAEC0B206F075
:104F900067F952233380A3E6284606F061F901350C
:104FA000EDB2AC42F8D89BE6914823E72C78204636
:104FB000FFF742FAC3B2ADF888000293C0F3072BA3
:104FC0004FB1002211461046FDF706FE5A2200217D
:104FD0008848FBF761FF7CB9874C2588FFF73EFACC
:104FE000401B80B218288CBF01220022834B1A700C
:104FF00002D9FFF733FA208000252F460026804B88
:1050000005EB030A7B4B05EB03081AF8019B029B97
:105010004B4544D8CB4542D9794B4B4493F8FC20BF
:10502000784B5B781A4238D098F80040764904F102
:10503000AA03FF2B28BFFF2303EB43038A78023325
:10504000C978DBB201FB0333A4F1550121EAE17118
:10505000C3F30723C1F1AA018DF8AC108DF8AD2080
:105060008DF8AE302B98FFF7B9F8C0F30722C0F3E4
:1050700007438DF860008DF861208DF86230C1B271
:10508000DBB24846D2B2FFF7D5F95C4B1B7823B1AF
:10509000013C24EAE47488F800400137FFB201368D
:1050A000F6B20F2E08F10108AFD14B2D05D1BBF19F
:1050B000500F8CBF00240124FFE6102F05F10F05CF
:1050C0009CD9F4E72878FFF7B7F9DFF840B1C5B20B
:1050D0009BF80030ADF874000293494BC0F30724ED
:1050E00003EB4509FC330393EBB29C427FF6F8AD2A
:1050F000039B444A5B5D5278134230D04FF0000866
:1051000041484646077941780137FF2F28BFFF27DE
:105110008278C378DFF8F4A00137DDF808C05FFAC1
:1051200088F084451FD803FB066636128DF8881078
:105130008DF889208DF88A602298FFF74FF8C0F328
:105140000722C0F307438DF8AC008DF8AD208DF831
:10515000AE30C1B2DBB22846D2B2FFF76BF90135EF
:1051600009F10209C0E71AF8010F99F85AC09AF834
:1051700008E0ACEB000C1FFA8CFC0CFB0CFC99F863
:105180005B000791A0EB0E0000FB00C080B206930D
:105190000592FFF79FF808F10C0E0BEB4E0E9EF8F0
:1051A00001C09EF802E007994CEA0E2C07FB0CFCAC
:1051B000C0EB1C2080B2FF2828BFFF20C043C0B234
:1051C0003044FF2828BFFF20069B059AC6B208F18D
:1051D0000108A2E7002006F0C9F86DE60120FAE711
:1051E000192B0008692B0008282C0020AC0E002089
:1051F000D543000820290020D61B0020D51B002005
:1052000084D40008B00E0020502B0020F82B002082
:105210002C782046FFF710F9C3B20F93C0F3072391
:10522000ADF854000B93002C64D1764B764E1B687E
:105230000293002F00F00E81FFF710F9029B734AD2
:1052400080EAC320724B4340012B38BF0123136017
:10525000FCF762FFFCF760FFFCF75EFFFCF75CFF0A
:10526000FCF75AFFFCF758FFFCF756FFFCF754FF1A
:10527000FCF752FF6923B0FBF3F202FB1300654B0E
:105280003C3000031860FCF747FF1923B0FBF3F232
:1052900002FB1300604B143000031860FCF73CFF66
:1052A0005E4B347018605E4B1C60FCF735FF10F0ED
:1052B000010F0CBF4FF0FF3201225A4B1A70FCF75E
:1052C0002BFF10F0010F0CBF4FF0FF320122564BA5
:1052D0001A70564B1C60FCF74DFF554B1C60554B2C
:1052E0001C60554B1C60554B1C70554B1C70554B2E
:1052F000029A1A6000214FF0FF084FF0480B4FF060
:10530000BF0A4FF03C09434BDFF83CE11B6818AC87
:1053100043F30F23002BB8BF0F331B1102933E4BF7
:105320001DA81B682BAD43F30F23002BB8BF0F3311
:105330001B110393424B0DF1880C1F783F4B1B78D8
:105340003B44013B07933B4B1B680693CEB2B742ED
:105350003ED91122079B5B1A93FBF2F202EB021279
:105360009B1ADBB23EF933600EEBC303B3F90220A4
:105370005B680592069A0131D31AC3F30B33472BAE
:105380009BBFC3EB0323B3FBFBF3FF23DBB2DB4386
:10539000059A002EB8BF0F36002AB8BF0F3212117F
:1053A000DBB225F8022B03FB033209FB03F3B3FB4B
:1053B000F8F312120AFB02F23611121228331229E4
:1053C0002CF8026B04F8012B00F8013BBED10E460D
:1053D00040F283481D4B0F9C93F82120059293F8CF
:1053E000222093F8233007920693194B03EB4405D0
:1053F000FC3308930B9AE3B29A4200F221831346DE
:10540000502B56E6282C0020761C00206811002026
:10541000B979379E801C00207C1C0020781C00205D
:105420003C2B0020751C0020741C0020482B002001
:10543000701C00206C1C0020681C0020651C0020D3
:10544000641C0020841C0020D81B00202F2F00206B
:1054500084D40008C44B029A1B68C44DD41A4FF67A
:10546000FF72944228BF1446C14AA4B2D07A4FF4C6
:1054700004425043FF2200F58F1000F56060B0FB3E
:10548000F2F03278322C28BF3224002A40F07C829D
:1054900001232860337029684FF47A7284FB01413C
:1054A00009010023200141EA1471FCF701FC03907B
:1054B000039B002B7FF71BAFDDF80CB0AD4ABBF5AB
:1054C000405FA8BF4FF4405B1368AB4D5B44136073
:1054D000A84B2A681C68944280F26782E117C903CE
:1054E000D317E00341EA5441FCF7E2FBFCF720FE4E
:1054F000A24B1A68A24B1B689B1A83FB0030DB0B84
:1055000043EA404302EB03099E4B1B680C931B13B9
:1055100005939D4B1B680D931B1306939B4B1B68B8
:105520000A931B0C03F5804080B20793FCF7D6FD6D
:1055300009900798FCF7D2FD16220021099B80EA0A
:10554000E07583EAE376A5EBE075A6EBE376ADB212
:10555000B6B208903301C5F50040C0FB0231DB0B49
:1055600043EA4143C6F50040290F2C01C0FB02412C
:10557000099AE40B002A059AB8BF5B42D3180E9330
:10558000089B44EA4144002B069BB8BF6442234475
:1055900000241022002122A81093FBF77DFC059A1D
:1055A000069B0027C2F10201DE3A2C92C3F10602EB
:1055B0003A3B2B912D922E930DF1AC0A0DF18808F8
:1055C000012F8CBF0E2212225AF8041BD8F800308B
:1055D00021EAE1719142A8BF11464FEAE17C4FEA0E
:1055E000CC3C1193C80300234CEA5141FCF760FB0B
:1055F000119B01378342ACBF48F8043B48F8040BC9
:10560000042FDDD1002C00F0D681229B23AC94E83E
:105610009001A3421846B8BF2046B842B8BF3846EA
:105620004045B8BF40460E93FCF782FDA5F57A557C
:10563000002D82462EDDE917C903002344F27F12B4
:10564000E80341EA5541FCF733FBFCF771FD40F6F6
:10565000B8339E4210D9099B089A002BCCBF002377
:105660000123002AD4BF0022012293420CBF012350
:105670004FF0FF33464A137044F26662444B93F98D
:1056800000305343A3EB090383FB0030DB0B43EAF9
:1056900040439944BAF1000F40F396800E9BA7EB6C
:1056A00008071D1B87FB07321946C5FB0512B1F120
:1056B000004F72F10002B4BF0B466FF000434FF091
:1056C00080429342C0F07B810024002A40F079811F
:1056D000002C79D0E917E617C90322463346E803C0
:1056E00041EA5541FCF7E4FAF917C903224633466B
:1056F000054641EA5741F803FCF7DAFA089B099A94
:1057000083FB0043C5FB0243DFF888806442224AE2
:1057100063EB4303E40B126844EA434498F9003016
:1057200006465343B3F5005F38DCCDE9005005A9C8
:105730000EC90120FCF742FDCDE9005605A9074638
:105740000EC94FF0FF30FCF739FD3B1A002BB8BFF4
:105750005B42042B22DD8742ACBF4FF0FF370127AD
:1057600088F800701AE000BF841C0020601C002034
:10577000582B0020701C0020402B0020442B0020C0
:10578000482B0020801C00207C1C0020781C00205E
:10579000741C0020751C00203C2B002004F5B34431
:1057A0001934B4F5004FA8BF4FF40044B94B24EAB4
:1057B000E47493F900305C43A4EB090484FB0A4AC7
:1057C000E40B44EA4A44A144B34D1BF580322C68F3
:1057D0004FEAEB73A9EB040043F1000380FB0B01DC
:1057E000FCF766FA0444B4F5004FA8BF4FF4004438
:1057F000AA4BAB499C42B8BF1C462C608BFB0442B1
:10580000A4FB014301FB0233E60E46EA43160A9B62
:1058100006EBD67403EB6404240C04F5804080B2DC
:10582000FCF75CFC80FB0B53ED0B45EA43450C9BFE
:105830009C4F2B4420461D463B60FCF74FFC80FBF1
:105840000B43E40B44EA43440D9B6FF00F0C2344DD
:105850001C46954B954A1C600A9B4FEA25391E440D
:10586000ACEB253CA9F1F00316606FF007069C45F0
:10587000B8BF9C464FEA2438A6EB2436A8F148036B
:105880009E42B8BF1E46BCF1000F25DDBCF10E0FD5
:10589000A8BF4FF00E0C4FEAEC71C9030E22002393
:1058A0004FEACC3041EA5C41FCF702FAFCF740FCDD
:1058B0004FF05A0C8BFB0001A0FB0C0E00234FF4A1
:1058C00048120CFB01E1FCF7F3F919F1100F754BCD
:1058D000A8BF404205441D60002E734D1FDD0E2EF3
:1058E000A8BF0E26F117C9030E220023F00341EAD8
:1058F0005641FCF7DDF9FCF71BFC5A268BFB000137
:10590000A0FB060C4FF44812002306FB01C1FCF774
:10591000CFF918F1080FA8BF404204442C60386842
:10592000634BB0F5C81FA8BF4FF4C8102968984250
:10593000B8BF1846B1F5482FA8BF4FF4482103F56A
:1059400048239942B8BF194600264FF0110E594B13
:1059500029601C68584D5C441C60584B2A781B78A1
:10596000DFF85CC13860002B34D116B12A70534A7D
:105970001370544E3268A21AB2F5A04F3CD2039B6A
:10598000A3EB0B03039393E5029A9A423FF483AD92
:105990002E6804F1FA02801B3B4680FB040192B2A0
:1059A000FCF786F906442E6075E5474BA21A1A608B
:1059B000FCF7E0FB8CE501240E9A109BF1E59208C0
:1059C0007FE6A11899424FEA54049CBFA4185B1AC1
:1059D00092087AE60CEBC2077F68E71BB7F5902FB9
:1059E000C3D30132B2FBFEF606EB0616921B013B57
:1059F0000126D2B2DBB2B6E7112B34602A782F4EE3
:105A000008D10132B2FBF3F303EB0313D21A1023D4
:105A10002A7033701122284B35781B7800122B44E2
:105A2000B3FBF2F202EB02129B1A254A091222F88A
:105A30003300013502EBC3025180546035709EE79C
:105A4000089B224A1B5D5278134200F09880029B0B
:105A500095F85AE095F85B00AEEB0302039BC31A7E
:105A60005B4302FB0232424500F28C8040F28443E9
:105A7000C2EB0222B2FBF3F2D243D2B202FB022209
:105A8000C2F3072200210DF1AC0C22AF0DF1600A28
:105A900053E000BF751C00203C2B00200080FFFF5E
:105AA000AC1BDA01801C00207C1C0020781C00202C
:105AB0000000E7FF6C1C0020651C0020641C002017
:105AC000D81B0020681C0020701C0020B00E002095
:105AD0003CF902BB37F9023BA0EB0B0B0BFB0BFBBA
:105AE000AEEB030303FB03B3434525D84FF0220974
:105AF0000DF1740B1BF801B009FB0BFB4FF06409AF
:105B0000BBFBF9FB0BFB0BFB5B453DBFC3EB03236F
:105B1000B3FBFBF3DB4300233CBFDBB203FB0333EC
:105B200011F80AB038BFC3F307230BFB0333C3F3E9
:105B300007239A4238BF1A460131CBB29E42C7D8DA
:105B4000059B8DF85830079B8DF85930069B03FB59
:105B5000022212128DF85A201698FEF73FFBC0F36E
:105B60000722C0F307438DF85C008DF85D208DF8A7
:105B70005E30C1B2DBB22046D2B2FEF75BFC01342C
:105B8000023537E400227DE72878FEF755FCADF8B2
:105B900074005FFA80F8C0F307240FB1FEF7EAFE45
:105BA000FEF714FAB37896F801B096F803A04646CB
:105BB0000293F3B29C427FF693A8A24A6978925D61
:105BC0000A423BD04FF000094F46DFF87C8298F83C
:105BD0000210FF290DD098F80320B8F800000393B5
:105BE00006F046FE384480B2FF2828BFFF20039B02
:105BF000C7B209F10309B9F5C07F08F10608E6D17B
:105C0000029BAAEB070727EAE7778DF889308DF822
:105C100088B08DF88A702298FEF7E0FAC0F3072268
:105C2000C0F307438DF8AC008DF8AD208DF8AE3091
:105C3000C1B2DBB23046D2B2FEF7FCFB0136B8E7A8
:105C40002878FEF7F9FBC0F30723ADF87400C4B25F
:105C5000029377B100237D4AD3705372D373537587
:105C6000D37682F8213082F8273082F82D30784AB6
:105C70001370784BD3F80090774B1A6891451BD07E
:105C8000764AC3F80090FEF78BF91378002B40F0AA
:105C900090801070FEF736F90021DFF8C4810F46BE
:105CA00045466B4B15F810AB1A78CBB29A4500F20B
:105CB00090800FB1664B1A706A4BDFF8AC811A7E88
:105CC00008EB440703925A7E9B7E06920593029A44
:105CD000E3B29A427FF693AB5A4B644A1B5D52780B
:105CE000134263D000254FF0E00B584E06F1300A06
:105CF000F378002B33D008214FF4D270FCF7CEF9A3
:105D00003388A9EB03039BB2984240F29980B278A2
:105D100097F85BC02C3208EB4202D1788C4540F0FA
:105D20008F80917897F85A20914236BF521A891A7B
:105D300091B20BFB03F2B2FBF0F228BF89B292B230
:105D40008A427DD3282A38BF2822283A92B28A4232
:105D500076D8C3EB0323B3FBF0F3DB43DBB22B4476
:105D6000FF2B28BFFF230636B245DDB2C0D1039B0F
:105D70008DF88830069B8DF88930059B03FB05550F
:105D80002D128DF88A502298FEF728FAC0F30722C8
:105D9000C0F307438DF8AC008DF8AD208DF8AE3020
:105DA000C1B2DBB22046D2B2FEF744FB0134023767
:105DB0008DE700287FF46DAF244BD8705872D873EC
:105DC0005875D87683F8210083F8270083F82D00D2
:105DD0005FE701F10C0008EB400043788078002673
:105DE00043EA00231948A9EB0303864615F801CFBF
:105DF0009BB290F803B0BBF1000F07D090F802B04F
:105E0000E34503D1B0F800B09B4517D00336182EF8
:105E100000F10600EDD1062000FB02F62EF8063058
:105E20004FF001030EEB0600C3704FF00003012793
:105E3000013280F802C0037102F00702013134E739
:105E400000238CE780D500082E2C0020C02B0020DA
:105E5000901C0020282C00208C1C0020881C002076
:105E6000F82B00202F2F002084D40008B00E002033
:105E70002878FEF7E1FAC0F30723ADF87400C4B246
:105E8000029377B100237E4AD3705372D373537554
:105E9000D37682F8213082F8273082F82D30794A83
:105EA0001370794BD3F80090784B1A6891451BD04A
:105EB000774AC3F80090FEF773F81378002B40F090
:105EC00095801070FEF71EF80021DFF8C8810F469C
:105ED00045466C4B15F810AB1A78CBB29A4500F2D8
:105EE00095800FB1674B1A706B4BDFF8B081DA7E8B
:105EF00008EB440703921A7F5B7F05920693029A90
:105F0000E3B29A427FF67BAA654B664A1B5D5278E4
:105F1000134268D000254FF0F00B594E06F1300ABD
:105F2000F378002B38D0092140F28A20FCF7B6F82C
:105F30003388A9EB03039BB2984240F29E8096F807
:105F400002C097F85A100CF12C0C08EB4C0C9CF882
:105F500002209CF803C0891A97F85B20A2EB0C0280
:105F6000524301FB01210BFB03F2B2FBF0F21FFADB
:105F700082FC0CFB0CFC8C457FD392B21E2A38BFEE
:105F80001E221E3A92B252438A4276D8C3EB0323B2
:105F9000B3FBF0F3DB43DBB22B44FF2B28BFFF2323
:105FA0000636B245DDB2BBD1039B8DF88830059B28
:105FB0008DF88930069B03FB05552D128DF88A500C
:105FC0002298FEF70BF9C0F30722C0F307438DF8C0
:105FD000AC008DF8AD208DF8AE30C1B2DBB22046FA
:105FE000D2B2FEF727FA0134023788E700287FF49F
:105FF00068AF234BD8705872D8735875D87683F829
:10600000210083F8270083F82D005AE701F10C00E6
:1060100008EB400043788078002643EA00231848C4
:10602000A9EB0303864615F801CF9BB290F803B0A5
:10603000BBF1000F07D090F802B0E34503D1B0F8F0
:1060400000B09B4517D00336182E00F10600EDD1A5
:10605000062000FB02F62EF806304FF001030EEB8F
:106060000600C3704FF000030127013280F802C020
:10607000037102F0070201312FE700238CE700BF14
:10608000902B0020981C0020282C0020941C00201D
:10609000911C0020F82B00202F2F002084D4000812
:1060A00080D50008B00E00202878FEF7C5F9C0F3AF
:1060B0000723ADF87400C4B2029357B10023A94A74
:1060C0001371937213749375137782F82230A64A72
:1060D0001370A64B1D68A64B1A68954240F0EC80E1
:1060E000A44B9A7F0692DA7F93F8203003920593AF
:1060F000A14B03EB4406FC330793029AE3B29A42A6
:106100007FF67DA9079B9D4A1B5D5278134200F0E4
:10611000D0800027DFF84C8208F1240B98F8043077
:10612000002B00F09D800A2140F22620FBF7B6FFED
:10613000B8F80010691A89B2884240F2108198F8C4
:10614000023098F80320702B34BF4FF0FF3E4FF021
:10615000010E202A34BF4FF0FF3C4FF0010C96F89F
:106160005A901FFA8EFEA9EB030996F85B301FFACE
:106170008CFC9B1A0EFB11990CFB1133C1EB012116
:10618000B1FBF0F19AB21BB25B431FFA89FA0FFA26
:1061900089F909FB0933B3F5297F6FEA01009FBF35
:1061A0004FF42971C3EB0323B3FBF1F3D9430EEB97
:1061B0008E030EEB430E4FEA4E0E1FFA8EFE0CEBD3
:1061C0008C03F2440CEB430C1FFA8AF30FFA8AFAA1
:1061D0000AFB0AFA4FEA4C0C1FFA8CFC624498BF87
:1061E000C9B2C0B21FFA82F912B298BF00FB011106
:1061F00002FB02A28CBF0021C1F30721B2F5C87FC8
:1062000000F2A9804FF4C87AC2EB0222B2FBFAF284
:10621000D2434FEA600AD2B20AFB0222120AE144D8
:106220000FFA89F909FB09F973441BB203FB0393C5
:106230000A44FF2A28BFFF22C42B00F28E80C4210B
:10624000C3EB0323B3FBF1F3DB438010DBB200FBB2
:1062500003331B0A13449BB2FF2B28BFFF23DBB27F
:106260003B44FF2B28BFFF2308F10608C345DFB2DC
:106270007FF454AF069B8DF88830039B8DF88930EE
:10628000059B03FB07773F128DF88A702298FDF774
:10629000A5FFC0F30722C0F307438DF8AC008DF8CB
:1062A000AD208DF8AE30C1B2DBB22046D2B2FEF7DF
:1062B000C1F80134023620E7314A1D60FDF770FE57
:1062C000137843B138B9274B1871987218749875C0
:1062D000187783F82200DFF8AC800027464610705C
:1062E000DFF894A0FDF70EFE16F8109BFBB299455F
:1062F0007FF6F6AE002207F10C0308EB4303597852
:1063000016F8010F9B7841EA032100F12C030AEBF8
:10631000430393F802C093F803E0691A114B89B262
:1063200093F804B0BBF1000F0BD0B3F800B08B456D
:1063300007D193F802B0E34503D193F803B0F345D6
:1063400007D00332122A03F10603E9D10022FDF738
:10635000D5FE0137CAE7002261E700237AE7002370
:106360007EE700BF6C2B0020642B0020282C00202F
:106370009C1C00202F2F002084D40008B00E002089
:10638000991C0020F82B00202878FEF755F8C3B29E
:106390000293C0F30723ADF850000593DFB1FEF779
:1063A000E9FA02230022624D624C63486349EA54D1
:1063B000E254C254CA540433822BF8D100231A4643
:1063C0005F4901F823200133182BFAD1FF215D4BDF
:1063D00019705D4B1A80FDF7F9FD5C4BD3F800A0F6
:1063E0005B4B1A68924540F0C1800023544A12F872
:1063F0002310069111B90133182BF8D1554B5A7857
:1064000007929A78DB7808920993029A524B03EB31
:10641000420BFC330A939DF80840059BA3427EF68D
:10642000EFAF029A0A9B9B5C4C4A5278134200F0F1
:106430000B84A4F108030D2B00F2AA814FF0000396
:10644000ADF854308DF85630204615A9FDF720FFE1
:10645000069B002B00F0E283A4F109030B2B00F252
:10646000EA83C4F1140404F0FC02C4F3850304F0CD
:106470000304134404EB4404C4EB0414C3EBC3034C
:10648000C3EBC303620002EB4302354B002458798F
:106490006E235843FF23B0FBF3F02146642640F2FD
:1064A000F957C0F1A0002F4D92B280B2AB78DBB1AA
:1064B0002B88AAEB03039BB27343B3FBF0F39BB2AD
:1064C000BB4211D89A420FD89B1A9BB2B3F58C7F6E
:1064D0000AD24FF48C7CC3EB0323B3FBFCF3DB4306
:1064E000DBB2994238BF19460134182C05F1040576
:1064F000DCD1002900F09F831B4B5A7C187C02FBE7
:106500000111DB7B09128DF8AC308DF8AD008DF8F0
:10651000AE102B98FDF762FEC0F307238DF85400F0
:10652000C0F307408DF855308DF8560083E300BF67
:10653000841E0020041E0020841D0020041D002055
:10654000A61C0020AE0E0020F02B0020282C0020DE
:10655000A01C0020502B002084D40008B00E002086
:10656000582B0020A41C00202F2F00204FF0FF09E3
:106570004FF000087E4C7F4F7F4E804DC3F800A047
:10658000A3786BB12188AAEB010B1FFA8BFBBBF13F
:10659000450F00F2AE80FBF793FD834580F0E48069
:1065A000AB78002B39D02988AAEB010B0391FBF7BC
:1065B0008CFD1FFA8BFB83453DBFE02303FB0BF3F0
:1065C000B3FBF0F300234FF0000C38BFC3F1E0033E
:1065D00003996B4A38BFDBB29078FF2810D0B2F82D
:1065E00000E0AEEB010E1EF4004F09D0DFF894E19D
:1065F0000EEB400090F85A00984228BF82F80290B3
:106600000CF1030CBCF5C07F02F10602E4D1FBF7EC
:106610005CFD834528BF85F80280B378CBB3FCF7D7
:1066200061FFDC23B6F800B04FF0000CAAEB0B01C1
:1066300089B24B43B3FBF0F3C3F1DC039BB25B4382
:106640004F488278FF2A17D0B0F800E0AEEB0B0E6F
:106650001EF4004F10D0DFF82CE12C320EEB42027A
:1066600092F802E0D278AEF1D00E52430EFB0E2E1D
:106670009E4588BF80F802900CF1030CBCF5C07FEA
:1066800000F10600DDD1FCF72DFF814228BF86F81E
:106690000280BB785BB1FBF71DFDB7F800B0AAEB39
:1066A0000B0B1FFA8BFB834528BF87F80280364B04
:1066B0000434A34207F1040706F1040605F10405BA
:1066C0007FF45EAF00263746304DAB785BB10521D5
:1066D00040F2FA50FBF7E2FC2C88AAEB0404A4B2C7
:1066E000844228BFAF700136182E05F10405ECD1A5
:1066F0007BE6BBF1460F35D00391FBF7E1FCE922C5
:10670000ABF146039BB25343463880B2B3FBF0F380
:1067100003999BB24FF0000C5B4319488278FF2A23
:1067200018D0B0F800E0AEEB010E1EF4004F11D00F
:10673000DFF850E02C320EEB420292F802E0D27801
:10674000AEF1D00E263A52430EFB0E2E9E4598BF58
:1067500080F802900CF1030CBCF5C07F00F106003C
:10676000DCD118E70023D5E784F8028018E700BFE2
:10677000841E0020041D0020841D0020041E002013
:106780002E2C002084D40008041F0020A41C00200C
:1067900000273D46C04EB178FF290AD02346F27843
:1067A000308806F065F8284480B2FF2828BFFF2013
:1067B000C5B20337B7F5C07F06F10606EBD1079BDC
:1067C00000268DF85830089B4FF064098DF8593039
:1067D000099BB24F03FB05552D128DF85A501698A0
:1067E000FDF7FCFCC0F307238DF85400C0F307400D
:1067F0008DF855308DF8560007F18008BD783B883C
:10680000FDB1AAEB03039DB2FBF764FC854280F067
:10681000618109FB05F3B3FBF0F39BF85B209BF868
:106820005A10403A524350399BB201FB01225B435C
:106830009A4200F24F81C5EB0525B5FBF0F5ED431B
:10684000EDB23544FF2D28BFFF250437B845EEB221
:10685000D4D1A6B3924B9A7B597B02FB06661B7B75
:1068600036128DF860308DF861108DF862601898DE
:10687000FDF7B4FC9DF85430C0F30721C0F3074284
:106880008DF8AC00C0B20344FF2B28BFFF238DF866
:1068900054309DF855308DF8AD10C9B20B44FF2B24
:1068A00028BFFF238DF855309DF856308DF8AE2067
:1068B000D2B21344FF2B28BFFF238DF8563000259A
:1068C000204615A9FDF7E4FC2F46A846A946754EBB
:1068D000B3780393002B49D03388AAEB03039BB210
:1068E0000B93FBF7EDFB0B9B83423FD26C48272BAE
:1068F00001794279C0788DF861108DF860008DF8CB
:10690000622000F2E9803E2C40F03B811898FDF7B0
:1069100065FCC0F30723C0F307428DF85C008DF8D7
:106920005D30C0B2DBB298428DF85E20D2B240F248
:106930002B818242114638BF0146C9B295B14F45FD
:10694000BC4638BFCC465FFA8CFCC44538BFC44651
:106950005FFA8CFC8C45039921BF29463A46434691
:1069600048460391174698468146039D4E4B043690
:10697000B342ADD12DB18DF854908DF855808DF87E
:1069800056704FF00008E025484F494EBB78ABB336
:106990003B88AAEB03031FFA83F9FBF796FB8145BB
:1069A0002CD205FB09F3B3FBF0F39BF85A20C3F19B
:1069B000E003DBB29A4221D3D31A48BF0F3313F45A
:1069C0007F6F4FEA2312C3F3071140F0EA80344B84
:1069D000D9791A7A9B798DF875108DF874308DF805
:1069E00076201D98FDF7FAFBC0F307238DF85400BD
:1069F000C0F307408DF855308DF8560008F10108B6
:106A0000B8F1200F07F10407C0D10027DC263D466E
:106A1000DFF8A08098F80230002B55D0B8F800308D
:106A2000AAEB03039AB2FCF75DFD82424CD206FB4F
:106A300002F3B3FBF0F39BF85B109BF85A20494339
:106A4000C3F1DC039BB2D03A02FB021203FB03F159
:106A5000914239D2002003FB03F1914280F0D380B0
:106A600003F1200189B249439142C0F0CC80C3B206
:106A7000002B40F0B0800A4B997ADA7A5B7A8DF875
:106A800089108DF888308DF88A202298FDF7A6FBB2
:106A9000C0F3072310E000BF2E2C0020041D0020AF
:106AA0002F2F0020841E0020041F0020041E002021
:106AB000C4D10008841D00208DF85400C0F30740A5
:106AC0008DF855308DF856000137202F08F1040855
:106AD000A0D1B9E40025B4E6452B0FD83E2C50D107
:106AE000C3F18C03DBB253436422B3FBF2F3189976
:106AF000ADF8AC108DF8AE302B9808E70C930B92E4
:106B0000FBF7DEFA0C9B0B9A83423AD2462B36D027
:106B10004FF0E90CA3F1460189B20CFB01F1A0F1A1
:106B2000460C1FFA8CFCB1FBFCF189B29BF85BE0D0
:106B30009BF85AC0AEF1260E0EFB0EFEACF1D00C47
:106B40000CFB0CEC01FB01FEF4451AD81E2938BFE2
:106B50001E211E3989B249438C4512D3463B9BB254
:106B60004638C3EB032380B2B3FBF0F3DB43DBB265
:106B700002FB033318991B12ADF8AC10BAE70021E1
:106B8000D4E7002318461A469A42114638BF1946E0
:106B900011F0FF017FF4D2AE3A46434648460395D2
:106BA000E0E603293FF62AAFB25C9DF8543002FBC1
:106BB00003331B128DF854309DF8553002FB03331C
:106BC0001B128DF855309DF8563002FB03331B1213
:106BD0008DF8563012E74A4B1A5C9DF8543002FB90
:106BE00003331B128DF854309DF8553002FB0333EC
:106BF0001B128DF855309DF8563002FB03331B12E3
:106C00008DF8563060E70130203304289BB27FF4C2
:106C100022AFADF854508DF8565055E739490B78EE
:106C2000FF2B08D01FFA8AF2B2F5C87F13D2A4F165
:106C300009010B2912D99DF856309DF855209DF871
:106C400054100298FDF7F6FB029B0BF1020B013387
:106C50000293FFF7E0BBFF230B70ECE7A3F1090100
:106C60000B29E8D8C4F11405C3F11401E8B2CEB27F
:106C7000C5F38505C1F385018D42DCD1B04286BFE5
:106C8000143B1B18E31ADBB203EB8303B2EB830F55
:106C90004FEA8301CFD3541AA4B2B4F58C7FCAD281
:106CA000032219492BA8FAF719FC4FF48C73C4EB93
:106CB0000424B4FBF3F4E4438DF8AE4029E4134B11
:106CC0001B68C3F38123022B12D0032B14D0012B9A
:106CD0004FF0000209D011461420FBF77DFF02227D
:106CE0000B4B1A7035B0BDE8F08F14211046F4E755
:106CF000002114220846F0E714221146F6E700BFEF
:106D0000C4D10008AE0E0020512B0020282C0020FA
:106D1000AF0E00202DE9F04F974C91B0D4F80080D1
:106D2000FDF79CFB8146A0EB0806FDF797FB206072
:106D30000024924F054697F800C02046614608F5AA
:106D40007F43FF33A3EB090EE3B29C450FD800B19C
:106D500039708B4CDFF82C82277898F80060032F6D
:106D600033D8DFE817F01B0035001B04210404F1C1
:106D70000C0207EB4202537892F80280013443EA96
:106D800008239E4529BF9B1901F1FF315370C3F3BE
:106D900007233ABF0120C9B29370D5E700227A4B8E
:106DA00076491A70794B292279481D60FAF796FBCB
:106DB000784B1B782BB9784B1B7813F0030718BF5F
:106DC0009F08012388F80070237011B0BDE8F08F90
:106DD0003046FDF721FF002EF7D06B4B18780138B5
:106DE000C0B2FDF729FB00226C4BC4B2C0F30725EB
:106DF00002201A70FBF73CFB002876D02646F3B23F
:106E00009D4200F2AA800220FBF732FB06460246B2
:106E1000002800F05282FBF7E5FA614BDFF878A119
:106E20001B78804603939AF800304FF001099B08C5
:106E3000162B08BF0627DFF86CB1039A5FFA89F3B7
:106E40009A4240F094801046FBF7A4FAFBF776FADA
:106E50008DF82C00C0F30723C0F307408DF82E00F7
:106E60008DF82D300B9BADF828301B0C8DF82A3097
:106E70000A98FDF7B3F9C1B2C0F30722C0F3074384
:106E80001BF8010B844203D8854201D9FDF7D2FAE1
:106E900009F101095FFA89F3BB42CED9424B1B7855
:106EA000002B40F08780322C00F28D83322D05D9E3
:106EB0003C231A4619463220FDF7BCFAB8F1070FF9
:106EC00040F09F80394B997DDA7D5B7D8DF82110F4
:106ED0008DF820308DF822200898FDF77FF9C1B297
:106EE000C0F30722C0F307438EE00320FBF7C0FA8C
:106EF000002883D10520FBF7BBFA064600287FF463
:106F00007DAF0520FBF7B4FA002800F0628210275D
:106F1000DFF89C8018F8010B844206D8854204D91A
:106F20000023FF221946FDF785FA013F17F0FF07FE
:106F3000F0D11C2C00F256811C2D40F243823B46BE
:106F40003A46FF211C20FDF775FA142C00F24A8105
:106F5000FF230022802114202DE19C4205D800232C
:106F600030461A461946FDF765FA013647E7FF2312
:106F70001A46194684E700BFCC1B00207A2900205E
:106F8000AF0E0020D41B0020B00E0020282C0020C3
:106F9000F82B0020BD280020502B0020D31B002000
:106FA00066110020BED10008BC0E00202F2F00204B
:106FB000AAD10008B8F1060F40F0B480824BD97C0A
:106FC0001A7D9B7C8DF825108DF824308DF82620B5
:106FD0000998FDF703F9322CC0F307238DF83C0024
:106FE000C0F307408DF83D308DF83E0009D8322DB2
:106FF00007D9C3B29DF83D2032209DF83C10FDF723
:1070000019FAFF231A461946162C04D8162D02D950
:107010001620FDF70FFA4046FBF790F9C0F307235F
:107020008DF83930C0F307438DF83A30FF238DF8DF
:107030003D30DC238DF83C008DF83E308DF8380073
:107040000F98FDF7CBF8212CC1B2C0F30722C0F393
:1070500007436FD8212D75D92120FDF7EBF9222D9B
:107060006CD1072C05D8FF2307201A461946FDF7D7
:10707000E1F90027554BDFF8588193F8009018F894
:10708000010BFBB2994514BF4623EB23844205D87C
:10709000854203D91A461946FDF7CCF90137042F6A
:1070A000EDD1262C0FD8262D51D9DC235A2296213A
:1070B0002620FDF7BFF9262C05D0DC235A22962185
:1070C0002520FDF7B7F99DF839302833FF2B28BF6D
:1070D000FF23422CDBB23FD8422D0BD91A4619466A
:1070E0004220FDF7A7F9432D04D91A46194643203B
:1070F000FDF7A0F93F2C9DF83A302FD81433FF2B21
:1071000028BFFF233F2DDBB258D91A4619463F202E
:10711000FDF790F9032C21D81A4619460320FDF7F4
:1071200089F91BE0322C00F24E82322D7FF6C6AE7A
:10713000FF23BEE6222C9CD1222D9AD92220FDF7D6
:1071400079F98EE7072C94D8072D92D98BE7262C56
:10715000B9D0262DB7D1B0E7432CC4D0FBF742F904
:10716000431EDBB20A2B96BF1A4B9AF804301B5C05
:107170001433FF2B28BFFF23022CDBB22CD8022DA7
:1071800030D91A4619460220FDF754F9042D29D9A1
:107190001A4619460420FDF74DF9242D22D9FF2364
:1071A00024201A461946FDF745F94F2D1AD9142304
:1071B000B422E6214F20FDF73DF913E0032CCDD892
:1071C000032DCBD9A8E700BF2F2F0020E1270020F7
:1071D000BAD10008582B0020042CD7D9242CDCD994
:1071E0004F2CE2D90120FBF743F920B11EB129460B
:1071F0002046FDF75FFBFDF73DFBB64B02461B78D3
:107200003BB30220FBF734F918BB12B3B24BD97C65
:107210001A7D9B7C8DF835108DF834308DF8362032
:107220000D98FCF7DBFF322CC0F307238DF83C00F0
:10723000C0F307408DF83D308DF83E0009D8322D5F
:1072400007D9C3B29DF83D2032209DF83C10FDF7D0
:10725000F1F8A24F3B78002B00F0C280FDF7FEF85A
:1072600080B2B0F5617FC0F0D98040F24B439842C4
:1072700000F2B480C823A0F5617080B2C0EB00209A
:10728000B0FBF3F6F643F6B2FBF7ACF8FBF756F8B3
:10729000C0F307238DF831303B788DF83000013B87
:1072A000C0F307408DF83200032B00F29980DFE82D
:1072B00013F0B7001D012C0137010320FBF7D8F8AC
:1072C000064600287CD0302C1AD8302D40F2808120
:1072D0001346FF2230201146FDF7ACF82C2C05D8C0
:1072E0000023A522FF212C20FDF7A4F84A2D40F20F
:1072F00074818023002219464A20FDF79BF86CE137
:107300004A2C00F26A81F1E7342C40F27681452C58
:107310003FF668AF452D09D864E7FF231A460021E0
:107320003420FDF787F8452D40F26A810023FF21C4
:107330001A464520FDF77EF8142C3FF653AFFF2385
:10734000002280211420FDF775F8142C3FF44AAF79
:10735000FF23002280211320FDF76CF8132C3FF44B
:1073600041AFFF2300228021122024E75C4A1278DB
:1073700092B1282C0DD8282D40F24281FF221946C7
:107380002820FDF757F8342D40F23A810023FF22E0
:10739000C5E7342CBBD8F6E7282C0ED8282D40F2B0
:1073A0002F81FF2328201946FDF744F8342D40F2A1
:1073B0002781FF2300221946B2E7342CA7D8F5E72E
:1073C00001269EE5142C3FF60DAF142D7FF60AAF73
:1073D000BEE529462046FDF76DFA03E700233B7022
:1073E000404E33783BB1FDF739F883B2772B40F24A
:1073F000AA80002333703C4E337843B1FDF72EF85A
:1074000083B2952B4FF0000240F2B38032702946D0
:10741000204611B0BDE8F04FFDF7B0B8FF2633E7C6
:107420000022FF2017464FF00D0C9DF83010C2EBE4
:107430000223B3FBFCF3DBB2994234BF5B1ACB1AD5
:10744000DBB2802B84BFDB43DBB2834238BFD7B2D1
:1074500002F1010238BF18460E2AE8D14FF0150894
:1074600041F2EB494FF00D0A4FF0FF0B5FFA88F342
:107470009C4229D89D4227D9C3F11503DBB29F4214
:1074800014BF4623FF23A8EB08224A44B2FBFAF2BA
:1074900006FB03331B128DF838208DF83A308DF837
:1074A00039B00E98FCF79AFEC0F30722C0F30743E9
:1074B0008DF83C008DF83D208DF83E30C1B2DBB236
:1074C0004046D2B2FCF7B6FF08F1FF38B8F1070F1B
:1074D000CCD185E7BC0E00202F2F0020D21B00202E
:1074E000E02A0020D11B0020D01B00204FF6FF73A4
:1074F000ADF83C308DF83E300F9B9DF83120009662
:107500002946204603F082FF6AE74FF6FF73ADF885
:107510003C308DF83E300F9B9DF832200096EFE70F
:10752000FAF760FF431EDBB20A2B8BBF3E4B3F4B8B
:107530001A791A5C4FF6FF73ADF83C308DF83E3087
:107540000F9B0096DCE74FF6FF73ADF83C308DF8EB
:107550003E30782380B2C0EB0020B0FBF3F0C04394
:10756000C0B200900022294620460F9B03F04EFF38
:1075700041E745F6FF23ADF83830962380B2C0EBE3
:107580000020B0FBF3F0C0438DF83A20C0B2009069
:10759000294620460E9B03F039FF38E7304611B0EC
:1075A000BDE8F04FFBF71ABB214B1B780BB1FCF782
:1075B0003DFA204B1D68FCF751FF401B0F287FF65A
:1075C00004AC002300E4B8F1070F7FF424AD79E4A4
:1075D0002C2C02D82C2D3FF683AE174B1B78002B9A
:1075E0003FF4C4AE282C3FF68FAE282D08D9FF23D8
:1075F00000211A462820FCF71DFF342D3FF68DAEE2
:10760000142C3FF6EFAD142D3FF699AE142C3FF439
:10761000E9AD142D3FF49CAE132C3FF4E3AD132DD4
:107620007FF4E0AD9DE600BF502B0020582B0020DA
:10763000E0270020282C0020E12A002038B50C4645
:107640000546FDF707F89CB140F2E73309494FF4CE
:107650007A72A4FB0141E01841F100010023FAF71E
:1076600077FB03F053FA2846BDE83840FDF780B8B1
:107670000120F6E7A08601002DE9F04F03790446CA
:1076800087B0002B01F06B800121FCF737F963799B
:107690000646002B3AD1354621462846AE4AFBF72E
:1076A00089FF00287DD021462846AC4AFBF782FF9F
:1076B000002876D0A5F5F047A7F12B026379212A9F
:1076C00000F2FA81DFE812F0B000F801F801F801E9
:1076D000F801F801F801F801F801F801F801F801E2
:1076E000F801F801F801F801F801F801F801F801D2
:1076F000F801F801F8014A00A400AA00FA002101EB
:1077000058017F01A601CF01B700D600944B1D8818
:10771000002DC0D0A842BFD0E8B202289CBF1422DE
:10772000904B4FF0000105468CBF002502FB003551
:10773000FBF750FD01460028ADD04379068043F0A9
:10774000040343712846FBF7B7FF0022864B012153
:1077500020461A70FCF7D2F805469DE70BB3834D1F
:107760006B79FF2B31D108236B7100250020FBF7CB
:107770002BFAC821802303224F2001950095FCF7A6
:10778000B3FE80230322C8214E2001950095FCF70B
:10779000ABFE80230322C821284601950095FCF703
:1077A000A3FE734B1B785F0700F0D9876379002B2A
:1077B00000F0D5876F4B5B785E0740F1D0870220E1
:1077C00007B0BDE8F04FFAF70FBFAA78EB786978F9
:1077D0008DF812308DF810108DF811200498FCF7F8
:1077E000FDFCC0F30721C0F307428DF814008DF8AB
:1077F00015108DF81620C0B2D2B2C9B2FBF7ECF961
:10780000FF2300206B71FBF7DFF905F08FF8C8E765
:10781000002BC6D00020FBF747FAC2E7002BC0D0F0
:107820000020FBF74FFABCE7002BBAD00021012063
:10783000FBF71CFAE9E7002BB3D04C4B1B79EE2B7E
:1078400014D90025FCF776FE80230422C8213D20B0
:1078500001950095FCF748FE2B460222C8213C20EA
:1078600001950095FCF740FE05F060F80020FBF75D
:10787000A3FA96E7002B94D03C4E3379102B19D8FD
:107880000025FCF757FE2B460222C8213D2001951A
:107890000095FCF729FE80233C200422C821019595
:1078A0000095FCF721FE05F041F8102328463371BE
:1078B000FBF78AF90020FBF78BFA72E7002B3FF405
:1078C00070AF2A4B5B78F62B16D900258023042253
:1078D000C821282001950095FCF706FE2B460222C0
:1078E000C821292001950095FCF7FEFD05F01EF842
:1078F0000020FBF709FA54E7FF23012296212820F4
:1079000001930093FCF7F0FDF2E7002B3FF449AF41
:10791000164B5B78082B16D8002502222B46C8216F
:10792000282001950095FCF7DFFD80230422C82163
:10793000292001950095FCF7D7FD04F0F7FF002002
:10794000FBF7ECF92DE7FF23012296212820019374
:107950000093FCF7C9FDF2E7611100205C110020E3
:107960005C2F002070110020EE2A0020502B0020F8
:10797000EA2A0020EC2A0020002B3FF412AFB34B80
:107980009B78F62B16D9002580230422C8213B20A2
:1079900001950095FCF7A8FD2B460222C8213A204C
:1079A00001950095FCF7A0FD04F0C0FF0020FBF757
:1079B000C3F9F6E6FF23012296213B2001930093B1
:1079C000FCF792FDF2E7002B3FF4EBAE9F4B9B7868
:1079D000082B16D8002502222B46C8213B200195F2
:1079E0000095FCF781FD80230422C8213A200195EF
:1079F0000095FCF779FD04F099FF0020FBF7ACF946
:107A0000CFE6FF23012296213B2001930093FCF750
:107A10006BFDF2E7002B3FF4C4AE8C4BDB78F62B0A
:107A200018D9002580230422C82142200195009501
:107A3000FCF75AFD2B460222C821432001950095F0
:107A4000FCF752FD04F072FFFCF774FD0020FBF719
:107A500093F9A6E6FF230122962142200193009389
:107A6000FCF742FDF2E7002B3FF49BAE774BDB784F
:107A7000082B18D8002502222B46C8214220019548
:107A80000095FCF731FD80230422C8214320019595
:107A90000095FCF729FD04F049FFFCF74BFD0020A1
:107AA000FBF77AF97DE6FF2301229621422001931C
:107AB0000093FCF719FDF2E747F6446295420AD8B5
:107AC00047F63F62954242D8392D4AD047F2130219
:107AD000954200F09D8094F80580B8F1000F00F009
:107AE0008A81A5F5EE439BB27F2B00F28481EDB233
:107AF0000F2D3FF656AE01214FF42F7005AAFBF76C
:107B000073FE9DF81460002E7FF44BAE40F2BD274B
:107B1000002D40F0D480DFF83891DFF838A10596C9
:107B200005A8FBF77DFE00283FF43BAE012840F09E
:107B3000158105A8FBF774FE431E0546032B00F2D2
:107B4000D680DFE813F0CB00DB00E100E700A5F50D
:107B5000FC45413D032D00F29C80DFE805F0A1A724
:107B6000123C002BB7D0FCF785FE01223A4B80F087
:107B700001001870394B1A70FCF770FC384B1880F4
:107B8000A9E7384D384EB3B12A78C821002A0EBF74
:107B90000123002300222B704FF0FF0309BF327036
:107BA0000092019300934FF028000CBF13460193FD
:107BB0000322FCF799FC2B78327813437FF4F1AD64
:107BC00000210120FBF752F800238022FF21A6208C
:107BD000FBF788F8E5E5234E234DB3B12B78C82198
:107BE000002B0EBF0122002200232A704FF0FF025B
:107BF0000BBF33700192CDE9002300934FF03400A6
:107C000018BF13460322FCF76FFC33782A78D4E7B9
:107C1000002B3FF4C6ADFCF7E5FD41F2883002F0E1
:107C200075FF12490B7883F08002D20962F3C71303
:107C30000B70EAB941F2883002F068FFFCF7D2FD20
:107C400041F2883002F062FFABE500BF502B00200C
:107C5000D4D30008C4D300085A2F00205B2F002083
:107C6000582F0020E12A0020E02A0020EC2A0020E2
:107C70000025FF27AC4E019700970135FF23032213
:107C8000C82116F8010BEDB2FCF72EFC0A2DF2D13B
:107C9000D0E7002B3FF485AD0122A44B1A7080E59C
:107CA000002B3FF47EAD0022A04BF7E7002B3FF402
:107CB00078AD9E4A137883F00103137071E5BE42DC
:107CC0003FF46FAD0121304605AAFBF78DFD9DF80D
:107CD00014300BB9013DEDB2013619E705A8FBF7E9
:107CE0009FFD39280CBF50210021FFF7A7FC012080
:107CF00002F00CFF002D7FF413AF52E505A8FBF74F
:107D00008FFDFCF7A7FCF2E705A8FBF789FDFCF760
:107D10002FFDECE705A8FBF783FD002605464FF095
:107D20000A08834F795D11F004010DD1A6B140F22C
:107D3000E730804F4FF47A720023C6FB0701FAF751
:107D400007F802F0E3FED2E705A8FBF769FD303D36
:107D500008FB06560546E5E70120F2E7764B00F002
:107D6000070513F800B0C0F3C70319F803601AF849
:107D70000370724A2E412F4116F0010612F803805B
:107D800007F0010709D06E4A137843F0020313701D
:107D9000FBF7C8FB012002F0B9FE4FB1684A137827
:107DA00043F040031370FBF7BDFB012002F0AEFE71
:107DB00058460021FFF742FC012002F0A7FE2FB138
:107DC000E620FCF7D5FC012002F0A0FE2EB1E12058
:107DD000FCF7CEFC012002F099FE48FA05F818F0F5
:107DE000010F3FF49DAE00212C20FFF727FC01205E
:107DF00002F08CFE94E6A5F5AE43FF2B00F28980DD
:107E0000E8B2022882463FF6CCAC4146FBF7E2F9E5
:107E1000064600283FF4C5AC4379DFF8289168F3A3
:107E200000034371B8F1000F5CD0FCF717FB464B21
:107E3000434A1880B37812780133B370434B30460D
:107E40001B781343F370424B1B783371142303FBED
:107E50000AF309EB030159F803200969FBF7ECF970
:107E6000737913F0020F0CBF2A460022394B1A8097
:107E70006279002A00F050810021374BA5F5E046D9
:107E80001970B3B2222B00F247810420FBF7A5FD45
:107E9000324D013E2880212E00F28080DFE816F06E
:107EA000C1002C01C9008F009300CD009700D100C4
:107EB000DD00A3002401A700E100AB00E5000B01F9
:107EC000AF00E9001301B500EF00F7009B00D500FB
:107ED0009F00D900BB00F30002011D0122018A00AE
:107EE000C5003401142303FB0A99D9F80C20D9F8F2
:107EF0001010FBF7A1F973799B07B9D531464846B5
:107F0000FBF7BEFB134B1A88AA42B1D1A3F800803D
:107F1000AEE7A5F5F843183B062BA9D8DFE803F038
:107F20002B2F202733373B0084D300086C1100200F
:107F30000DCB0008A0860100E4D30008C4D30008DC
:107F40002E2F002070110020E22A0020EE2A0020AF
:107F5000E62A00205C2F0020E42A0020EC2A0020E2
:107F6000E12226231146404604F006FA19E42723AD
:107F7000E522E521F7E72623E122E021F3E72723A5
:107F8000E522E421EFE72623E122E221EBE72723A4
:107F9000E522E621E7E728230122EAE72B7843F0F0
:107FA00001032B7004202988FBF72FFEFCF71AFC35
:107FB000FFF7F7BB6B7843F008036B70F2E72B78A1
:107FC00043F00203EDE72B7843F00403E9E72B7855
:107FD00043F00803E5E76B7843F00103EDE76B78C6
:107FE00043F00203E9E72B7843F01003D9E72B783D
:107FF00043F02003D5E72B7843F04003D1E7FCF7AB
:10800000F1FB2B7843F08003CBE72B7823F00C03B4
:1080100043F00C03C5E76B7823F0030343F003033D
:10802000CBE72B7823F00103BBE76B7823F0080341
:10803000C3E72B7823F00203B3E72B7823F0040384
:10804000AFE72B7823F00803ABE76B7823F001034D
:10805000B3E76B7823F00203AFE72B7823F010032C
:108060009FE72B7823F020039BE72B7823F0400336
:1080700097E7FCF7B7FB2B7823F0800391E72B7889
:1080800023F00C038DE76B7823F0030395E72B783F
:10809000C3F3800282F00102D2B262F3820362F380
:1080A000C3037EE76B78DA4302F0010262F3000358
:1080B00062F3410381E72B78C3F3801282F001025F
:1080C00062F386136DE7FCF78DFB2B78C3F3C012C8
:1080D00082F0010262F3C71363E701210E20FBF770
:1080E000E5FC5FE70021F9E72B78C3F3001282F08B
:1080F000010262F3041354E72B78C3F3000282F009
:10810000010262F300034CE76B78C3F3C00282F014
:10811000010262F3C30350E747F61643DFF800920B
:108120009D4299F8003018D17E4972B103F0AA033C
:10813000002B13BF01230023292035200B70FBF7F0
:10814000C3F8FBF7EFF9FFF72CBB0B78002B0CBF44
:1081500029203520FBF7F0F8F3E703F0220332B3D0
:10816000203F0A2F75D8DFE807F0060B511056158F
:108170005B19601D64000120FAF748FDFFF711BB91
:10818000002B45D00120FFF74CBB002B45D0012030
:10819000FFF7D6BB002B45D001202FE4002B46D0A3
:1081A00001207DE4002B46D00120FFF784BB403F37
:1081B0000E2F4ED801A151F827F000BFF981000819
:1081C0000782000877810008818100080D8200087D
:1081D0008B81000817820008958100082182000821
:1081E0009D8100082B820008A581000833820008C9
:1081F0003D82000847820008FAF716FD0120FAF7D1
:10820000E3FCFFF7CEBAFAF721FDF7E7002BB9D070
:108210000120FFF700BB002BB9D00120FFF769BB9D
:10822000002BB9D00120FFF7C2BB002BB8D0012032
:108230000DE4002BB8D00120FFF719BB2BB1FAF7E2
:10824000E1FDFFF7AEBA002BF9D0FAF7CBFDFFF74F
:10825000A8BA47F677439D4217D047F678439D4228
:108260001ED0A5F5A543603B9BB21F2B1DD872BB4A
:1082700005F01F0301259D40EDB229460320FBF7C1
:1082800015FC294B1D70FFF78CBA012052B1FAF78B
:10829000FBF8032202210120FAF780F9FFF781BAE7
:1082A0000220F3E7FAF7FAF8F3E7002A44D047F69A
:1082B0005B439D4227D047F65C439D4215D047F66D
:1082C0005A439D421DD047F601439D4224D047F6B4
:1082D00003439D4219D0B5F5F84F2DD1FCF782FA32
:1082E000124B134A1A60FBF75BF8124B5878C0F335
:1082F000800080F0010000F00100FBF797FCFFF721
:1083000050BA0120F9E70020F7E704F00FF94FF623
:10831000FF710020FBF779FCFCF764FAE3E700BF8C
:108320002E2F0020E52A0020E82A0020FC6F0020E4
:10833000EFBEADDEEC2A00202388ADF810300498A3
:10834000002A55D0FBF7B4FA054601460498FAF71F
:10835000E7F8BDF810302846ADF814300599FBF762
:1083600086FAFAF781FADFF88CA294F806809AF878
:108370000070054617F0070766794FEA181825D0F0
:1083800037461EB3C5F3072303F0F002402A0ED090
:10839000C1B201F12002D2B2072A2DD903F0E003C5
:1083A000202B04D1012927D9B8F1000F26D0924BF8
:1083B0005F7817F0040709D00220FAF715F99AF848
:1083C000003013F0070F0CBF01270027C5F303335C
:1083D0000B2B73D8DFE813F0140014005100510088
:1083E000C700DE0072007200E8004F016101610108
:1083F000FAF7B6F80546ACE70027E7E74746E5E7B2
:10840000C5F30723C5F303280F2B88BF4FEA0818CD
:10841000EDB2D6B1B8F1000F0DD005F12003DBB2FB
:10842000072B00D95DB999F8003048EA030389F8B1
:108430000030FBF777F82846FCF70CF93EE06F4A6E
:10844000137848EA03031370F3E72846FCF790F922
:10845000B8F1000F32D005F12003DBB2072B00D9B1
:108460001DB94046FAF710F904E0644A137823EA8C
:1084700008031370FBF756F820E0C5F3072303F059
:10848000F003C5F30320202BEDB218BF00013DB16E
:10849000012D4FD0002E58D0B8F1000F28D0CAE7D8
:1084A000554B5B785D071FD436B138B199F8003071
:1084B000034389F80030DDE70028D3D1002F00F016
:1084C000C8809AF8000010F0010340F0C280637188
:1084D000C008F9F7D9FF2046FFF7CEF89AF8000058
:1084E000C008F9F7DBFFB4E086B1B8F1000F02D1A4
:1084F000FBF79CF8E2E7B8F1010FDFD1404A1378AF
:1085000030EA0301DAD003431370D7E7B8F1000F64
:10851000D4D10390FBF794F8394A039813781842A2
:108520001CBF83431370374A13781842C6D023EA1E
:108530000003E9E71EB1B8F1050FBFD8D8E7B8F1DD
:10854000040FBBD8FBF77CF8B8E7B8F1000FF9D0FF
:10855000392D0CBF4FF4FA50012002F0D7FA28460B
:10856000FCF706F9AAE715F4406FC5F3812307D09D
:10857000012BA3D166B1C5F30900FAF787FE9DE789
:1085800026B1C5F30900FAF765FE97E73046FAE72A
:108590003046F2E7E8B226B1FAF73EFDFCF734F8D0
:1085A0008CE7FAF78BFDF9E715F4407F2ED1002E0A
:1085B0004BD115F0100218BF0F22C5F342114FEA3C
:1085C0008101C9B21CBF8A40D24305F00F0303FAF0
:1085D00001F3C5F381250C4918BFD2B2DBB2022DDD
:1085E00043D0032D45D0012D3AD013430A781340D0
:1085F0000B702AE0EA2A0020EC2A0020EE2A002054
:10860000E62A0020E72A0020E82A0020C5F30122FC
:10861000CEB1D10719D515F0100218BF0F22C5F33E
:1086200042114FEA8101C9B21CBF8A40D24305F012
:108630000F0303FA01F3C5F3812518BFD2B24949EC
:10864000DBB2022DCCE7012AE5D8FAF7F9FDF9F7FC
:1086500003FF0021204607B0BDE8F04FFBF74EB9FD
:10866000087803431A430A70EFE713430A7853402C
:10867000BEE71343BCE7E9B2C5F3032536B128468C
:10868000F9F702FF0846FAF7D1FFDEE70846FAF7E6
:10869000D7FF2846F9F702FFD7E7EFB2A7F1F003BB
:1086A000042B40D8DFE803F003250F1621003EB16C
:1086B000B8F1040FC9D8C5F30420F9F7F9FEC4E7EF
:1086C000B8F1050FF6E7C5F30420002EE2D1F9F763
:1086D000DBFEBAE7234A36B10123C5F3042503FACA
:1086E00005F51570B1E71670AFE71F4B5B785A07B9
:1086F00004D4C5F30420002ECCD0E8E74EB15B07CC
:10870000C5F30420E3D5C30043F003038AF8003027
:10871000DDE70120F9F768FFB8F1010F95D90220D4
:10872000F9F762FF91E74EB1B8F1000F03D0384678
:10873000FBF790FF89E7C5F30420C8E7B8F1000F05
:108740000AD0392F0CBF4FF4FA50012002F0DEF9A5
:108750003846FCF70DF878E7C5F304209AE707B030
:10876000BDE8F08FE92A0020EC2A0020194AF8B56C
:1087700093790F2B0AD8537943B1174B17491B78BC
:108780000D7816885788164CAB4200D1F8BD04EB23
:10879000C3010879D0B134F83300B04216D148791A
:1087A000A0B94888C01B80B2C7280FD80120937990
:1087B00060F3071393718B7960F3071305488B718E
:1087C000FEF75AFFBDE8F840F9F7FEBE013303F0AB
:1087D0000703D9E7322B0020F02A0020EF2A0020DF
:1087E000F22A00202DE9F04F044687B0874D01465C
:1087F000062202A8F8F772FE237895F8049094F800
:1088000001B06779B4F802A094F804800193B9F13B
:10881000000F1AD1B8F1000F15D0002F00F0F18031
:108820002046FBF797F8002800F0EB80082221464D
:108830002846F8F753FEB8F1010F02D12888FBF75C
:1088400077F8FFF793FF012540E06B886E79AAEB7C
:1088500003039BB2002E00F0A880C72B00F2858096
:10886000B8F1000FEFD0AB7928880F2B218850D8B2
:1088700088420CD1002F47D10122284662F307130A
:10888000AB71FEF7F9FEAB79A37100251EE0002F56
:108890003AD13A465946019803F0C8FF3A4659463C
:1088A000019803F0C3FF05460028EED10298FBF7BC
:1088B0003FF8C0F30332032AC3B20BD8012A13D9FD
:1088C00010F4706F15D0A2790F2A12D8284607B07D
:1088D000BDE8F08F063202F00F02012A0ED92046C1
:1088E000FEF7CAFE3546F1E710F4706F01D0002B99
:1088F000ECD02033DBB2072BE8D9F0E7EF2BE5D93A
:108900000F33DBB2022BF7E7AB7943F00103AB7116
:10891000BBE788420AD14FB92046A371FEF7ACFEEF
:10892000082221462846F8F7D9FD8CE72046FBF7B8
:1089300011F8002865D0002F63D0AB791F2B0ED91A
:108940000022298804A8ADF81010ADF812A08DF807
:1089500014908DF815208DF81630FEF78DFE082244
:1089600021462A48F8F7BAFD6BE7AB790F2B08D8F8
:108970002846FEF781FE082200212846F8F78CFAE7
:1089800083E7B8F1000F3FF45EAF28882188884262
:10899000CCD1002FCAD12046A371FEF76DFE08226C
:1089A00039462846F8F778FA4DE7C72BE3D8B8F1EF
:1089B000000F3FF448AF27B32A8823889A4217D183
:1089C000AB79DA0710D40F2B0ED9A37103F0F003A3
:1089D000F02B06D0A379C3F30312013262F307131D
:1089E000A3712046FEF748FE0822214607489AE771
:1089F0002046FAF7AFFF0028B1D1AB7943F001036D
:108A0000AB712046FEF738FE1DE700BF322B002079
:108A1000F0B589B06B4683E803009DF8051000228D
:108A200009B12B490A70ADF80E2093E80300ADF8A8
:108A30000C10C9B2029002AC39B101212046FAF7FC
:108A40005DFF01212046FAF759FF94E8030004AEC8
:108A500086E803003046FFF7C5FE1E4F04461E4D54
:108A6000C0B996E8030006AB83E803009DF8141034
:108A700038782A7871B1461C06F00706964210D065
:108A80001946164B082203EBC000F8F727FD3E708D
:108A9000F9F79AFD114C28783B7883420BD109B045
:108AA000F0BDFBF79FFE082221460D483C702C705C
:108AB000F8F7F2F9EEE704EBC000FFF793FE0028A9
:108AC000EDD02B78013303F007032B70E3E700BFF1
:108AD000EE2A0020EF2A0020F02A0020F22A0020AF
:108AE000322B002073B5FBF7B9FC0B4D84B22B88F9
:108AF000A3420ED00026ADF80060FBF7AFFCADF846
:108B00000460ADF8020002AB13E90300FFF780FF39
:108B10002C8002B070BD00BF802A002000232DE908
:108B200080489BB00293934B9A68022A01BF1A684F
:108B3000914A526F5A689B6900231E468F4A01333F
:108B4000102B1660566002F10802F8D101278C4BF9
:108B50008C4D03F10C021A61DA608B4A5E61DA61B6
:108B60001F705E609E60894B2F7003F10C021A61CA
:108B7000DA60874A5E61DA611F7040F2BF325E6080
:108B80009E604FF0E023EE61AE622E62EE626E6296
:108B90002E636E60AE605A61072280219E617D481F
:108BA0001A617D4A83F8231D10607C487C4C50601C
:108BB0007C4A03F550634FF0300CA66222638CF3BD
:108BC000118862B6D868784A20F4E0600004000C8E
:108BD0000243DA60D3F8FC20744842F08072C3F894
:108BE000FC2002683A4302602022DA7783F822C030
:108BF00004F11003C4E904334FF0FF33E661E06988
:108C0000A361024633466A48C4E9082304F13403E9
:108C1000E36000F1C403C0F8F430664BC0F8C860EC
:108C2000C0F8C430644BC0F8F070C0F8E4300223E0
:108C3000E163A0F8FC30A165C4E90044C4E914660E
:108C4000A660E662E6656464A4F84870C0F8F8407F
:108C5000C0E94267C0F80461E83002F026FC86F300
:108C60001188564B564ADF70564B574F1A60FBF728
:108C7000A5FA03F067FE4FF4807200205249FBF71B
:108C8000D4FE00286CD1FBF799FAFBF797FAACE019
:108C900019F8013B7340A3FB0CAB0CFB08BB4FEA7C
:108CA00048165A011AEB020246EAD3664BEB060B52
:108CB0004FEAC81AD2184FEAC31648EB0B0B4FEA1B
:108CC000032E96194AEA536A4FEA08284BEB0A0A20
:108CD00048EA136816EB0E064AEB080A0EEB0A0880
:108CE00086190139D4D101224FF4006012A9FBF793
:108CF0009CFEDDE91223434508BFB24201D0FBF7D9
:108D00005DFA40F608060122304610A9FBF78DFEF9
:108D1000002860D0DDE9103253EA02011ED013F0C2
:108D2000C00FCDE9123206F10806D9B252D103F4D0
:108D30007F420804C3F30743134300F4E0201843C1
:108D4000CA0800EBD101B1F5006F43D80DF14B011A
:108D50003844F8F7C3FBB6F5805FD4D101203AE080
:108D600040F60101B94600204FF0120C174EDFF813
:108D70006080B6E7000C014000040140041F0020A1
:108D80001C310020C028002000300040841F00203B
:108D90000090004050310020B81F002000700020DB
:108DA000202A0020E0D200080003FA05001000E0AD
:108DB000F8120020A1A40008D101000858110020D9
:108DC000252A0008B80E0020C01F00202523228479
:108DD000E49CF2CB0020C7F80068002840F0308205
:108DE000FBF7A8FE00283FF450AF4FF080436FF030
:108DF000200200261A6320214FF055321A605E606F
:108E00009E60DE60DE621E625E6299616FF40071D8
:108E1000C3F830144FF40071C3F80024C3F804649D
:108E2000C3F80864C3F80C64C3F82C64C3F8206466
:108E3000C3F82464C3F818146FF48071C3F83014B5
:108E4000C3F800244FF48072C3F804643146C3F8B9
:108E50000864B748C3F80C64C3F82C64C3F82064F2
:108E6000C3F82464C3F81824102203F580634FF07C
:108E7000A808F8F711F8302731464FF0010C3246B8
:108E8000AC4BDFF8B4E21E70AC4B1E70AC4B03F180
:108E90005C00D86493F8840010B103F17000186589
:108EA000DFF89CA2D3F8946008FB01AAD3F89800DD
:108EB000D3F8909004361B605B6083F808C0CAF852
:108EC0000C9006FB090A58611861C3F818A0DE610E
:108ED000C3F8209058629A62DA62C3F830E05B63AC
:108EE00087F31188D3F8880093F88C6000EB860034
:108EF000836183F8A02082F311880131032903F1F3
:108F0000A803C4D18F4901F15C030B65CB6FD1F885
:108F100080008E6F043381F808C003FB060CCB6120
:108F2000894B09604960CA6048610861C1F818C08E
:108F30000E6248628A62CA620B63496387F31188D2
:108F400091F874000B6F093043F8201081F88420E9
:108F500082F311887D496FF4C0508B6C43F4004359
:108F600043F020038B644FF0804318636FF480500C
:108F70001A609A60DA6018634FF0807018604FF4DE
:108F8000805058604FF080505A62986187F3118882
:108F90002B78012B17D04FF480406D4BC3F8800025
:108FA000C3F8800183F80E236A4BDA72DA715A72C1
:108FB0004B6903F008034B614A61CA66CA670B6CD0
:108FC00023F002030B64002601233746DFF8889163
:108FD0006E602B7059F8048FB8F1000F0FD0D8F8DD
:108FE000140020B16FF001010C3002F0CCFAD8F877
:108FF000180020B16FF001010C3002F0C4FA013604
:10900000042EC9F80070E5D101F068FD87F31188DE
:1090100041F2883001F07AFD302383F311882A78F9
:109020004E4B012A6B60EF602F616F61AF6132D1EF
:1090300002204B4BEB60454B196C41F48071196475
:10904000196C41F002011964D3F8881041F0020153
:10905000C3F88810D3F8881021F00201C3F88810F3
:1090600040495A63DA6708640821DA665961596928
:109070005961596941F00101596103F55053DF729B
:10908000DA71D0225F72324B83F80E234FF48042A4
:10909000C3F880211A6002232B70002585F3118804
:1090A0002A4A41F28830936C43F4004343F0200392
:1090B00093644FF080436FF4C0521A634FF07072A4
:1090C000DA624FF020721A604FF44C325D609D609E
:1090D000DD605A62012203F5A0335A700722DA726A
:1090E00001F014FD302383F311881F4BE2691A60ED
:1090F0001E4B1D601E4B1D6085F31188FAF768FC3E
:10910000FAF750FC08B9FAF75DFD0822002119486A
:10911000F7F7C2FE00210124174B08461C70FBF72D
:1091200023F821460020FBF71FF8144A516827E076
:10913000AA280020BB28002059A60008BA28002031
:10914000D80E0020D0100020DBA50008000C014044
:1091500000E100E000400140C828002010D30008D2
:10916000ECD20008004C0140D0270020CC27002082
:10917000C8270020C1290020C0290020001000E0DD
:1091800053685B1AB3F5165FFAD300210846F9F766
:1091900049FE012102460020F9F744FE0024AC4BB1
:1091A00042EA4002AB4D1A7055F8040B461C01D040
:1091B000FAF7C9FF0134E4B20F2CF5D10624A64D0D
:1091C00055F8040B411C01D0FAF7BDFF013C14F027
:1091D000FF04F5D10C222146A048F7F75DFE0C22D2
:1091E00021469F48F7F758FE2046FAF7F6FB4FF660
:1091F000E363984227D0FAF7D3FD0220FAF7C9FAC1
:10920000984B18700420FAF7E8FB974B188003F08E
:109210009DF940F6B83001F079FC03F097F98F4BD7
:109220001C8814F0010413D003F080F94FF6FF718D
:109230000020FAF7EAFC8D4B8D4A1A60FAF7B0F875
:10924000FBF7DEFCCEE5FAF7ADFB0028D5D1D2E77F
:109250000320FAF79EFA6FF01002864B1025187063
:10926000854B864F1A634FF055321A605C609C60E4
:10927000DC60DC621C625C629D6100F067FF80481C
:109280002A46FF2100F8194BF7F706FE7D482A46CB
:10929000FF2100F8194BF7F7FFFD08223946172088
:1092A00003F036F9784B1C703B78032B01D8FAF7A2
:1092B000CBFB00230122C92112A88DF84830FAF710
:1092C00043FA9DF84830062B01D0FAF7DBFC002466
:1092D0006E4D2146281932223234FAF735FAC82C5D
:1092E000F7D100260122214612A88DF84860FAF72E
:1092F0002BFA9DF84830032B88BF8DF848609DF805
:109300004860032E3AD84FF00108614B00211E70CF
:10931000604B83F8008032237343EC18E85CF9F764
:10932000A5FCE2780023A1786078F9F7DBFC2379CB
:1093300000203B71F9F748FC2346424656495748FE
:1093400093F802C0DF781C7993F801E001320D2A0E
:1093500081F800E081F801C08F7000F8014B03F143
:10936000040301F10301EBD1322303FB065393F80D
:1093700031304B4A003B18BF01231370494B4A4A16
:109380001A604A4C00200125494B4A4E197823782F
:10939000994200F0A580F25C0133012003F00F0335
:1093A000052AF5D801A757F822F000BF4794000816
:1093B000919300082F9400083F940008C59300087B
:1093C000D3930008032223703B4B1D703B4BDA7094
:1093D000D8E700252370384B1D70394B1D70394B71
:1093E0001D70FAF797F9062229463748F7F754FD1A
:1093F000364B28461D70364B1D70364B1D70F9F7E5
:1094000029FF2846F9F742FFF9F71AFFF9F724F880
:10941000314B20221D704FF080439A612F4B93F8FF
:109420004F30AB420CBF01220222244BCFE7237006
:109430002A4B93F84F30002B08BF0122F5E7237029
:109440001E4BDD709EE723701C4BDD709D7099E70D
:10945000BF29002020D300085CD300081429002075
:10946000D4270020B0290020EC2A0020FC6F002027
:10947000EFBEADDEE82A002000080040502B00209F
:10948000F82B00207A290020E0270020E227002086
:10949000E1270020661100202F2F0020582B0020EC
:1094A000BC0E0020A42A0020C00E0020BA280020F4
:1094B000BB280020AA280020BC280020581100202A
:1094C0002E2F0020EE2A0020DA2A0020D92A0020A0
:1094D000D82A0020D72A0020BD280020C02800203C
:1094E00000B12170674B1B78052B00F0C58003F09D
:1094F0002DF8654B64480793644B1C46099306237B
:10950000013B13F0FF0330F8021B34F8022B40F04C
:10951000D580914240F0D580FFF7E4FA5C4C238877
:10952000D3B15C4B1D88FAF799FF401B80B2C82865
:1095300012D92078002102289BBF1422564C002407
:1095400002FB0044F9F746FE014628B143795B0768
:1095500002D42046FAF7B0F8FDF7DCFB4F4B1A783F
:1095600032B100221A704E4B9A78DA701A785A701B
:1095700000244C4E4C4D3378E7B2BB4200F2BD8123
:1095800000224FF0FC08464CE378A178994200F0A5
:109590005584E218013303F003031579E37063780F
:1095A000C5F306060133ED09637040F0F1818DF8D3
:1095B00040608DF84180FAF751FF032780B2F0E157
:1095C0004FF080434FF40012384C9A61FDF7A2FB34
:1095D0000020F8F741FF257825B9FBF71DFB284649
:1095E000F9F7FCFA012340F2A460237001F08EFA2F
:1095F00002F0ACFF0022254F2D4E3846314614466E
:1096000030F8023B002B18BF42F0010221F8023B68
:10961000631CDCB2062CF3D172B31A4BB3F84C3096
:109620009A0729D5174B1B78052B0FD1214DC82040
:10963000EB7A43F00803EB726B7843F004036B7032
:1096400001F064FA6B7803F0FB036B701A4801F0C9
:109650005DFA02F07BFF0C48038837F8021B328862
:1096600021EA03050B4320F8023B631E2A4313F053
:10967000FF0426F8022BEFD1024B1B78052B9FD05D
:1096800035E700BFC0280020B2290020142900209F
:109690005C2F0020E22A002070110020C929002040
:1096A000C1290020C0290020BE290020BD2800209B
:1096B000A429002000400140A086010091423FF40F
:1096C0001FAF0027A74BDFF8A0920193099B33F847
:1096D000022B0492079A099332F8023B0792049AEC
:1096E000934200F0D080FAB20892049A4FF000083A
:1096F00053400B93C7EB071303EB090206929B4AF7
:109700009B4CD3180593012303930B9B039A13429D
:1097100000F0A38001255FFA88F30A93049B05FA01
:1097200008FB03EA020A019B1A8812EA0B0F16D102
:109730005FFA88F38DF84830089B8DF84930FAF7C6
:109740008DFEBAF1000218BF0122ADF84A008DF873
:109750004C508DF84D20DDE91201FFF759F9BAF1AF
:10976000000F00F09A80069B1A78029BFF2A1ABF0E
:10977000134601250025029322782A44082A1DDD7C
:10978000C5F10806691C324621447A48F7F7A6FE5F
:1097900005F10901324621447748F7F79FFE04EBB3
:1097A0004501720019317548F7F798FE05F111016E
:1097B000324673482144F7F791FE2670A5B1029B0B
:1097C000227803F12C0109EB41018D78C978A018AA
:1097D000417245704374002002F10C0104EB410119
:1097E0000132487088702270BAF1000F7FD0654B4B
:1097F0001A7802F0FC02342A2FD1069B1A78FF2A2D
:109800002BD0002602F12C030C934FF0000A574B8B
:10981000C6EB061509EB050B1D440C9B59001BF804
:10982000012BFF2A0FD0089BF0B2834237D10A9B4D
:109830005FFA8AF0834232D1059B1A782032FF2AE0
:1098400028BFFF221A700AF1010ABAF10F0F05F1C1
:109850000105E4D10136062ED7D1039B08F101089A
:109860005A0093B20393069BB8F10F0F03F1010363
:109870000693059B03F1010305937FF446AF079B15
:10988000049A23F8022C019B01370233062F01931F
:109890007FF41CAFFAF7E2FD40E655466CE72C3248
:1098A00009EB010C09EB42029CF802E090789CF86D
:1098B00003C0D278AEEB0000ACEB020292B252438E
:1098C00000FB002080B20D91FAF704FD28280D99C5
:1098D000B9D8C0F1280292B2102A28BF10222878E5
:1098E000D2B20244FF2A28BFFF222A70ABE7019BB5
:1098F0001A8822EA0B021A80AFE700213846F9F7EE
:1099000091FA012102463846F9F78CFA42EA4003FF
:109910001D4ADBB2D15D01F0030083421CD043EA53
:109920008103DBB21949D35503F00F028A5CE95D6C
:109930000A4451B2033202F0FF02062AE95503D865
:1099400003F00303032B07D1002907DD002138466C
:1099500002F066FD0023EB5501340CE6FAD001213C
:10996000F5E700BFA429002084D4000820290020A6
:109970007A2900207B2900208329002093290020B8
:109980008B290020502B0020BF29002074D3000811
:10999000FD238DF840608DF84130FAF75FFD022716
:1099A00080B20123ADF842008DF844708DF8453047
:1099B000DDE91001FFF72CF88DF8386095B1FD2333
:1099C0008DF83930FAF74AFD002380B2ADF83A003D
:1099D0008DF83C708DF83D30DDE90E01FFF718F889
:1099E0000122D1E58DF83980ECE7012389F80330B5
:1099F0007FE2012389F80530B9E287F3118800215D
:109A0000DBF81430DBF800009847824688F31188B1
:109A1000304600F0D5FF30B10021DBF81830DBF81C
:109A20000000984728B9BAF1000F18BF44F00104AC
:109A30000FE387F31188DFF8C49200214A46DBF870
:109A40000430DBF80000984788F31188D9F84820E3
:109A500009F10801E8B202F0C3FBE4E78DF84930F0
:109A60000D238DF84A3014E09DF84920013A052A6B
:109A70003BD8DFE802F0031B1E2A3A2FFAF7EEFC70
:109A8000030E8DF84A30030C8DF84B3040BAADF818
:109A90004C00D9F80030002B00F0E5825B69002B08
:109AA00000F0E182202112A89847DCE2F9F790FF4C
:109AB000E6E700219DF84A2012AB052A03F10203D4
:109AC000E7DC597099700132F7E7ADF84A30ADF82C
:109AD0004C30DEE7ADF84A304FF40063F7E79DF80D
:109AE0004930022B05D0052B0FD0FF238DF84830CD
:109AF000CFE7BDF84A10BDF84C30F22041EA0341EF
:109B000009BAC9B2F9F7D2FFC3E70020F9F77EF826
:109B1000BFE79DF84B209DF84A109DF84900F9F7E2
:109B200046FEB3E7BDF84C309DF84B205BBA9DF87C
:109B30004A109DF849009BB2F9F7C9FFA9E7F9F768
:109B4000FDFFA6E79DF84930032BCED1082A31D07E
:109B5000092A50D09DF84A30013B032B99D8DFE801
:109B600003F0020B1921002365489DF84B208178F2
:109B70004078F9F7B7F88CE79DF84B3013B9F9F74F
:109B800065F886E7F9F750F800219DF84B00F9F7E2
:109B90006DF87EE79DF84B20594B00201A71F9F7BC
:109BA00013F876E7564A0023D2789DF84C109DF8BA
:109BB0004B00DEE79DF84A30013B032B3FF669AFCF
:109BC000DFE803F002070E114D4BDB788DF84B30C8
:109BD0005FE74B4B1A7812F00303F7D09308F5E7D1
:109BE000474B1B79F2E7464B5A789B788DF84B2010
:109BF0008DF84C304DE7F9F719FF4AE710238DF83F
:109C0000493046E702238DF84930BD2329E79DF806
:109C100049009DF84A309DF84B1040EA032040BAB5
:109C200013AA80B2F9F7E0FD33E700269DF849500A
:109C30009DF84A309DF84B7045EA03256DBAADB2E8
:109C4000BE42BFF426AFB5F52F7F06D812AB334422
:109C5000197905F24350F9F729FF01360135EFE78D
:109C6000F9F708FF15E70623C9E700269DF84930F4
:109C70009DF84A209DF84B8043EA02235BBA9DB2CF
:109C800013AFB0457FF605AFB5F5876F08D205F184
:109C9000F300F9F77EFD07F8010B01360135F0E717
:109CA0000020F8E700269DF849509DF84A309DF8BD
:109CB0004B7045EA03256DBAADB2B7427FF6E9AE07
:109CC000B5F5876F06D212AB3344197905F1F3006D
:109CD000F9F7ECFE01360135EFE79DF8490005285C
:109CE0000AD89DF84A303BB99DF84B10003918BF8F
:109CF0000121F9F7A4FDC9E60020C7E6D02900201C
:109D0000502B0020BDF84C309DF84B205BBA003A38
:109D100018BF01229DF84A109DF849009BB2F9F73F
:109D2000F2FEB6E685F3118886F31188A84612AFD5
:109D3000A36A43B9E368002B34D06269131D12682B
:109D4000A3621344E362A16AD4F82CA0C5F12003F6
:109D5000AAEB010B9B4528BF9B4638465A4601910A
:109D6000F7F7BCFB01995F4459448A45A1625D4401
:109D700011D8E368E269013BE3606369C4F82880B5
:109D80001344A2696361934224BF636A6361236BD6
:109D90000BB12046984788F311881F2D04D886F30D
:109DA0001188C5E783F31188B5FA85F3202D4FEAB2
:109DB000531384F8843040F061819DF848200023DB
:109DC000511E14293FF691AE01A050F821F000BFBA
:109DD0005D9A0008699A0008DF9A0008139B000842
:109DE000259B00083F9B0008459B0008459B0008F9
:109DF000459B0008EB9A0008EB9A0008FD9B0008C1
:109E0000059C00080F9C00082B9C0008619C000822
:109E1000679C00086B9C0008A59C0008DB9C000860
:109E2000059D00084FF4807347E14FF4007352E141
:109E30000A2871DC9BE00A2830DC5AE00AB1FAF704
:109E40000DFBDFF898920622494612A8F7F746FB69
:109E5000002399F9024099F9036099F9047099F97E
:109E6000055089F8023089F8033089F8043089F800
:109E7000053054EA060399F801803AD0984BB3F8BC
:109E800000A0FAF7EBFA974AA0EB0A00137880B229
:109E9000002BD0D014282CDDFF2B01D00133137000
:109EA00044B1F9F773F8002CD4BFFF2301235843C2
:109EB00089F8020046B1F9F769F8002ED4BFFF23F4
:109EC0000123584389F8030099F9020088B199F9F0
:109ED000032072B1F9F744F8002808BF012089F87F
:109EE00002001046F9F73CF800283FF47EAD89F8EF
:109EF000030055EA07033AD07B4BB3F800A0FAF70A
:109F0000ADFA7A4AA0EB0A00137880B2002B8FD00A
:109F100050282CDDFF2B01D00133137047B1F9F726
:109F200057F8002FD4BFFF230123584389F80400BA
:109F300045B1F9F74DF8002DD4BFFF230123584355
:109F400089F8050099F9040088B199F9052072B1E2
:109F5000F9F706F8002808BF012089F80400104628
:109F6000F8F7FEFF00283FF444AD89F8050099F8A2
:109F70000130434514D199F902300BB19C420FD105
:109F800099F9031009B1B1420AD199F905200AB132
:109F9000AA4205D199F9040010B90B431A4301D024
:109FA000FAF732FB062212A94C48F7F797FAF9F7AD
:109FB00047F94F4B04461A78824205D01870FAF7D9
:109FC0004DFA2046F8F748FA4A4B1B78002B47D049
:109FD000002430272546A046474ED6F8A4B0BBF152
:109FE000000F36D0002D7FF408AD4FF0010987F344
:109FF00011885FFA89FA5146DBF81430DBF800006B
:10A000009847002818BF44F0010488F311883A48A3
:10A0100000F0D6FCC0B15146DBF81830DBF8000088
:10A02000984788B187F31188344A5146DBF80430E9
:10A03000DBF80000984788F31188304B00209A6CB9
:10A0400003F1080102F0CCF809F10109B9F1090F97
:10A05000CDD10135032D06F1A806BED1254B1C70CC
:10A06000274CDFF8A090302686F31188236F002557
:10A070001B78042B3FF456AE85F31188224B022047
:10A080001B7813F0100F14BF4FF080724FF48072E2
:10A090001E4B15BF9A619A614FF000724FF4007227
:10A0A0009A61F8F7E5F9194A28B90320F8F7E0F9B9
:10A0B00000283FF4B7AE4FF0807393610120F8F7AA
:10A0C000D7F9124A28B90420F8F7D2F900283FF44A
:10A0D000ACAE4FF000739361FFF753B9DA2A00205A
:10A0E000CC290020D92A0020CA290020D82A002003
:10A0F000CE2900201C2A0020D80E0020D0290020C4
:10A10000D0100020A42A0020EC2A002000040040E7
:10A1100038B580780D46012812D100F0F7FC2C8864
:10A120002878FAF725FBA4F1E003072B00D92CB916
:10A1300004492046BDE83840F8F762B90249F8E71B
:10A1400038BD00BF41360008693600086FF4004290
:10A1500038B5104B00251A634FF0AA321A604FF041
:10A1600055325D609D60DD60DD621A625A623023A7
:10A1700083F31188084C204601F0C8F985F3118853
:10A180000C3C2046054900F0D7FC2046BDE838408D
:10A1900000F090BD00040040901F002094D1000802
:10A1A00090F84A2090F84B00084942EA0022022A1F
:10A1B0000B7807D1012B01D0062B05D14A78044B2F
:10A1C0005A707047024A5370704700BF0031002038
:10A1D0005811002070B590F84410044601F07F0338
:10A1E000212B40F09B8011F0800F90F8453055D026
:10A1F000022B37D0032B27D0012B4FD190F84830BA
:10A2000090F84610022B00F2AD80082900F2AA80D7
:10A21000584AD25C022A00F2A580A820564B00FBC7
:10A220000233D3F8A430002B00F09C80534D5E68BD
:10A2300018682A46B04705F10803A363AB6C0022F7
:10A24000E3632264012070BD90F8482090F8493003
:10A2500052EA032262D14A494A4B897883631970D2
:10A260000123EDE790F8483090F84610022B79D89A
:10A27000082977D83F4AD25C022A73D8A8203E4BDF
:10A2800000FB0233D3F8A430002B6BD05A69186856
:10A2900090473D4B1870A3630123D0E70A2B22D0CF
:10A2A0000B2B0FD0092B39D194F8483094F8492062
:10A2B00043EA022323F0020383BB344B344AA363F3
:10A2C0000223BDE794F8483094F8492053EA02236A
:10A2D00006D194F846302A4A003B18BF01239370F8
:10A2E0000023A363ABE7264B94F8472094F846106D
:10A2F0001A7094F84830022B34D8082932D81D48F7
:10A30000C05C02282ED8A8251B4B05FB0033D3F8D0
:10A31000A4303BB31D691868A847E1E701F09F012D
:10A32000812916D194F84530062B12D194F8492092
:10A33000616894F848304D6843EA0223204694F857
:10A34000472094F84610A84760B14368A3630368A8
:10A3500075E70325084ED6F89C302BB9013D06F170
:10A36000A806F8D100206EE7204698470028F5D0CF
:10A3700068E700BF68D60008D80E0020B030002083
:10A3800058110020FD300020FC300020003100205A
:10A39000A1A10008036843B19100196003490B783B
:10A3A000002A18BF43F001030B7070471C2A0020DD
:10A3B000006810B10068C0F387007047036870B58B
:10A3C0000BB9002070BD302383F31188036800218E
:10A3D0001C685B6881F31188002CF2D04FF47A7608
:10A3E000074A0848D569084AED1AE5FB060100232B
:10A3F000F7F7AEFC84428CBF00200120E2E700BFEB
:10A40000202A00209F860100A08601004B1E072BFA
:10A410000BD850F8213043B19100196003490B78F3
:10A42000002A18BF43F001030B7070471C2A00205C
:10A43000082906D850F8210020B10068C0F3870031
:10A440007047002070470000082970B501D900202E
:10A4500070BD50F82130002BF9D0302383F31188E0
:10A4600050F8213000211C685B6881F31188002CB2
:10A47000EDD04FF47A76074A0748D569074AED1AB6
:10A48000E5FB06010023F7F763FC84428CBF002044
:10A490000120DDE7202A00209F860100A086010020
:10A4A00030BFFDE7034610B51B68984203D09C6897
:10A4B0008A689442F8D25A680B604A601160596009
:10A4C00010BD0000302383F311880D4B5B6813F43B
:10A4D000006312D0EFF309834FF08072203BDA6102
:10A4E00083F30988074A1168D268896892689142A3
:10A4F0008CBF054A054A9A61704783F311887047FB
:10A5000000ED00E0202A0020E3010008E601000839
:10A51000034640691A69824201D1DB681BB950F8D1
:10A52000043B0B60704700231846FAE70369196083
:10A53000C268013AC260C2691344826903619342EE
:10A5400024BF436A036100238362036B03B118478E
:10A550007047000070B50124468904FA01F53543BF
:10A56000458100EB8100C56801F00F01A869826098
:10A57000002203604260C2602BB16A8A013B13442F
:10A58000B3FBF2F39CB2064B0482997321B11A7D9E
:10A5900002F0FE021A7570BD40225A74FBE700BF3C
:10A5A0000040014010B40346006F0278042A12D123
:10A5B000012293F8741044898A4022420BD11A690F
:10A5C0005C69A24201D1DC682CB9DB6910BC043B98
:10A5D0000432FFF7BFBF10BC7047406BFFF7E2BF0C
:10A5E000F0B5012400261D4603898C401C4300EB76
:10A5F000810311F00F0108BF4027DB6804815C690B
:10A600006660E66008BF124E2560A26008BFB173A5
:10A610001B8A08BF7774AB4228BF2B4623610D4CC1
:10A62000D51804EB8104954205D1094A917331B1E3
:10A6300001235374F0BD12F8016B2670F3E7517CCF
:10A64000C168098A8B4234BF0A230223F1E700BFA5
:10A65000004001402040014037B5406BD0F88840B1
:10A660002378042B13D1012390F88C502289AB401E
:10A6700013420CD101A9FFF74BFF024638B129461E
:10A680002046019B03B0BDE83040FFF7A9BF03B0EF
:10A6900030BD000000216022074B10B599735A7439
:10A6A00099735A74436804461B680BB10621984796
:10A6B000062384F8343010BD0040014090F8343057
:10A6C00010B5152B04460CD8012208499A400A42BD
:10A6D00008D1152B05D1036C03B19847002384F8EA
:10A6E000343010BDBDE81040FFF7D4BF410E10005C
:10A6F00090F8343010B5152B04460CD801220849C7
:10A700009A400A4208D1092B05D1036C03B198473E
:10A71000002384F8343010BDBDE81040FFF7BABF05
:10A72000410C300005480178052906D190F85030D9
:10A73000037043681B6803B118477047C0280020A6
:10A7400010B5064A064C117824784B1C03F00F0311
:10A750009C421EBF034C1370605410BDBB280020E8
:10A76000BA280020AA28002010B50446006840B18D
:10A77000826C00210830F6F78FFB002223681A60F4
:10A780005A6010BD70B50026051F00F1200455F871
:10A79000040F38B1826C00210830F6F77DFB2B687E
:10A7A0001E605E60A542F2D170BD0000006810B46A
:10A7B00040B1054C8264E469083040F8044C10BC98
:10A7C000F6F78CBE10BC7047202A002001681346A3
:10A7D00031B18A6C03F108009A640831F6F77EBE45
:10A7E0007047000010B40C78082C0BD850F82400E7
:10A7F00040B1054C8264E469083040F8044C10BC58
:10A80000F6F76CBE10BC7047202A002008291346BA
:10A8100009D850F8211031B18A6C03F108009A640C
:10A820000831F6F75BBE7047054BD96808751868A4
:10A83000026853601A6001220275D860F5F7C0BC47
:10A84000202A002010B50A4C23699A6891420CD83E
:10A850005A6881600360426010609A685860521ABA
:10A860009A604FF0FF33A36110BD1B68891AECE7B3
:10A87000202A0020034BDB68036098610320FFF768
:10A88000D3BF00BF202A0020464A13B5464B52F8DA
:10A89000041C99420CD1002342F8043C83F3148831
:10A8A000424B1A6882F3088862B65B689847FEE7F5
:10A8B0000C20032440F2BE713D4B3E4A9C62D8629C
:10A8C000C2F8941000219962D9629C62D8628020FB
:10A8D000C3F81C0CD3F81C0CC3F81C0C009101919C
:10A8E0004FF40141C3F8481C4FF6FC71A3F57443C3
:10A8F00019630F2119600223136501234BF6803180
:10A90000D364936D03F001030193009B0133009323
:10A91000019B13B9009B8B42F3D1019B03B9FEE766
:10A92000254B26498024C3F800140021A3F5884351
:10A9300099611C62196A012019622021586019600E
:10A940001968196019680143196054679067D16FDD
:10A950000329FCD102229A6001220021DA60144A04
:10A960009162D1629A6C42F400429A649A6CDA6CF9
:10A9700042F40062DA64DA6C9A6C42F020029A6463
:10A980009A6C9A6C42F040029A649A6C9A6C42F00B
:10A9900080029A649A6C9A6C42F480729A649B6CFE
:10A9A00002B010BD00700020EFBEADDE00E0FF1F62
:10A9B000000001400004014000500140130000036A
:10A9C000302383F31188026943699A4210D1C36826
:10A9D00083B10123D0F8882090F88C1012898B4025
:10A9E00013420CBF01200020002383F3118870471D
:10A9F0000020F9E71846F7E77047FEE770B508252D
:10AA0000134C606823680146A268043B8A4219D847
:10AA1000D31C1B1AC11E23F00303914288BF0023DD
:10AA20001844E368C11EDA1C121A22F0030299428C
:10AA300088BF00220021F6F72FFA013D04F110042F
:10AA4000DFD170BD53F8046F41F8046BDEE700BF3F
:10AA5000E8D500080C4B10B41868D9680268536038
:10AA60001A600122D860002302758A680B750B6991
:10AA70001B689C689442FBD85A680B604A6010BC03
:10AA800011605960F5F79CBB202A002070B5114E6B
:10AA90004B1C0446F56886B019D00F4B68460393EB
:10AAA000002304950593FFF7CDFE2046FFF7BCFE7B
:10AAB000009B4BB19A6802990A449A60019A13600C
:10AAC0005A604FF0FF33B361A86906B070BDFFF75D
:10AAD000ABFEF9E7202A0020C7B40008044B1A682F
:10AAE000DB6892689B689A4201D9FFF7B3BF704751
:10AAF000202A0020302383F31188034BDB68986100
:10AB00000F20FFF791BE00BF202A002008B50146A4
:10AB1000302383F311880820FFF7B8FF002383F365
:10AB2000118808BDEFF30983203383F309880023DC
:10AB300083F31188704700000346302210B582F37A
:10AB4000118802784160012A27D1354A904245D1C7
:10AB5000344A906C40F480509064906CD2F890002D
:10AB600040F48050C2F89000D2F8900020F4805059
:10AB7000C2F89000A020D2F890202B4A82F81A0345
:10AB80004FF08060C2F8800110605868DA69008A6E
:10AB90005061106940F001001061CA898989DC693F
:10ABA0000A4342F0070292B222601A8E4AB9012289
:10ABB000A261A16991422FD10132B2F5807FF7D114
:10ABC0001A860020A061E061E26A22F0FF02E262E0
:10ABD000A26C02221A7080F3118810BD134A9042B1
:10ABE000DBD1104AD06C40F01000D064D06CD2F8A9
:10ABF000940040F01000C2F89400D2F8940020F0C5
:10AC00001000C2F894009020D2F89420064A82F8EE
:10AC10001B034FF00060B5E7012A08BF0022CFE711
:10AC20001C310020000C014000E100E0841F0020E6
:10AC3000302383F311880378022B19D10022C369D2
:10AC40009A60D96A21F0FF01D9629B6C154B98423A
:10AC500015D14FF08061144BC3F88010C3F88011F8
:10AC600083F81A23114B9A6C22F480529A649B6CDD
:10AC7000002301224360027083F3118870470C4B5C
:10AC80009842F5D14FF00061074BC3F88010C3F82C
:10AC9000801183F81B23054BDA6C22F01002DA6472
:10ACA000DB6CE5E71C31002000E100E0000C014016
:10ACB000841F0020302383F31188436899685A6801
:10ACC0004FF480338B409361002383F311887047E6
:10ACD000302383F31188436899685A6801238B40B5
:10ACE0009361002383F31188704710B5302484F3F7
:10ACF00011880324047091B18362038E02625B08A1
:10AD00008B4228BF0B46C2694162C1629361013B1D
:10AD1000D361D36A43F01103D362012393600830F7
:10AD2000FFF7A8FD002383F3118810BD08B5302379
:10AD300083F311880323037099B100238362038E88
:10AD400002625B088B4228BF0B46C2694162C16246
:10AD50009361013BD361D36A43F01103D3620123B2
:10AD600093600830FFF786FD002383F3118808BD48
:10AD700008B5302383F311880323037099B10023AE
:10AD80000362038E82625B088B4228BF0B46C26956
:10AD90004162C1629361013BD361D36A43F0110305
:10ADA000D362012393600830FFF764FD002383F32F
:10ADB000118808BD00207047162303604FF0FF3054
:10ADC0007047184670470020704708B513460021A9
:10ADD00058221846F6F760F84FF4005242600020FF
:10ADE00008BD0120704700000346302230B582F3D1
:10ADF00011880C4A1068556809182CBF01240024DA
:10AE00008D4207D2002282F311880C224FF0FF30CE
:10AE10001A6006E0002CF5D1116084F31188002837
:10AE2000F3D030BDB81F002072B6024B024ADA657B
:10AE3000FEE700BF202A0020D3D2000872B6024BE2
:10AE4000024ADA65FEE700BF202A0020D8D20008B7
:10AE5000012070477047000010B5074C6369DB079D
:10AE600004D5064A13680BB1506898470123636103
:10AE7000BDE81040FFF726BB00180040041F00206B
:10AE800010B5074C63699B0704D5064A93680BB15C
:10AE9000D068984702236361BDE81040FFF712BBFA
:10AEA00000180040041F002010B5074C63695B07C1
:10AEB00004D5064A13690BB15069984704236361AE
:10AEC000BDE81040FFF7FEBA00180040041F002044
:10AED00010B5074C63691B0704D5064A93690BB18B
:10AEE000D069984708236361BDE81040FFF7EABACC
:10AEF00000180040041F002010B5074C6369DB06F2
:10AF000004D5064A136A0BB1506A9847102363614F
:10AF1000BDE81040FFF7D6BA00180040041F00201B
:10AF2000164B10B55C69A30604D5154A936A0BB19C
:10AF3000D06A9847600604D5114A136B0BB1506B69
:10AF40009847210604D50E4A936B0BB1D06B9847F6
:10AF5000E20504D50A4A136C0BB1506C9847A3055F
:10AF600004D5074A936C0BB1D06C9847BDE81040EC
:10AF70004FF47872014B5A61FFF7A4BA00180040F1
:10AF8000041F00201A4B10B55C69620504D5194AEC
:10AF9000136D0BB1506D9847230504D5154A936D79
:10AFA0000BB1D06D9847E00404D5124A136E0BB173
:10AFB000506E9847A10404D50E4A936E0BB1D06E23
:10AFC0009847620404D50B4A136F0BB1506F984732
:10AFD000230404D5074A936F0BB1D06F9847BDE89F
:10AFE00010404FF47C42024B5A61FFF76BBA00BF2E
:10AFF00000180040041F0020C9434FF0553301637F
:10B0000002F003015943016042F380014160C2F341
:10B01000C10159438160C2F341115943C160C2F378
:10B02000C1214B43C3624FF01133C2F3C3125A43E1
:10B030000262426270470000302370B583F31188CA
:10B04000154D2946EA690132EA6151F8102F8A420A
:10B0500006D1002383F31188BDE87040FFF732BAB0
:10B060001E469168013991602C69A368002BF0D1CC
:10B07000226861680A605160236083F3118820466A
:10B08000E3682169984786F3118861690029EBD04C
:10B090002046FFF7D7FBE7E7202A00202DE9F04FF5
:10B0A000DFF8D4B089B002909BF80000F9F7C4F93A
:10B0B000324F334A3B7915885B0803FB0555314B0A
:10B0C000C4B2C0F3072AC5F3072503EB440603F116
:10B0D000FC08E3B29A4507D8BAF1500F8CBF0020A4
:10B0E000012009B0BDE8F08F18F804309BF801206A
:10B0F00013423DD096F85A1096F85B2070391FFA2B
:10B1000081F909FB09F0203A92B202FB020080B2F9
:10B110000392F9F7DFF80095034697F801C0B87875
:10B1200097F803E0039A4CEA002012B20FFA89F173
:10B13000DDF808C040EA0E40E0478DF81400C0F387
:10B140000723C0F307408DF816008DF81530059BD6
:10B15000ADF818301B0C8DF81A300698F9F73EF848
:10B16000C0F30743C0F30722C1B22046F9F762F9E2
:10B1700002360134ADE700BFB00E0020502B002096
:10B18000282C002084D400082DE9F04FDFF8C0A05F
:10B1900089B081469AF80000F9F74EF9DFF8B480DB
:10B1A0002D4A98F8043014889B0803FB0444C4F328
:10B1B0000724C6B2C0F3072504F14000C0B2F9F776
:10B1C000C3F8803843B220460393F9F7BDF8DFF89F
:10B1D0008CB0A0F180077FB2F3B29D4206D8502D0B
:10B1E0008CBF0020012009B0BDE8F08F1BF80620BD
:10B1F0009AF801100A4228D0009498F8022098F892
:10B20000010098F803C040EA022003993A4640EA58
:10B210000C40C8478DF81400C0F30723C0F3074063
:10B220008DF816008DF81530059BADF818301B0C05
:10B230008DF81A300698F8F7D1FFC0F30743C0F332
:10B240000722C1B23046F9F7F5F80136C4E700BF6E
:10B25000B00E0020502B0020282C002080D50008A4
:10B2600037B5144B0446034493F8FC20124B5B782B
:10B270001A421DD0F9F756F80546F9F753F80F4A68
:10B2800040F35703D2787F338DF801308DF80220D8
:10B290008DF800500098F8F7A1FFC0F30743C0F302
:10B2A0000722C1B2204603B0BDE83040F9F7C2B86A
:10B2B00003B030BD84D40008B00E0020502B002015
:10B2C0002DE9FF47DFF89490074699F80000F9F759
:10B2D000B3F8234E234B35791B88AD0802355D4307
:10B2E000DFF884A0C0F30728C5F30725C4B2E1B294
:10B2F000884507D8B8F1500F8CBF0020012004B05A
:10B30000BDE8F0871AF8043099F80120134223D0E1
:10B31000B2787378F07843EA022343EA00402A4681
:10B32000B8478DF80400C0F30723C0F307408DF839
:10B3300006008DF80530019BADF808301B0C8DF828
:10B340000A300298F8F74AFFC0F30743C0F3072218
:10B35000C1B22046F9F76EF80134C8E7B00E0020FC
:10B36000502B0020282C002080D500082DE9F04F1C
:10B37000DFF88890074685B099F80000F9F75CF887
:10B380001F4E204B35791B88AD0802355D43DFF831
:10B3900078A0C0F30728C5F30725C4B20136AAF187
:10B3A000A20BE3B2984507D8B8F1500F8CBF00202C
:10B3B000012005B0BDE8F08F1AF8043099F801209B
:10B3C000134216D00322314602A8F6F787F81BF87D
:10B3D000143087B12B44DBB28DF808300298F8F7AF
:10B3E000FDFEC0F30743C0F30722C1B22046F9F7C0
:10B3F00021F80134D5E75B1BEDE700BFB00E00205C
:10B40000502B0020282C002080D500082DE9F74F74
:10B410001C469946FF23C2EBC202520092B2B2FB15
:10B42000F3F306464FF0150B0F469DF83010C4F3AA
:10B43000072A5FFA89F9C4F3074401FB099901FB64
:10B440000AAA01FB04441A445FFA83F802F0FF05DC
:10B450004FEA29294FEA2A2A24125FFA8BF39E42E7
:10B4600017D89F4215D9C3F11503DBB2984518D8F8
:10B4700019D1294601FB044301FB0AA201FB0991F2
:10B480005846C3F30723C2F30722C1F30721F8F795
:10B49000D1FF0BF1FF3BBBF1070FDED103B0BDE8DD
:10B4A000F08FFF21E6E70021E4E7002382680375BF
:10B4B00003691B6899689142FBD25A680360426035
:10B4C00010605860704708B50846302383F3118830
:10B4D0000A7D0023052A06D8DFE802F00B050503E4
:10B4E000120E826913604FF0FF338361FFF7DDFFB7
:10B4F000002383F3118808BD826993680133936048
:10B500004268036813605A60EDE7000038B581684F
:10B51000164B0446DD6891B92B6A8560C3602862CA
:10B5200038BD8B600B7D7BB1062B14D10B684A684C
:10B53000886913605A60FEF7B5FF8B699968AB683C
:10B540008A689A42EDD306E04A680B6808461360A1
:10B550005A60FFF7AAFF20462946FEF7A3FFAC6119
:10B560000620BDE83840FFF75FB900BF202A002061
:10B5700008B5302383F311880C30FFF7C7FF002391
:10B5800083F3118808BD0346006820B100221A60C9
:10B590008161FFF78ABF70472DE9F04190F83430A0
:10B5A00004463BB1836823F0011383600023C36327
:10B5B00080F83430A94904F1440304F14C0691F8B1
:10B5C000202003F8012BB342F9D163689B68DBB9F3
:10B5D00094F8443013F060053ED0002160229F4B68
:10B5E00099735A7499735A7463681B6813B106216E
:10B5F00020469847A36823F00113A3600023E36368
:10B60000062384F8343025E0204698470028DFD010
:10B6100094F84B2094F84A3043EA0223E26B9A42B2
:10B6200094F9442088BFE363002AE36B80F24881E9
:10B63000002B00F05381092384F83430302383F346
:10B64000118800212046E36BA26BFEF7C9FF00239F
:10B6500083F31188BDE8F08194F8452003F07F035F
:10B6600043EA022340F20232934200F015811FD8D0
:10B67000B3F5807F4BD00BD8012B42D0022B00F0CA
:10B68000CA80002BA9D10222A663E2632364BFE72C
:10B69000B3F5817F00F0EA80B3F5407F9DD194F847
:10B6A0004630012B99D1B4F84C3043F0020337E017
:10B6B000B3F5006F51D01CD8B3F5A06F36D0A3F509
:10B6C000C063012B89D894F84920616894F8483008
:10B6D0004E6843EA0223204694F8462094F8471027
:10B6E000B04700283FF479AF4368A3630368E3637E
:10B6F0001AE0B3F5106F35D040F6024293427FF462
:10B700006CAF574BA3630223E3630023BEE794F8B7
:10B710004630012B7FF461AFB4F84C3023F00203C4
:10B72000A4F84C30A563E563256471E7B4F84430B0
:10B73000B3F5A06F0DD194F84630484A84F84E30E6
:10B74000137063681B6813B10121204698470323D7
:10B7500023700023A363E36398E704F14F03A3631B
:10B760000123C4E72378042B45D1302383F31188C8
:10B77000A36804F10C0603F00113A36004F1180898
:10B7800056F8047F6FB1786920B16FF001010C3079
:10B79000FFF7F9FEB86920B16FF001010C30FFF737
:10B7A000F2FE46453560EBD100212C4B4FF0400CAA
:10B7B000DA79082602F00102DA7180275D7201222F
:10B7C0000D4610209A730132D2B2042A9D7483F878
:10B7D00011C05E745E745D751F7518751875F1D1B2
:10B7E00081F3118884F84F100321636821701B686E
:10B7F0000BB12046984794F84630002BA9D084F826
:10B800004F300423237063681B68002BA1D00221F2
:10B81000204698479DE794F8483003F00F0213F054
:10B82000800F0E4B9A7311D042B95A7C50070BD43B
:10B83000DB79DB077FF5D1AE0A4B63E7597CCD0698
:10B8400002D4DB791341F4E7074B5BE7002AECD025
:10B85000197D8906F8D45B7AF4E700BF0040014007
:10B86000E4D50008E0D50008E2D5000894F8463099
:10B87000002B7FF4B2AE94F8483013F00F023FF47F
:10B8800068AF13F0800F184B9A7302D040225A749D
:10B890005FE780221A755CE794F84630002B7FF44E
:10B8A0009CAE94F8483013F00F023FF452AF13F0FF
:10B8B000800F0D4B9A7301D01022E8E72022E9E7B0
:10B8C00063B1152384F83430302383F311880021C9
:10B8D0002046E36BA26BFEF73DFEB8E64821024A24
:10B8E000937351748DE600BF0040014070B504466B
:10B8F000C5692E6BC26A6B6A9A4234BFC36A6B6AAF
:10B90000013B30D2E36A002B39D1EB620223237072
:10B9100063681B680BB120469847302383F3118876
:10B92000002104F10800FFF72EFE002383F31188A5
:10B93000F30717D5286A228E666AE36A616AD31A0A
:10B940003344121A934228BF134699424FF6FF71AF
:10B9500038BF636A013B1BD2636A1BB9EB6A23F0F1
:10B960000103EB6270BD296EE26A013AE262A26AEB
:10B97000002AC5D01170A26A0132A262C0E7E26A51
:10B98000EB699A429EBFE36A03F1FF33EB61CFE7B5
:10B99000626A013A6262226A0AB92966DAE712F833
:10B9A000010B28662262D5E708B50348FFF79EFF22
:10B9B000BDE80840FEF786BD1C31002008B50348ED
:10B9C000FFF794FFBDE80840FEF77CBD841F002010
:10B9D000F8B5294C851C04EB85035E68274AB369DA
:10B9E00090730146107DC00739D59868917392F81D
:10B9F00017C0927D224F42EA0C2207EB810700EB31
:10BA0000020C60452CD19868104498605868104426
:10BA100058601868801A1860188A013880B2188235
:10BA2000738A934200D800BB012263898A4023EACB
:10BA30000203638104EB85035B68DB680BB10E488E
:10BA40009847302383F3118804EB85046368986971
:10BA500041680C30FFF797FD002383F31188F8BD90
:10BA600097F800E000F801EBCBE7044A137D03F000
:10BA7000FE031375F3E700BFC0280020004001401B
:10BA800020400140F8B5204C861C04EB86035D681D
:10BA900001466A69D2E90003834218D3012223894F
:10BAA0008A4023EA02032381AB680BB12046984702
:10BAB000302383F3118804EB8604636800215869FE
:10BAC0000C30FFF760FD002383F3118817E00F4F60
:10BAD000B97317693B445360C31ADFD0288A984270
:10BAE00028BF1846936810613B449360084A184485
:10BAF00002EB8102984203D10122044B5A74F8BD33
:10BB000013F8011B1170F5E7C02800200040014028
:10BB1000204001402DE9F84F894B9B799E07DFB209
:10BB200001D5FEF7FFFD7D074BD54FF00008854C92
:10BB30000223264604254FF03009C2462370C4F87C
:10BB40004C80C4F83C8046F8088F56F8043FABB1EF
:10BB500089F31188D6F800B0DBF8140020B16FF03B
:10BB600001010C30FFF70FFDDBF8180020B16FF07A
:10BB700001010C30FFF707FD8AF31188013DC6F87B
:10BB80000080E2D16E4B84F83450DD715D726068E4
:10BB9000C2681AB1DA7A42F00802DA7200216A4BFE
:10BBA000E360674B9973DA7942F00102DA7101229E
:10BBB0005A70DA7A42F00102DA7203680BB1614816
:10BBC00098473C0712D55F4C6368DB6823B95C4A31
:10BBD000D37A03F0F703D3722378052B01D1FEF754
:10BBE000A1FD6368DB680BB156489847544B9A78BF
:10BBF0001D7902F0FF06EDB242B9002D37D1FB07E7
:10BC000000F1E580BDE8F84FFEF75CBCF00729D5F0
:10BC100000214C4CE068997393F811C01CF0040F9C
:10BC20005FFA8CF21CBF597484F8341012F01001C2
:10BC30000CD08021424B5974002384F83430D10752
:10BC400010D5436800213F4898470BE094F8343002
:10BC5000152B7BD006D8092B23D003D8002BEED090
:10BC6000062BECD0B20702D50120FFF70BFF7307BC
:10BC700002D50220FFF706FF340702D50320FFF7A5
:10BC800001FFA80702D50120FFF7A2FE690702D530
:10BC90000220FFF79DFE2A07B1D50320FFF798FE8B
:10BCA000ADE7DFF89CC043699CF81120D1B212F0D7
:10BCB0000202D7D101F011011129D3D08CF80E2046
:10BCC0005A68D3F810E0D3F800800EEB02015960F7
:10BCD000B8EB0101028A16D08A4228BF0A46996849
:10BCE0001A61714499608B188B4207D1038A9A427A
:10BCF00034BF0A2202228CF81120B3E711F8014B5D
:10BD00008CF82040F0E7964504D10A228CF81120E7
:10BD10001961A7E7238923F00103238183680BB10D
:10BD200008489847302383F311880021E368586955
:10BD30000C30FFF728FC002383F3118892E700BF43
:10BD400000400140C0280020ECD20008DFF8DCE011
:10BD500083699EF81120D20784D59A688EF80E1058
:10BD60009EF816C05FFA8CF19444944527D19A68E6
:10BD70000A449A605A680A445A601A68521A1A6049
:10BD80001A8A013A92B21A82438A8B424FF000011A
:10BD9000264B997300D8BAB948225A74638923F0A4
:10BDA00001036381E368DB6813B1002120489847F1
:10BDB000302383F31188E36898694168B8E79EF8F7
:10BDC000208002F8018BD0E740225A744AE7184DD0
:10BDD0002B78052B3FF416AF85F8503005232B70D8
:10BDE0006B681B6813B1042128469847002430274C
:10BDF000A046AC600F4D55F8043F93B187F311880E
:10BE00002E68706920B16FF001010C30FFF7BBFBA9
:10BE1000B06920B16FF001010C30FFF7B4FB88F37B
:10BE200011880134042CE6D1ECE600BF004001404B
:10BE3000C0280020C8280020164A38B500F10C019F
:10BE40000346D068302282F31188DC689A69A142E7
:10BE500002621BD0446A82B98460D8680268DA60E2
:10BE60005160026A58619A610162FFF71EFBFEF79A
:10BE700035FE002383F3118838BD1568AA4203D02C
:10BE8000AD68AC4238BF2C46D268E4E700225A6164
:10BE9000EFE700BF202A002003460068834206D057
:10BEA00002681A60536000238361FFF7FEBA70478F
:10BEB00000EB8103F7B59C6905460E46002C3AD08D
:10BEC000302383F311880023226984F8A03063694A
:10BED0009A4201D1E36803BB05EB8603DB685B692B
:10BEE0001B68D3B1D4F8A47047B101A92046FEF76E
:10BEF0000FFBBB680146019A38689847E368E2691E
:10BF00000133E360636920461344A269636193428D
:10BF100024BF636A6361FFF7BFFF204601A9FEF7F4
:10BF2000F7FA024648B1019B31462846FEF758FB16
:10BF3000002383F3118803B0F0BD05EB8603DB68B3
:10BF40001A68022AF4D15A691268002AF0D01B8AB2
:10BF5000013B1340ECD105F14402E5E701F109038F
:10BF600010B550F8234034B3302383F3118800EB2D
:10BF70008100C3689B695B68BBB194F87420236F30
:10BF8000204603EB8203DB689B695A6823691A60C9
:10BF9000E2680132E260E2691344A26923619342DC
:10BFA00024BF636A2361FFF777FF2046FEF7FAFAA2
:10BFB000002383F3118810BD38B504466FF00105E6
:10BFC0002068844200D138BD036823605C608561CD
:10BFD000FFF76BFAF4E7026AC260426A42610261EB
:10BFE00000228262C262FFF7E7BF000008462DE927
:10BFF000F843052900F2D980DFE811F0AD00D70041
:10C000000600AD00AD00D900302383F3118800276E
:10C010003E466F4D6F4CD5F8883095F88C90E86CA3
:10C0200003EB890805F13803C8F80C3018B1142265
:10C030000021F4F731FF286D18B114220021F4F724
:10C040002BFFD8F80C2009F00F01A173136803F03F
:10C050000303002978D0022B4DD0032B4BD0012BAA
:10C0600025D153690BB993690BB3E020594B4FF0BD
:10C07000010C9874108A0CFA01F1C0F3C70018740F
:10C0800040205874082058745874D879C9B20843AD
:10C09000D871C0205875528AC2F3C702DA74802260
:10C0A0001A7510221A751A755A7A11435972284650
:10C0B0000137FFF790FF032F2E7205F1A805AAD1D3
:10C0C000454C636A204663612361E660A662E662CE
:10C0D000FFF772FF20462672FEF764FA86F3118896
:10C0E0003E4B1B7813B10520FEF72AFB0220BDE86A
:10C0F000F843FEF725BB536983B10023A374138A69
:10C100000120C3F3C70323744023637408236374BB
:10C110006374E37988400343DBB2E3719369002BD6
:10C12000C5D000232B484375538A0122C3F3C703AC
:10C13000C37480230375102303750375437A8A4003
:10C140001343DBB24372B2E7002BB0D1E37943F083
:10C150000103E371ABE7FEF7F3FA302383F31188B1
:10C16000032501261A4C20462672FFF725FF20469C
:10C17000FFF731FFD4F8A43013B1DA68186890479C
:10C18000013D04F1A804EED10123134C2046237293
:10C19000FFF712FF636A2046E56063612361A562D1
:10C1A000E562FFF709FF85F31188BDE8F8833023C6
:10C1B00083F311880023064A137282F8B03082F8A4
:10C1C0005831054A137283F3118805208FE700BFA9
:10C1D000D80E002000400140D0100020BC280020D4
:10C1E0002DE9F74F302307468A46904683F311889E
:10C1F000A824514D04FB0054D4F888301B78042B3C
:10C200004FF0000304D083F3118803B0BDE8F08F32
:10C2100042F2107994F8A020002A14BF00224A4666
:10C22000009283F31188302383F311884FF00009C3
:10C230005646DFF808B1A26A3AB9E26852B32269F9
:10C24000111DA162E1690A44E262A06AE26AA8EBF8
:10C250000901121A8A4228BF0A46402A43D93146A8
:10C260004022F5F73BF9A16A4036403109F1400917
:10C27000E26AA1628A4204D8E16920460439FEF7E5
:10C2800055F9002282F31188C8451BD9302282F368
:10C290001188D0E7227A7AB9009BDBF80C205BB1D9
:10C2A00061681460516004200A6042F2107162609B
:10C2B000FEF7ECFB0028C0DA4FF0000B8BF311887F
:10C2C000C8451AD8302383F31188A82303FB0755E8
:10C2D000A96A31B12B690439C91A02D02046FEF788
:10C2E00025F900238FE731460192F5F7F7F8019A17
:10C2F000A16A164411449144BAE7302282F31188AE
:10C30000A82606FB075696F8A0200123B9F1000FD6
:10C3100008BF42F00102204686F8A0203372FFF7E2
:10C320004BFE2046FFF757FE86F808B0FEF7D6FB17
:10C330008BF3118877E700BFD80E0020202A002059
:10C34000014608220120FFF74BBF014620220020B2
:10C35000FFF746BF014606220020FFF741BF014616
:10C3600003220020FFF73CBF20290A4603D10146E3
:10C370000220FFF735BF70472DE9F0411F460C46FC
:10C380001646254B68B11970F8F768F8234B04F08E
:10C39000070418800120A040C0B2BDE8F041F7F7C3
:10C3A00045B91D788D422FD11C4BB3F80080F8F7AA
:10C3B00055F8A0EB080292B2C72A25D806F120044E
:10C3C000B542E4B211D04FF0010805F0070508FAB4
:10C3D00005F0C0B2F7F734F9072C06D806F00703CA
:10C3E00008FA03F0C0B2F7F721F900213846FBF74D
:10C3F00025F9072C0DD8012006F00706B040C0B281
:10C40000BDE8F041F7F71CB9012004F00704A04093
:10C41000F5E7BDE8F08100BFE42A0020AE3000203F
:10C4200030B5094B9C78DD78621C02F0030295421E
:10C4300009D09A701A7800F07F001C4440EAC111BC
:10C44000013221711A7030BDC12900202DE9F04F51
:10C450008318B3F5006F04460E46154685B051D8D3
:10C46000DFF8A8B000EB0B0739463046F5F7F2FBD2
:10C47000002847D02A4631463846F5F72FF8F7F717
:10C4800083FE824648B14FF000084FF000094DB9D5
:10C49000F8F7B6FBBAF1010F34D105B0BDE8F04FA3
:10C4A000F7F77EBE052D2F4628BF0527C4F30243AC
:10C4B00043EAC703CDE900893A4631468DF800309A
:10C4C0000DF10300230A8DF801308DF80240F5F7D5
:10C4D00005F8DDE90023DBF80008CDE9022302A915
:10C4E0000122F8F7CBFA0028D4D0DBF80038083363
:10C4F000CBF80038F8F784FB0128CBD1ED1B3C4486
:10C500003E44C4E705B0BDE8F08F00BFC01F002067
:10C51000034608469918B1F5006F03D8024919443B
:10C52000F4F7DCBF704700BFC01F002010B5F7F75D
:10C530002BFE044618B9BDE81040F7F731BEF8F7F6
:10C5400059FAF7F73BFE012CF5D010BD2DE9F04369
:10C55000002401264FF0300885B0DFF86C929B4F25
:10C5600001940294039459F8041B4B1C3BD10134F1
:10C57000E4B276000F2CB6B2F5D10C22944801A992
:10C58000F5F768FB934C002800F082800C2201A98B
:10C590008F48F4F7A3FF01232370F7F75FFF8E4B5B
:10C5A0001860F7F7AFFC44F61F628C4C8C4B266882
:10C5B0001B68F31A934213D9F7F7F2FC80B9894D3F
:10C5C0002B88002B7DD1F3F743FE40F2E24290FB33
:10C5D000F2F101FB1200236803F28A2303442B804B
:10C5E00005B0BDE8F08388F31188012221F00F0027
:10C5F00001F00F0102FA01F529462D04FEF7FCFCBB
:10C600008561002383F3118800BF00BF00BF00BF16
:10C6100000BF00BF00BF00BF00BF00BF00BF00BF22
:10C6200000BF00BF00BF00BF00BF00BF00BF00BF12
:10C6300000BF00BF00BF00BF6FEA060C6A4D01A833
:10C6400055F8041B30F8022BB1F1FF3F1DD021F04B
:10C650000F0EDEF810E001F00F012EFA01F1C9070C
:10C6600013D432430133DBB2062B20F8022CE7D17E
:10C6700059F8040C421C01D0F7F765FD7A687B6815
:10C680009B1AB3F5346FFAD371E702EA0C02E9E7BB
:10C690002378002B85D0504B1D68F7F7DFFE401B39
:10C6A00004287FF67EAF0C2249495048F5F7D2FAAC
:10C6B00020B10C2246494D48F4F710FF00232370A7
:10C6C0006FE7F61A33048BD4494B1B789B08123B57
:10C6D000042B20D8DFE803F00350676F0300F3F763
:10C6E000B7FD062390FBF3F202FB1300002834D1C0
:10C6F000F3F7AEFD052390FBF3F303EB8303C01ABE
:10C70000032826D8DFE800F002191D21202239492C
:10C710003948F7F7DDFCF3F79BFD40F2E24290FB6E
:10C72000F2F101FB1200236803F28A2303449BB257
:10C73000002B7FF454AF012351E720222F493048CA
:10C74000E7E720222F493048E3E720222F493048ED
:10C75000DFE718222F493048DBE7F7F7A3FCFF2873
:10C760000646D8D02788F7F797FB012302463946BB
:10C770003046F7F7AFFBCEE7F7F794FCFF28CAD0B7
:10C78000264E274F337806225A43D4F800C0B918F2
:10C7900027F802C00122134403F007038870CA700F
:10C7A0000A713370B7E7F7F77DFCFF28B3D01D4E51
:10C7B0001D4F3378E7E7F7F775FCFF28ABD0012270
:10C7C0002188F7F79BFCA6E720D30008001000E0C3
:10C7D000D4270020AC300020A8300020282C0020D6
:10C7E000F42B0020F02B00205CD30008142900203B
:10C7F000502B0020A0300020841E0020A1300020FB
:10C80000041E0020A2300020841D0020A330002040
:10C81000041D0020A4300020A41C0020901C002037
:10C82000C02B0020981C0020902B0020F0B50D4B51
:10C830000D4C1B7826780D4CB34201D10020F0BD81
:10C8400004EBC3056F788F4206D114F8337087422A
:10C8500002D16D79954203D1013303F00703EBE771
:10C860000120ECE7F02A0020EF2A0020F22A002025
:10C8700070B50546501EC0B202288CBF1226274C48
:10C8800001F12C0198BF265C25482C3300EB4104B4
:10C8900000EB43008378A178C078C91AE37806FBDF
:10C8A00006F41B1A5B4301FB01318C4233D31D4B51
:10C8B0004FF6FF701B790133FF2B28BFFF23B0FB1E
:10C8C000F3F319480068401B80B2834223D9C0EBC0
:10C8D0000020B0FBF3F0C1EB0123B3FBF4F3C04342
:10C8E000DB43C0B2DBB200FB0333012A4FEA232350
:10C8F00003D0022AD8B205D070BD9A225343C3F3A5
:10C900000720F9E70522B0FBF2F01844FF2828BF02
:10C91000FF20C0B2F0E70020EEE700BFDDD5000841
:10C9200084D40008502B0020282C0020FF2307B5BA
:10C930000322C8214F2001930093F7F7D5FD03B0E0
:10C940005DF804FB184B10B51C785CBB0122082174
:10C950001A7016482246FEF74FFB22462021134844
:10C96000FEF74AFB224610211048FEF745FB4FF424
:10C970007A70FEF7CBF841F6822208210B48FEF7C9
:10C980003BFB40F2822220210848FEF735FB40F2B3
:10C99000822210210548FEF72FFB0548FEF748F9D3
:10C9A000044B1C7010BD00BF023100200004004089
:10C9B0001C3100201831002010B504461C48FEF739
:10C9C000D7FD1C48037823B11948FFF735FA00203A
:10C9D00010BD21684B1CF7D0E288002AF4D0164B1A
:10C9E00092001A826279032A05D8DFE802F0021A5F
:10C9F0001D1F0022DA600124047021F00F0001F0F5
:10CA00000F019960224604FA01F15860FEF7F4FA2A
:10CA100009490748FEF790F80548FEF74BF920460C
:10CA2000D6E74FF48002E5E78022E3E7034AE1E737
:10CA30001C3100201831002004310020800040000B
:10CA40001FB5ADF80A300123019001A88DF8081038
:10CA50008DF809200393FFF7AFFF05B05DF804FBE5
:10CA60001FB501218DF807000DF10F0304480DF1EA
:10CA70000702FEF73AF99DF80F0005B05DF804FBD8
:10CA80001C310020002307B5012106480DF10702E3
:10CA90008DF80730FEF76CF99DF8070003B05DF8DC
:10CAA00004FB00BF1C31002008B502460248FEF717
:10CAB0003DF9002008BD00BF1C31002008B502462A
:10CAC0000248FEF755F9002008BD00BF1C310020C8
:10CAD00010B5084C23783BB10748FEF7F9F8064833
:10CAE000FEF7A6F8002323700348BDE81040FFF7C7
:0CCAF000A3B900BF183100201C31002049
:10CAFC00A6FF800000FF7F00FFFF7F80C8FF7F0044
:10CB0C000020202020202020202028282828282011
:10CB1C002020202020202020202020202020202009
:10CB2C002088101010101010101010101010101071
:10CB3C001004040404040404040404101010101061
:10CB4C00101041414141414101010101010101012B
:10CB5C00010101010101010101010101101010107D
:10CB6C0010104242424242420202020202020202FD
:10CB7C000202020202020202020202021010101051
:10CB8C002000000000000000000000000000000079
:10CB9C000000000000000000000000000000000089
:10CBAC000000000000000000000000000000000079
:10CBBC000000000000000000000000000000000069
:10CBCC000000000000000000000000000000000059
:10CBDC000000000000000000000000000000000049
:10CBEC000000000000000000000000000000000039
:10CBFC000000000000000000000000000000000029
:10CC0C000005010902A10185020901A1000509190C
:10CC1C0001290815002501950875018102050109F6
:10CC2C003009311581257F95027508810609381563
:10CC3C0081257F950175088106050C0A380215813E
:10CC4C00257F950175088106C0C005010980A101E9
:10CC5C00850319012AB700150126B7009501751037
:10CC6C008100C0050C0901A101850419012AA0024B
:10CC7C00150126A002950175108100C00501090659
:10CC8C00A1018506050719E029E71500250195087E
:10CC9C00750181020507190029EF1500250195F092
:10CCAC007501810205081901290595057501910287
:10CCBC00950175039101C00660FF0961A10109622C
:10CCCC00150026FF009520750881020963150026C2
:10CCDC00FF00952075089102C005010906A1010508
:10CCEC000719E029E71500250195087501810295C2
:10CCFC0001750881010507190029FF150026FF00A1
:10CD0C0095067508810005081901290515002501EE
:10CD1C00950575019102950175039101C030313271
:10CD2C0033343536373839414243444546002A03BB
:10CD3C0052006F00790061006C0020004B006C0009
:10CD4C007500640067006500200052003700350054
:10CD5C002000490053004F000000060352004B0016
:10CD6C0000000403090409025B00030100A0FA0996
:10CD7C0004000001030101000921110100012244FA
:10CD8C0000070581030800010904010002030000EB
:10CD9C000009211101000122220007058203200055
:10CDAC000107050203200001090402000103000031
:10CDBC000009211101000122B600070583032000A0
:10CDCC000112010002000000402D3483E401000137
:10CDDC000203014422B60000E5CC0008C3CC0008D5
:10CDEC000DCC000884CD00089DCD0008BDCD0008F9
:10CDFC0029003A003B003C003D003E003F00400053
:10CE0C00410042004300440045004C00A80035009E
:10CE1C001E001F00200021002200230024002500FA
:10CE2C00260027002D002E002A004A002B0014009B
:10CE3C001A000800150017001C0018000C00120046
:10CE4C0013002F00300028004B003900040016009E
:10CE5C00070009000A000B000D000E000F00330044
:10CE6C003400000031004E00E10064001D001B0086
:10CE7C0006001900050011001000360037003800BC
:10CE8C00E50052000000E000E300E20000000000BA
:10CE9C002C00000000000000E600215200005000B1
:10CEAC0051004F000100B300B500B100B200AF005B
:10CEBC00AD00AC00AE00AB00A800AA00A900470072
:10CECC004800010001000100010001000100010007
:10CEDC0001000100010001000100010001004600F9
:10CEEC00010001000100010001000100010001002E
:10CEFC00467845782B78447843784278490001008D
:10CF0C00010001000100010001000100010048784E
:10CF1C0047784C780100000001004D000100010031
:10CF2C0001000100010001000100010001004A782C
:10CF3C0049780100225249780000010001000100EB
:10CF4C0000000000010000000000000001000100D2
:10CF5C0000004C784A784B7801000052035204527E
:10CF6C0001000100010001000100010001000100AD
:10CF7C00010001000100010001000100010001009D
:10CF8C00010001000100010001000100010001008D
:10CF9C000100010001000057010001000100427E68
:10CFAC00010001000100437E0100010001000100AD
:10CFBC00010001000100447E01000100010001009C
:10CFCC00010001000100010001000000010001004E
:10CFDC000100010001570100010001001370010064
:10CFEC00010001000100010001000100000001002E
:10CFFC000100010000000000010000000000000022
:10D00C00010001000000010001000100010001000D
:10D01C0001000100010001000100010001000100FC
:10D02C0001000100010001000100010001000100EC
:10D03C0001000100010001000100010001000100DC
:10D04C0001000100010001000100010001000100CC
:10D05C0001000100010001000100010001000100BC
:10D06C0001000100010001000100010001000100AC
:10D07C00010001000100010001000100010000009D
:10D08C00010001000100010001000100010001008C
:10D09C00010001000100010001000100010001007C
:10D0AC0000000100E200E3000000000001000000AD
:10D0BC0000000000E7000100000001000100010079
:10D0CC0001000052010001000100010001000100FB
:10D0DC00010001000100010001000100010001003C
:10D0EC000100010001000100010053005F0060001D
:10D0FC006100550001000100010001000100010068
:10D10C00010001000100010000005C005D005E00F8
:10D11C0056000100010001000100010001000100A6
:10D12C00010001000100000059005A005B0057008B
:10D13C0001000000010001000100010001000100DC
:10D14C00010001000000620063005400580001005F
:10D15C0001000100000001000100010000000000BE
:10D16C0001000000000000000100010000000100AF
:10D17C0001000100A900AA00BB00BC0001000100D5
:10D18C00010001000100010000000000000400404B
:10D19C000F0000000000000020000000FF001D1E1A
:10D1AC001F202A292827393A3B3C44434241100F7F
:10D1BC000E0D1718191A1B1C002878C800313129BC
:10D1CC005A1B750A00010101010101010101020252
:10D1DC000202020202020203030303030303030419
:10D1EC0004040404040405050505050606060606E4
:10D1FC00070707070708080808090909090A0A0A9E
:10D20C000B0B0B0C0C0C0D0D0D0E0E0E0F0F0F103F
:10D21C0010111111121213131414151516161717C9
:10D22C00181819191A1A1B1B1C1D1D1E1E1F202035
:10D23C00212222232424252626272829292A2B2C7F
:10D24C002D2D2E2F30313232333435363738393AA2
:10D25C003B3C3D3E3F404142434445464748494A9A
:10D26C004C4D4E4F50515354555658595A5B5D5E68
:10D27C005F616264656668696B6C6D6F7072737503
:10D28C0077787A7B7D7E8082838587888A8C8E8F67
:10D29C0091939596989A9C9EA0A2A3A5A7A9ABAD95
:10D2AC00AFB1B3B5B7BABCBEC0C2C4C6C9CBCDCF83
:10D2BC00D1D4D6D8DBDDDFE2E4E7E9EBEEF0F3F531
:10D2CC00F8FAFDFF63300065786974006B696C6C6B
:10D2DC0000000000D0D20008F81200200814002032
:10D2EC000000000099B50008F1A60008BDA60008D2
:10D2FC004000400010140020101400200100000019
:10D30C0008140020EDBF0008C5330008D5A10008A3
:10D31C000000000000080040010800400208004026
:10D32C0003080040060000400A0400400B040040C3
:10D33C000C0400400D0400400E0400400A000040A4
:10D34C000608004007080040080800400908004093
:10D35C0000000040010000400200004003000040BB
:10D36C00040000400D08004000FF0100010000FF18
:10D37C00FF0000010001FF00302F2E2D2C2B2A293D
:10D38C002827E200E900EA00B500B600B700CD009E
:10D39C008301CC008A019201940121022302240210
:10D3AC002502260227022A02B300B4006F00700087
:10D3BC009F01CB019F02A0020000000000000000B2
:10D3CC000000000000000000000000007E0F00D4F0
:10D3DC00FFFFFFC700000078000000000000000005
:10D3EC002A2B2800000000000000000000000000B4
:10D3FC0000000029000000002C1E342021222434BF
:10D40C002627252E362D3738271E1F202122232490
:10D41C0025263333362E37381F0405060708090A2C
:10D42C000B0C0D0E0F101112131415161718191AC8
:10D43C001B1C1D2F3130232D350405060708090A46
:10D44C000B0C0D0E0F101112131415161718191AA8
:10D45C001B1C1D2F3130354CA6FFFF7F0116070119
:10D46C0031302C261F170E040000F918FB301C4716
:10D47C00825A6D6A4176897D1514131211100F0EA4
:10D48C000D0C0B0A0908FF161718191A1B1C1D1E68
:10D49C001F202122230731302F2E2D2C2B2A292817
:10D4AC00272625240632333435363738393A3B3C77
:10D4BC003DFF3E054C4B4A49484746454443424193
:10D4CC00403FFF4D4E4FFFFF50FFFFFF0001FF029B
:10D4DC0003049040A040C040D040E040E026E01A59
:10D4EC00E00DD000C000B000A000900080007000E3
:10D4FC006000500040003000200010000000000DC3
:10D50C00100D200D300D400D500D600D700D800D67
:10D51C00900DA00DB00DC00DD00DD01AC01AB01AC0
:10D52C00A01A901A801A701A601A501A401A301ADF
:10D53C00201A101A001A0026102620263026402603
:10D54C0050266026702680269026A026B026C0265F
:10D55C00D033C033B033A033903380337033603367
:10D56C0050334033303320331033003300401040FD
:10D57C00204050400404040404040404040404047F
:10D58C00040404040404040404040404040404044F
:10D59C00040404040404040404040404040404043F
:10D5AC00040404040404040404040404040404042F
:10D5BC00040404040404040404040404040404041F
:10D5CC000404040404150C0B0A092308074D243E1B
:10D5DC004414331A0000010000000000E0DC0008D5
:10D5EC00503100205031002050310020E0DC000888
:10D5FC00000000000000000000000000E0DC00085B
:10D60C00000000000000000000000000E0DC00084A
:10D61C00000000000000000000000000E0DC00083A
:10D62C00000000000000000000000000E0DC00082A
:10D63C00000000000000000000000000E0DC00081A
:10D64C00000000000000000000000000E0DC00080A
:10D65C0000000000000000000000000001020000BB
:10D66C005245454E54206D616C6C6F63207375632D
:10D67C0063656564656400002E2E2F2E2E2F2E2ED2
:10D68C002F2E2E2F2E2E2F2E2E2F6E65776C69623D
:10D69C002F6C6962632F7374646C69622F72616E94
:10D6AC00642E63002C2066756E6374696F6E3A206D
:10D6BC0000000000617373657274696F6E2022251F
:10D6CC007322206661696C65643A2066696C65201A
:10D6DC00222573222C206C696E6520256425732508
:10D6EC00730A0000232D302B20000000686C4C00C6
:10D6FC00656667454647000030313233343536377E
:10D70C003839414243444546000000003031323341
:10D71C003435363738396162636465660000000061
:08D72C00B03DFF7F0100000089
:10D73400040C002000000000B0110020181200208A
:10D744008012002000000000000000000000000023
:10D7540000000000000000000000000000000000C5
:10D7640000000000000000000000000000000000B5
:10D7740000000000000000000000000000000000A5
:10D784000000000003000000B011002000000000B1
:10D794000000000000000000000000000000000085
:10D7A4000000000000000000000000000000000075
:10D7B4000000000000000000000000000000000065
:10D7C4000000000000000000000000000000000055
:10D7D4000000000020000000000000000000000025
:10D7E4000000000000000000000000000000000035
:10D7F4000000000000000000000000000000000025
:10D804000000000000000000000000000000000014
:10D814000000000000000000000000000000000004
:10D8240008000000000000000000000006000000E6
:10D8340000000000000000000000000000000000E4
:10D8440000000000000000000000000000000000D4
:10D8540000000000000000000000000000000000C4
:10D864000000000000000000000000002000000094
:10D8740000000000000000000400000000000000A0
:10D884000000000000000000000000000000000094
:10D894000000000000000000000000000000000084
:10D8A4000000000000000000000000000000000074
:10D8B4000000000000000000030000000000000061
:10D8C4000000000003000000000000000000000051
:10D8D4000000000000000000000000000000000044
:10D8E4000000000000000000000000000000000034
:10D8F4000000000000000000000000000000000024
:10D904000000000003000000000000000000000010
:10D914000200000000000000000000000000000001
:10D9240000000000000000000000000000000000F3
:10D9340000000000000000000000000000000000E3
:10D9440000000000000000000000000000000000D3
:10D95400060000005C0C0020A80C00200000000061
:10D9640000000000D80D00208C0D0020400D002088
:10D9740000000000F40C0020000000000000000083
:10D98400240E0020CDA70008ADA7000869A7000851
:10D9940095A30008B1A30008BDA30008280E002029
:10D9A400CDA70008ADA7000869A7000895A3000843
:10D9B400B1A30008BDA300082C0E00200DA8000888
:10D9C400E5A7000885A700080DA4000831A40008F5
:10D9D40049A40008E4000200B12400085200FF0337
:10D9E40000FF00FFFF003905292A0008010000009C
:10D9F4009533000841C300084BC3000855C3000811
:10DA04005FC3000869C300080000000000000000B4
:10DA14000000000000000000000000000000000002
:10DA240000000000000000000000000000000000F2
:10DA340000000000000000000000000000000000E2
:10DA44000300000000000000B1BE00080000000058
:10DA540020000000000000000000000002000000A0
:10DA640000000000000000000000000000000000B2
:10DA740000000000000000000000000000000000A2
:10DA84000000000000000000000000000000000092
:10DA9400C028002003000000040000002000000053
:10DAA400E41400200000000000000000880E0020A4
:10DAB4000000000000000000000000000000000062
:10DAC4000000000000000000000000000000000052
:10DAD4000000000000000000000000000000000042
:10DAE400000000000000000003000000000000002F
:10DAF400B1BE0008000000000800000000000000A3
:10DB0400000000000200000000000000000000000F
:10DB14000000000000000000000000000000000001
:10DB240000000000000000000000000000000000F1
:10DB34000000000000000000C028002001000000D8
:10DB44000400000008000000B414002000000000DD
:10DB5400000000006C0E0020000000000000000027
:10DB640000000000000000000000000000000000B1
:10DB740000000000000000000000000000000000A1
:10DB84000000000000000000000000000000000091
:10DB94000300000000000000B1BE00085DBF0008E3
:10DBA400200020000000000000000000020000002F
:10DBB4000000000000000000000000000000000061
:10DBC4000000000000000000000000000000000051
:10DBD4000000000000000000000000000100000040
:10DBE400C028002002000000040000002000000003
:10DBF400241400200000000000000000500E00204B
:10DC04000000000000000000000000000000000010
:10DC14000000000000000000000000000000000000
:10DC240000000000000000000000000000000000F0
:10DC340000000000000000000000000000000000E0
:10DC440000000000000000000000000000000000D0
:10DC540000000000000000000000000000000000C0
:10DC640000000000000000000000000000000000B0
:10DC7400C028002002000000040000002000000072
:10DC840074150020000000000000010004070100DA
:10DC9400001A16010000010001000000010000004C
:10DCA400000000003D4800080000000000000000E3
:10DCB40000000000000000005D48000800000000B3
:10DCC4000000000000000000000000002D470008D4
:0CDCD40011A1000800000000A40E0020B8
:04000005080001B935
:00000001FF
